{"type":"FeatureCollection","features":[{"type":"Feature","properties":{"Province":"Amnat Charoen","Suit_mean":0.7053,"Suit_max":0.7791,"Candidate_km2":0.0},"geometry":{"type":"Polygon","coordinates":[[[104.51113,15.55956],[104.5175,15.55981],[104.52461,15.55696],[104.52833,15.5529],[104.53397,15.55047],[104.54108,15.54747],[104.54515,15.54336],[104.55141,15.54314],[104.55404,15.54933],[104.55674,15.55509],[104.56301,15.55408],[104.57159,15.55907],[104.57732,15.56355],[104.58266,15.56463],[104.59081,15.56557],[104.5925,15.57185],[104.59095,15.57851],[104.58987,15.58541],[104.58599,15.59101],[104.58218,15.59689],[104.58092,15.60315],[104.58609,15.60747],[104.5937,15.6095],[104.60153,15.6117],[104.60937,15.61403],[104.61623,15.61669],[104.61928,15.62169],[104.61558,15.62774],[104.61587,15.63339],[104.62028,15.63843],[104.6261,15.64085],[104.63341,15.64175],[104.63953,15.64446],[104.63814,15.65173],[104.63372,15.6579],[104.62576,15.66055],[104.62009,15.66129],[104.61388,15.66316],[104.60919,15.66636],[104.60533,15.67032],[104.60594,15.67585],[104.61301,15.68141],[104.62061,15.68262],[104.63104,15.685],[104.63754,15.68407],[104.64494,15.68174],[104.65006,15.67532],[104.65801,15.67343],[104.66518,15.67224],[104.67103,15.67256],[104.67801,15.67121],[104.68472,15.66897],[104.69089,15.66407],[104.69568,15.65792],[104.70411,15.65588],[104.71153,15.65545],[104.71786,15.6567],[104.72409,15.65394],[104.7277,15.64988],[104.73273,15.64674],[104.73732,15.64973],[104.73749,15.65421],[104.74326,15.65545],[104.74429,15.65031],[104.74599,15.64319],[104.75157,15.64049],[104.75756,15.63692],[104.76165,15.63213],[104.76582,15.63409],[104.77203,15.63073],[104.77858,15.6269],[104.78201,15.62026],[104.78711,15.61786],[104.7904,15.61889],[104.7895,15.61084],[104.79014,15.60491],[104.79301,15.60034],[104.79598,15.59652],[104.80094,15.59157],[104.80598,15.59332],[104.80725,15.59626],[104.81065,15.60167],[104.81502,15.60201],[104.81885,15.5981],[104.81655,15.59486],[104.82013,15.59003],[104.82485,15.5864],[104.83134,15.58433],[104.8338,15.58519],[104.83314,15.59085],[104.83877,15.58976],[104.84098,15.58483],[104.84092,15.57968],[104.84558,15.58249],[104.84811,15.57804],[104.84967,15.57279],[104.8523,15.57463],[104.85413,15.57813],[104.85948,15.5758],[104.85966,15.58085],[104.86351,15.58369],[104.86604,15.57781],[104.86873,15.57301],[104.87165,15.56742],[104.87757,15.56352],[104.87772,15.55915],[104.87174,15.55889],[104.86735,15.55643],[104.8681,15.55181],[104.87003,15.54724],[104.87553,15.5455],[104.87367,15.54006],[104.87575,15.53609],[104.88137,15.5352],[104.8845,15.5395],[104.8854,15.54572],[104.89179,15.54567],[104.89176,15.55062],[104.89298,15.55634],[104.89716,15.55984],[104.89534,15.56446],[104.89123,15.56858],[104.88953,15.57317],[104.8963,15.57822],[104.89951,15.58416],[104.90486,15.58891],[104.91043,15.59258],[104.91573,15.59336],[104.9203,15.59721],[104.92742,15.59848],[104.92909,15.60298],[104.92851,15.60832],[104.93093,15.61498],[104.93179,15.62078],[104.93299,15.62786],[104.93355,15.63495],[104.93608,15.63902],[104.92927,15.64162],[104.92272,15.6434],[104.91535,15.64534],[104.90735,15.64755],[104.90119,15.65116],[104.90137,15.6573],[104.90141,15.66311],[104.89991,15.66954],[104.89898,15.67649],[104.89938,15.68681],[104.90322,15.69346],[104.90364,15.70034],[104.90334,15.70598],[104.90425,15.7119],[104.90704,15.71776],[104.91027,15.72353],[104.91182,15.72929],[104.9113,15.73464],[104.90958,15.73982],[104.90873,15.74502],[104.91108,15.7519],[104.92167,15.75961],[104.94112,15.76978],[104.94765,15.77369],[104.95445,15.77898],[104.95907,15.78407],[104.96311,15.7912],[104.96607,15.79976],[104.96781,15.80752],[104.96784,15.81648],[104.96639,15.83681],[104.96623,15.84648],[104.96688,15.85375],[104.9685,15.86189],[104.9722,15.87064],[104.9766,15.87745],[104.97962,15.88337],[104.98047,15.8896],[104.98025,15.89576],[104.98196,15.90357],[104.98602,15.90842],[104.9866,15.91323],[104.97849,15.91233],[104.97329,15.91562],[104.97494,15.92652],[104.97953,15.93189],[104.98373,15.93577],[104.98885,15.94106],[104.99505,15.94352],[105.00185,15.94647],[105.00774,15.95068],[105.01197,15.95705],[105.01382,15.96365],[105.0117,15.97352],[105.00981,15.98036],[105.00705,15.98699],[105.00808,15.99175],[105.01275,15.99826],[105.01263,16.00427],[105.01074,16.01085],[105.00759,16.01822],[105.00997,16.028],[105.01425,16.03199],[105.01825,16.03644],[105.02244,16.04172],[105.02653,16.04733],[105.02937,16.05204],[105.03128,16.05702],[105.03246,16.06256],[105.03438,16.06956],[105.0389,16.07351],[105.03956,16.07955],[105.04086,16.08548],[105.04734,16.09037],[105.05502,16.09203],[105.06323,16.09316],[105.04119,16.10958],[104.99527,16.26325],[104.97829,16.27274],[104.97106,16.27775],[104.96498,16.2793],[104.9637,16.27275],[104.96092,16.26473],[104.95477,16.26014],[104.94944,16.25821],[104.94379,16.25565],[104.9384,16.25184],[104.9317,16.24859],[104.92288,16.24932],[104.91515,16.2465],[104.90868,16.24088],[104.90338,16.23684],[104.89605,16.2335],[104.89036,16.22971],[104.88634,16.22373],[104.88582,16.21573],[104.88533,16.20945],[104.87998,16.20475],[104.87148,16.20321],[104.86481,16.19932],[104.8582,16.19723],[104.85152,16.19939],[104.84389,16.19829],[104.83792,16.19126],[104.83026,16.18822],[104.82472,16.18714],[104.8187,16.18445],[104.81192,16.18407],[104.80636,16.18741],[104.80013,16.19381],[104.79528,16.19777],[104.7885,16.19817],[104.78174,16.1943],[104.77429,16.19295],[104.76841,16.18477],[104.77264,16.17843],[104.77686,16.17477],[104.78391,16.17061],[104.78712,16.16422],[104.79234,16.15704],[104.7993,16.1563],[104.80655,16.1591],[104.81303,16.1572],[104.82076,16.15663],[104.82665,16.15355],[104.82693,16.14634],[104.82588,16.14067],[104.82307,16.13306],[104.81953,16.12494],[104.81974,16.11879],[104.81958,16.11228],[104.81711,16.10363],[104.81775,16.09841],[104.81577,16.0923],[104.8102,16.0909],[104.80248,16.09155],[104.79647,16.0938],[104.79027,16.09681],[104.78374,16.09887],[104.77701,16.09742],[104.77026,16.09462],[104.76008,16.09348],[104.75173,16.09451],[104.74319,16.09503],[104.73557,16.09445],[104.7282,16.09433],[104.72319,16.09699],[104.71707,16.1013],[104.70984,16.10438],[104.70264,16.10625],[104.69559,16.10815],[104.6887,16.10894],[104.68299,16.10928],[104.6761,16.11203],[104.66964,16.11445],[104.6639,16.11524],[104.65793,16.11586],[104.65173,16.11607],[104.64472,16.11507],[104.63769,16.11427],[104.63148,16.11351],[104.62639,16.11096],[104.62137,16.10801],[104.61529,16.10568],[104.60793,16.1039],[104.60019,16.10266],[104.59231,16.10126],[104.58561,16.10025],[104.57727,16.09985],[104.57133,16.10001],[104.56442,16.09644],[104.56177,16.09057],[104.55978,16.08549],[104.55826,16.08015],[104.55647,16.07526],[104.55322,16.07052],[104.54816,16.06523],[104.54139,16.05888],[104.53004,16.03208],[104.52821,16.0064],[104.53356,15.9981],[104.531,15.99458],[104.52734,15.98994],[104.52486,15.98445],[104.51902,15.98081],[104.51077,15.97996],[104.50653,15.97524],[104.50706,15.96675],[104.50743,15.96162],[104.50591,15.95708],[104.50699,15.95129],[104.50364,15.94748],[104.5005,15.9433],[104.497,15.93888],[104.49154,15.93819],[104.48921,15.93163],[104.48417,15.9307],[104.48165,15.92433],[104.47679,15.91915],[104.47157,15.91489],[104.46829,15.90876],[104.47169,15.90441],[104.4699,15.89859],[104.46307,15.8984],[104.45684,15.89772],[104.45976,15.89389],[104.46131,15.88903],[104.45866,15.8831],[104.45579,15.87736],[104.45904,15.8724],[104.45399,15.86741],[104.45248,15.86124],[104.45841,15.85753],[104.4596,15.85149],[104.46204,15.84546],[104.46318,15.83975],[104.45748,15.83625],[104.4522,15.83074],[104.45067,15.82564],[104.44918,15.81925],[104.44576,15.8145],[104.44221,15.8103],[104.44004,15.8063],[104.44296,15.80118],[104.43954,15.79594],[104.43562,15.79122],[104.43429,15.78499],[104.43177,15.77456],[104.42869,15.76949],[104.43247,15.76561],[104.43389,15.75918],[104.43565,15.75383],[104.43076,15.74953],[104.42463,15.74733],[104.4229,15.74256],[104.42628,15.73758],[104.43163,15.73527],[104.4314,15.7291],[104.42892,15.72349],[104.42952,15.71872],[104.4277,15.71286],[104.42594,15.70728],[104.42288,15.70199],[104.42532,15.69583],[104.43105,15.69696],[104.43874,15.69826],[104.44257,15.69413],[104.44149,15.68883],[104.43946,15.68396],[104.44489,15.68283],[104.44537,15.67716],[104.44534,15.6723],[104.44418,15.66735],[104.43955,15.66381],[104.44327,15.65956],[104.44746,15.65552],[104.44728,15.64958],[104.44212,15.64711],[104.44206,15.64385],[104.44364,15.63806],[104.44919,15.63506],[104.44824,15.62993],[104.44527,15.62295],[104.44094,15.6178],[104.44589,15.61732],[104.45176,15.6161],[104.45742,15.61941],[104.46211,15.62265],[104.46642,15.62555],[104.46904,15.62036],[104.46803,15.61436],[104.46477,15.60863],[104.46581,15.60318],[104.46835,15.5984],[104.46369,15.59353],[104.46128,15.59043],[104.46553,15.58646],[104.47169,15.58541],[104.47746,15.58547],[104.48268,15.58319],[104.48469,15.58566],[104.48769,15.58948],[104.49256,15.59005],[104.49448,15.58318],[104.49885,15.58711],[104.50663,15.58528],[104.50875,15.57749],[104.51182,15.57111],[104.51172,15.56538],[104.51113,15.55956]]]}},{"type":"Feature","properties":{"Province":"Ubon Ratchathani","Suit_mean":0.6543,"Suit_max":0.9621,"Candidate_km2":0.0},"geometry":{"type":"Polygon","coordinates":[[[104.91236,14.39585],[105.00084,14.36613],[104.99638,14.31324],[105.02596,14.25069],[105.13751,14.22685],[105.17554,14.32934],[105.22339,14.33182],[105.26905,14.3552],[105.31877,14.3867],[105.39361,14.40269],[105.45915,14.45418],[105.52359,14.53593],[105.54372,14.58135],[105.52204,14.6651],[105.54552,14.72982],[105.53938,14.80635],[105.56733,14.87841],[105.55778,14.94385],[105.62758,14.97848],[105.5552,15.06159],[105.47866,15.15246],[105.54497,15.24662],[105.58152,15.31862],[105.46813,15.33693],[105.59102,15.42688],[105.61814,15.5621],[105.61203,15.68966],[105.53122,15.74939],[105.45651,15.74679],[105.37967,15.84273],[105.38094,15.98916],[105.31933,16.02972],[105.08622,16.08615],[105.05816,16.09248],[105.04734,16.09037],[105.04013,16.08301],[105.03919,16.07529],[105.03379,16.06831],[105.03176,16.05906],[105.02937,16.05204],[105.02454,16.04452],[105.01905,16.03737],[105.01347,16.0312],[105.00725,16.02243],[105.01074,16.01085],[105.01292,16.00203],[105.0089,15.99268],[105.00779,15.98594],[105.01084,15.97624],[105.01382,15.96365],[105.01055,15.95457],[105.00288,15.94695],[104.99366,15.94297],[104.98524,15.93782],[104.97953,15.93189],[104.97407,15.92257],[104.97688,15.91228],[104.98784,15.91285],[104.98332,15.90552],[104.98025,15.89576],[104.98037,15.88697],[104.97739,15.87868],[104.97133,15.869],[104.96732,15.85682],[104.96623,15.84648],[104.96698,15.82834],[104.96795,15.80899],[104.96554,15.79807],[104.96077,15.78661],[104.95445,15.77898],[104.94476,15.77179],[104.92786,15.76304],[104.91035,15.75101],[104.90906,15.74184],[104.9113,15.73464],[104.9115,15.727],[104.90771,15.71892],[104.90392,15.71069],[104.90346,15.70263],[104.90322,15.69346],[104.89878,15.68255],[104.89952,15.67116],[104.90159,15.66183],[104.9009,15.65395],[104.90735,15.64755],[104.9185,15.64464],[104.92761,15.64193],[104.9366,15.63803],[104.93344,15.63039],[104.93179,15.62078],[104.92894,15.61338],[104.92857,15.60397],[104.92608,15.59845],[104.9175,15.59465],[104.91043,15.59258],[104.9024,15.58786],[104.89696,15.57926],[104.8887,15.57221],[104.8932,15.56581],[104.89716,15.55984],[104.89289,15.55399],[104.89276,15.54605],[104.88464,15.54491],[104.88351,15.53546],[104.87575,15.53609],[104.875,15.54209],[104.87147,15.54731],[104.86785,15.55292],[104.86941,15.55913],[104.87772,15.55915],[104.87463,15.5649],[104.86929,15.57203],[104.866,15.57928],[104.86029,15.58312],[104.85948,15.5758],[104.85215,15.57795],[104.85086,15.57216],[104.84832,15.57932],[104.84303,15.58023],[104.84098,15.58483],[104.83628,15.58986],[104.83269,15.58626],[104.83046,15.58488],[104.82263,15.589],[104.81655,15.59486],[104.8169,15.5994],[104.81219,15.6028],[104.806,15.59617],[104.80392,15.59126],[104.79598,15.59652],[104.79078,15.60174],[104.78963,15.6095],[104.78998,15.62004],[104.78364,15.61787],[104.77858,15.6269],[104.77042,15.63231],[104.76269,15.63185],[104.75664,15.638],[104.7478,15.64073],[104.74429,15.65031],[104.74122,15.65565],[104.73689,15.65087],[104.73166,15.64665],[104.72525,15.65181],[104.71786,15.6567],[104.70878,15.65585],[104.69711,15.65682],[104.68964,15.66563],[104.68074,15.66988],[104.67103,15.67256],[104.66227,15.67305],[104.65171,15.67432],[104.64354,15.68236],[104.63342,15.68483],[104.62061,15.68262],[104.60997,15.67933],[104.60422,15.67172],[104.60992,15.66563],[104.61758,15.66188],[104.62576,15.66055],[104.63538,15.65612],[104.64002,15.64598],[104.63201,15.64157],[104.6223,15.63974],[104.61587,15.63339],[104.61679,15.62585],[104.6172,15.61746],[104.60781,15.6136],[104.59679,15.61036],[104.58609,15.60747],[104.58097,15.60068],[104.58517,15.59213],[104.59029,15.58388],[104.59196,15.57421],[104.59081,15.56557],[104.58051,15.56435],[104.57294,15.56086],[104.56192,15.55421],[104.55489,15.55161],[104.55141,15.54314],[104.5437,15.54483],[104.5352,15.55065],[104.52783,15.5539],[104.52064,15.55825],[104.51113,15.55956],[104.50232,15.5546],[104.49485,15.552],[104.48848,15.54587],[104.48779,15.53788],[104.47791,15.53714],[104.46993,15.53778],[104.46139,15.53916],[104.44814,15.53991],[104.42297,15.533],[104.41225,15.53136],[104.40188,15.53224],[104.39308,15.53258],[104.38973,15.5243],[104.38859,15.51492],[104.38801,15.5065],[104.38981,15.49793],[104.3913,15.48903],[104.39221,15.47706],[104.38911,15.46812],[104.38394,15.46202],[104.38086,15.45443],[104.38375,15.4467],[104.38813,15.43929],[104.38922,15.43051],[104.39052,15.4198],[104.39281,15.41098],[104.39165,15.40278],[104.38447,15.3955],[104.38785,15.38837],[104.39729,15.38526],[104.40764,15.38677],[104.41382,15.37933],[104.41715,15.36871],[104.42091,15.36044],[104.42334,15.35109],[104.42405,15.34216],[104.42177,15.33372],[104.41968,15.32449],[104.41784,15.31475],[104.41704,15.30546],[104.41689,15.29367],[104.42709,15.28278],[104.43931,15.27937],[104.45241,15.27568],[104.45944,15.27027],[104.46667,15.26459],[104.49749,15.26664],[104.50628,15.26669],[104.51458,15.25991],[104.52346,15.25408],[104.53236,15.25123],[104.54151,15.24995],[104.55076,15.25085],[104.55985,15.24839],[104.56681,15.2424],[104.5761,15.24378],[104.58412,15.24759],[104.58221,15.25312],[104.58315,15.25693],[104.5896,15.26195],[104.59654,15.26534],[104.60545,15.26861],[104.61015,15.27127],[104.611,15.26333],[104.61534,15.25592],[104.62566,15.25715],[104.63261,15.26049],[104.63912,15.25544],[104.6467,15.25505],[104.64758,15.24692],[104.64863,15.23809],[104.65721,15.23835],[104.66397,15.23106],[104.66723,15.23543],[104.65845,15.24051],[104.65711,15.24627],[104.66019,15.25285],[104.6648,15.25612],[104.67218,15.24919],[104.67717,15.24029],[104.68169,15.23336],[104.68228,15.22458],[104.68972,15.22232],[104.69775,15.22033],[104.68896,15.21751],[104.68347,15.21229],[104.69093,15.20735],[104.68567,15.20318],[104.68516,15.19773],[104.69343,15.20035],[104.70276,15.19943],[104.70267,15.19324],[104.70367,15.18569],[104.71258,15.19188],[104.71963,15.19056],[104.71915,15.18209],[104.70822,15.17906],[104.70063,15.17036],[104.69973,15.15944],[104.70849,15.15697],[104.71628,15.16313],[104.72425,15.1688],[104.73392,15.16781],[104.7383,15.15823],[104.72968,15.15083],[104.72243,15.14358],[104.71354,15.13599],[104.70906,15.12963],[104.69982,15.1266],[104.6907,15.12591],[104.68368,15.11729],[104.68178,15.10912],[104.67565,15.10322],[104.67239,15.09458],[104.67993,15.09191],[104.68764,15.09959],[104.69037,15.09389],[104.68286,15.08812],[104.68216,15.08139],[104.69004,15.08336],[104.6941,15.07806],[104.68914,15.06943],[104.69192,15.05972],[104.68943,15.05198],[104.6841,15.04628],[104.69024,15.04197],[104.68592,15.03552],[104.67725,15.04006],[104.67528,15.0328],[104.67637,15.02738],[104.67507,15.01921],[104.68097,15.01312],[104.68585,15.007],[104.68824,14.99965],[104.68768,14.99167],[104.68603,14.98295],[104.68533,14.97363],[104.687,14.96458],[104.69045,14.9554],[104.69565,14.9464],[104.7018,14.93925],[104.70772,14.93234],[104.71363,14.92685],[104.7245,14.92214],[104.7338,14.92037],[104.74522,14.92005],[104.75245,14.91812],[104.75943,14.91584],[104.76672,14.91315],[104.77489,14.90967],[104.782,14.90553],[104.78934,14.90068],[104.79594,14.89627],[104.80282,14.88991],[104.80982,14.87974],[104.81316,14.87053],[104.81497,14.8618],[104.81863,14.85334],[104.82266,14.84183],[104.82138,14.83138],[104.81192,14.83071],[104.80826,14.82219],[104.806,14.81467],[104.80662,14.8037],[104.81098,14.79359],[104.81886,14.78505],[104.82449,14.76527],[104.82924,14.75463],[104.83337,14.74532],[104.83764,14.73626],[104.84103,14.72777],[104.84402,14.71986],[104.85533,14.71047],[104.86693,14.70646],[104.87597,14.70403],[104.87872,14.69595],[104.88114,14.68835],[104.88457,14.67943],[104.89033,14.66983],[104.89756,14.66181],[104.9068,14.6542],[104.90437,14.64407],[104.89398,14.6457],[104.88795,14.65303],[104.87902,14.65806],[104.86817,14.65986],[104.85947,14.65701],[104.85293,14.65239],[104.84724,14.64473],[104.84564,14.6369],[104.84064,14.63226],[104.84014,14.62321],[104.8397,14.6149],[104.83283,14.60973],[104.82823,14.59983],[104.82967,14.5879],[104.8313,14.57731],[104.82731,14.5712],[104.82404,14.56459],[104.82449,14.55671],[104.82162,14.54847],[104.82429,14.53864],[104.82979,14.53099],[104.83557,14.52474],[104.84397,14.51702],[104.85046,14.51166],[104.85628,14.50541],[104.86083,14.49924],[104.86353,14.49032],[104.86363,14.47999],[104.86302,14.47129],[104.85646,14.46446],[104.8503,14.4576],[104.84441,14.45088],[104.83529,14.4445],[104.83613,14.43392],[104.84125,14.42527],[104.84947,14.42375],[104.85861,14.42556],[104.86757,14.4277],[104.87588,14.4273],[104.88331,14.42711],[104.89306,14.42212],[104.90022,14.41634],[104.90981,14.4086],[104.91236,14.39585]]]}},{"type":"Feature","properties":{"Province":"Udon Thani","Suit_mean":0.7113,"Suit_max":0.9272,"Candidate_km2":0.0},"geometry":{"type":"Polygon","coordinates":[[[102.05933,18.08011],[102.05832,18.06163],[102.05697,18.04525],[102.05302,18.02871],[102.04192,18.01433],[102.04201,17.99829],[102.04042,17.98715],[102.02487,17.98215],[102.03063,17.96776],[102.03039,17.95062],[102.03472,17.93273],[102.03932,17.91577],[102.04422,17.89973],[102.04484,17.88396],[102.05422,17.8672],[102.05352,17.8514],[102.05372,17.82912],[102.04913,17.81361],[102.04443,17.79518],[102.04372,17.78135],[102.03303,17.77164],[102.02684,17.75343],[102.02332,17.73775],[102.02672,17.72187],[102.02953,17.70587],[102.03172,17.6898],[102.03272,17.67313],[102.03693,17.65639],[102.05103,17.64706],[102.06802,17.64768],[102.08496,17.64097],[102.09642,17.63725],[102.11132,17.63901],[102.12679,17.63105],[102.13942,17.64476],[102.14952,17.65726],[102.16793,17.66159],[102.18417,17.6634],[102.20093,17.66052],[102.21943,17.65797],[102.23573,17.65439],[102.2519,17.65143],[102.26779,17.66064],[102.28401,17.66799],[102.30323,17.66728],[102.32356,17.67375],[102.3249,17.65629],[102.32561,17.63859],[102.32813,17.62107],[102.32963,17.60462],[102.33215,17.58682],[102.33619,17.57011],[102.33578,17.55348],[102.34348,17.53804],[102.35285,17.52368],[102.36413,17.50547],[102.37293,17.48927],[102.38013,17.47172],[102.3859,17.45215],[102.39403,17.43181],[102.39583,17.41091],[102.3903,17.39461],[102.38513,17.37765],[102.40343,17.37498],[102.42003,17.37185],[102.43133,17.35813],[102.4388,17.34122],[102.44202,17.32202],[102.44278,17.30564],[102.44235,17.28836],[102.45329,17.27735],[102.47156,17.27639],[102.49103,17.27833],[102.50742,17.27783],[102.52543,17.27545],[102.54676,17.27171],[102.56473,17.26848],[102.5823,17.26674],[102.598,17.2589],[102.58805,17.23841],[102.57433,17.22967],[102.55884,17.22024],[102.54107,17.21332],[102.52133,17.20955],[102.50243,17.2076],[102.47756,17.20116],[102.48323,17.18272],[102.49303,17.16654],[102.50508,17.14876],[102.51093,17.12741],[102.51664,17.11227],[102.52372,17.0975],[102.53135,17.08212],[102.54703,17.06071],[102.5824,17.03535],[102.59823,17.02824],[102.61929,17.01745],[102.63553,17.00678],[102.65171,16.998],[102.67163,16.99083],[102.68143,17.00489],[102.68163,17.02077],[102.68233,17.03706],[102.68607,17.05314],[102.69916,17.06618],[102.70473,17.08516],[102.71713,17.07047],[102.72003,17.05317],[102.73513,17.04424],[102.75152,17.03757],[102.76453,17.02555],[102.77953,17.0184],[102.79203,17.00976],[102.80092,16.99553],[102.81068,16.9827],[102.82426,16.97248],[102.81954,16.96297],[102.80981,16.94959],[102.82343,16.93444],[102.81613,16.92033],[102.81543,16.9027],[102.81712,16.88383],[102.82493,16.8678],[102.83555,16.86482],[102.85109,16.87183],[102.86585,16.87699],[102.87897,16.87164],[102.89182,16.864],[102.90634,16.85346],[102.92911,16.83787],[102.95021,16.83684],[102.96695,16.84336],[102.98284,16.8497],[103.00174,16.86092],[103.01909,16.86757],[103.03747,16.87934],[103.05744,16.88506],[103.07218,16.89549],[103.08984,16.8968],[103.10106,16.91371],[103.10353,16.93021],[103.11523,16.94345],[103.11846,16.95733],[103.13868,16.9524],[103.15772,16.94579],[103.17699,16.95065],[103.19129,16.94679],[103.20414,16.95353],[103.21951,16.9569],[103.23391,16.95678],[103.25244,16.95245],[103.26511,16.94334],[103.28179,16.93516],[103.29573,16.92244],[103.31509,16.91991],[103.33343,16.92102],[103.3511,16.91743],[103.36517,16.90819],[103.38116,16.90269],[103.39586,16.88978],[103.40672,16.87892],[103.41395,16.8639],[103.40814,16.84972],[103.41674,16.83486],[103.42634,16.82057],[103.41443,16.80759],[103.42728,16.80176],[103.44173,16.81619],[103.45016,16.82949],[103.44631,16.8466],[103.45727,16.86336],[103.47241,16.87533],[103.47951,16.88937],[103.48838,16.90085],[103.4911,16.91604],[103.48826,16.93141],[103.49261,16.94527],[103.49677,16.96069],[103.50198,16.97652],[103.51319,16.98758],[103.5219,17.00518],[103.51977,17.02255],[103.51654,17.03629],[103.5154,17.04592],[103.52508,17.05528],[103.54008,17.06428],[103.5477,17.07653],[103.56059,17.0837],[103.57442,17.08852],[103.58608,17.09774],[103.60316,17.09407],[103.61375,17.09352],[103.62923,17.08163],[103.64204,17.0669],[103.64871,17.05132],[103.65666,17.03588],[103.65553,17.01833],[103.66376,17.02492],[103.66546,17.04177],[103.66602,17.05939],[103.6615,17.07752],[103.67063,17.09663],[103.66226,17.10953],[103.64114,17.1103],[103.63594,17.12913],[103.62583,17.14465],[103.6128,17.15537],[103.60168,17.16668],[103.58932,17.1617],[103.57395,17.15625],[103.56014,17.16632],[103.5417,17.17675],[103.52718,17.18755],[103.51143,17.1974],[103.49512,17.20797],[103.47987,17.21774],[103.47003,17.21934],[103.454,17.21513],[103.43561,17.2129],[103.42006,17.21062],[103.3996,17.22205],[103.38128,17.23037],[103.36301,17.23633],[103.35652,17.24973],[103.33669,17.25203],[103.3221,17.26027],[103.30565,17.26426],[103.28766,17.26223],[103.27563,17.27766],[103.26459,17.293],[103.25704,17.30985],[103.26636,17.32388],[103.27594,17.3355],[103.28097,17.3514],[103.2915,17.36811],[103.30233,17.38422],[103.29575,17.3999],[103.28517,17.41324],[103.28026,17.42944],[103.28206,17.44481],[103.29161,17.46038],[103.29124,17.47784],[103.29191,17.49399],[103.30547,17.50619],[103.31976,17.51874],[103.32308,17.53818],[103.33304,17.547],[103.34104,17.56066],[103.3498,17.57795],[103.3652,17.58454],[103.37768,17.57568],[103.383,17.58783],[103.40033,17.58965],[103.41624,17.59202],[103.40261,17.60617],[103.40357,17.62606],[103.4031,17.64455],[103.40827,17.66024],[103.40563,17.68283],[103.4074,17.70174],[103.41009,17.72061],[103.41066,17.73553],[103.40492,17.75129],[103.38786,17.74974],[103.38148,17.76376],[103.37232,17.77796],[103.37741,17.78853],[103.38102,17.80486],[103.38795,17.8188],[103.38496,17.83571],[103.39918,17.83345],[103.41046,17.83173],[103.41441,17.83792],[103.39918,17.84336],[103.40644,17.85281],[103.40473,17.87265],[103.38659,17.8768],[103.36778,17.87624],[103.3484,17.86998],[103.34076,17.85471],[103.31672,17.83925],[103.30297,17.8259],[103.28467,17.8313],[103.27235,17.83905],[103.26589,17.85799],[103.24866,17.86233],[103.22956,17.86935],[103.21176,17.86667],[103.1936,17.86181],[103.17963,17.84992],[103.17422,17.83408],[103.17104,17.8163],[103.16261,17.8014],[103.14576,17.80282],[103.13677,17.81091],[103.13223,17.82202],[103.12981,17.83573],[103.11941,17.84657],[103.11057,17.85576],[103.10311,17.85924],[103.09341,17.86374],[103.07787,17.87436],[103.06097,17.87225],[103.04692,17.8837],[103.04266,17.87654],[103.02727,17.87094],[103.01369,17.86315],[103.00413,17.85178],[102.99436,17.83833],[102.9837,17.82408],[102.96655,17.82045],[102.95989,17.83666],[102.95432,17.85181],[102.94337,17.8648],[102.93363,17.8815],[102.91923,17.88557],[102.9026,17.88453],[102.88727,17.89308],[102.87393,17.88174],[102.87643,17.86335],[102.86985,17.85012],[102.86349,17.83916],[102.84837,17.8304],[102.84297,17.81991],[102.83939,17.80672],[102.83293,17.80372],[102.84389,17.79402],[102.85127,17.78129],[102.85086,17.77331],[102.85347,17.76045],[102.85279,17.7474],[102.84879,17.73409],[102.8473,17.71872],[102.83746,17.70242],[102.82942,17.68697],[102.81065,17.68006],[102.79257,17.67912],[102.78148,17.66597],[102.7782,17.64856],[102.76628,17.63937],[102.76743,17.62235],[102.7528,17.61798],[102.74079,17.6117],[102.72599,17.601],[102.70719,17.60848],[102.69261,17.61046],[102.67586,17.60095],[102.65676,17.59199],[102.64831,17.60797],[102.62952,17.61434],[102.61349,17.61902],[102.59865,17.61985],[102.60384,17.63711],[102.6021,17.65206],[102.59292,17.67088],[102.58963,17.68641],[102.58566,17.70214],[102.57061,17.71592],[102.55258,17.72994],[102.54133,17.7439],[102.52745,17.75682],[102.50789,17.75304],[102.4892,17.75023],[102.47169,17.74945],[102.45654,17.7578],[102.45183,17.77442],[102.4366,17.78637],[102.43659,17.80075],[102.44366,17.81635],[102.42607,17.8202],[102.41321,17.8318],[102.403,17.84258],[102.40105,17.85949],[102.39935,17.87715],[102.38939,17.89161],[102.37307,17.90028],[102.36729,17.9127],[102.35114,17.92074],[102.33793,17.93149],[102.32807,17.94519],[102.31077,17.96162],[102.29926,17.97339],[102.28671,17.98768],[102.27316,17.97898],[102.256,17.98642],[102.24338,17.99872],[102.22414,18.00344],[102.20748,18.00603],[102.20249,18.01575],[102.18707,18.0099],[102.1729,18.00659],[102.16569,17.99026],[102.15113,17.99272],[102.14474,18.00857],[102.14775,18.02534],[102.12946,18.0303],[102.11356,18.02403],[102.11442,18.03827],[102.11283,18.05531],[102.09522,18.05452],[102.07819,18.0637],[102.06531,18.07725],[102.05933,18.08011]]]}},{"type":"Feature","properties":{"Province":"Chaiyaphum","Suit_mean":0.6626,"Suit_max":0.9544,"Candidate_km2":0.0},"geometry":{"type":"Polygon","coordinates":[[[101.32182,15.78281],[101.33292,15.77846],[101.33748,15.76871],[101.34309,15.75598],[101.34362,15.74455],[101.35642,15.74232],[101.36842,15.73611],[101.38132,15.73095],[101.39202,15.73745],[101.40602,15.7353],[101.40743,15.7252],[101.40443,15.71107],[101.40292,15.69992],[101.40083,15.68784],[101.39782,15.67406],[101.39552,15.66145],[101.39218,15.6494],[101.38837,15.63633],[101.38542,15.62374],[101.38203,15.6123],[101.37882,15.60185],[101.37577,15.58871],[101.37442,15.5751],[101.37542,15.56174],[101.37662,15.54999],[101.37732,15.53665],[101.37812,15.52363],[101.38152,15.51152],[101.38562,15.49886],[101.38842,15.48701],[101.38992,15.47346],[101.38812,15.46049],[101.38542,15.44923],[101.38252,15.43748],[101.38132,15.42606],[101.38113,15.4141],[101.38113,15.40134],[101.38213,15.38827],[101.38162,15.37702],[101.38152,15.3655],[101.38613,15.35318],[101.39222,15.34225],[101.38542,15.33063],[101.39273,15.31996],[101.40463,15.31508],[101.41503,15.30989],[101.41792,15.3202],[101.42542,15.32973],[101.42922,15.3411],[101.43662,15.35046],[101.45142,15.34975],[101.46513,15.34917],[101.47822,15.34682],[101.49162,15.34581],[101.50102,15.35359],[101.51232,15.35951],[101.52212,15.36662],[101.53333,15.3698],[101.54602,15.37134],[101.56123,15.3702],[101.57352,15.36825],[101.58962,15.36937],[101.60332,15.37142],[101.61462,15.36355],[101.62722,15.36075],[101.63552,15.36959],[101.64172,15.38158],[101.64993,15.39085],[101.66222,15.39349],[101.67392,15.3941],[101.68433,15.38763],[101.69802,15.38671],[101.71133,15.38744],[101.72442,15.38334],[101.73563,15.37769],[101.75112,15.37672],[101.76362,15.37439],[101.77732,15.37725],[101.78772,15.38371],[101.79432,15.39403],[101.79982,15.40452],[101.80252,15.41652],[101.81152,15.4275],[101.82092,15.4172],[101.83262,15.41087],[101.84582,15.41214],[101.85572,15.40516],[101.86612,15.39933],[101.87882,15.39084],[101.88812,15.39365],[101.90012,15.39647],[101.90833,15.40792],[101.91712,15.41668],[101.92202,15.42919],[101.93382,15.43433],[101.93472,15.446],[101.94292,15.45181],[101.95642,15.44933],[101.96932,15.44984],[101.98343,15.45613],[101.99684,15.46021],[102.00953,15.45706],[102.02643,15.45973],[102.03723,15.46644],[102.03962,15.47779],[102.03923,15.49429],[102.04463,15.50575],[102.04813,15.51786],[102.04633,15.53046],[102.04383,15.54312],[102.04853,15.55398],[102.05923,15.56635],[102.06703,15.5786],[102.07144,15.58953],[102.07833,15.59924],[102.08043,15.61096],[102.08303,15.62061],[102.09063,15.62097],[102.09283,15.62964],[102.10113,15.63061],[102.10603,15.6324],[102.11123,15.63813],[102.11933,15.64043],[102.12653,15.64621],[102.13173,15.6481],[102.13013,15.65928],[102.13353,15.66717],[102.14413,15.67115],[102.14983,15.68208],[102.14933,15.69462],[102.15113,15.70438],[102.15643,15.71392],[102.16393,15.72294],[102.16163,15.73287],[102.16963,15.73656],[102.17693,15.74063],[102.19053,15.7428],[102.19603,15.73691],[102.20803,15.7413],[102.20843,15.75082],[102.21923,15.74929],[102.22873,15.74404],[102.23833,15.74082],[102.24993,15.74657],[102.25803,15.75259],[102.25714,15.76278],[102.26153,15.77343],[102.27123,15.77986],[102.28443,15.7808],[102.29763,15.78415],[102.31003,15.7903],[102.31683,15.80234],[102.32783,15.8007],[102.33123,15.80958],[102.32693,15.8219],[102.32793,15.8324],[102.32203,15.84279],[102.32463,15.8541],[102.33023,15.86588],[102.34203,15.87266],[102.34693,15.88387],[102.35403,15.89319],[102.35903,15.90643],[102.36373,15.9159],[102.36233,15.92688],[102.36943,15.93521],[102.37713,15.94309],[102.37273,15.95427],[102.37673,15.96559],[102.38343,15.97557],[102.38843,15.98418],[102.38263,15.9947],[102.36983,15.99818],[102.35823,16.00258],[102.35343,16.0148],[102.34833,16.02654],[102.33833,16.03357],[102.32663,16.02891],[102.31503,16.03703],[102.30353,16.03734],[102.29783,16.04639],[102.28963,16.05722],[102.28253,16.07312],[102.28923,16.08612],[102.30503,16.10064],[102.31813,16.11443],[102.33623,16.13512],[102.34493,16.15169],[102.35793,16.17192],[102.36933,16.18639],[102.38063,16.20156],[102.38973,16.21339],[102.39763,16.22433],[102.40353,16.23527],[102.41323,16.24585],[102.41603,16.26057],[102.41593,16.27389],[102.42033,16.28412],[102.42293,16.29538],[102.42733,16.30675],[102.43283,16.31827],[102.43893,16.3283],[102.44473,16.33945],[102.44813,16.35065],[102.45043,16.36293],[102.45313,16.37888],[102.45943,16.39145],[102.44923,16.3991],[102.43923,16.40622],[102.42803,16.41237],[102.41743,16.42259],[102.41033,16.43411],[102.41063,16.44638],[102.40703,16.45753],[102.39794,16.46103],[102.39794,16.45132],[102.39623,16.44333],[102.38293,16.43988],[102.36973,16.43538],[102.36873,16.44773],[102.35903,16.44748],[102.34673,16.44666],[102.33603,16.44348],[102.32334,16.44461],[102.31733,16.45217],[102.30573,16.44701],[102.29373,16.44715],[102.28513,16.45569],[102.27483,16.45434],[102.26403,16.45935],[102.25833,16.46304],[102.24583,16.46825],[102.24214,16.48038],[102.22913,16.48391],[102.21993,16.49277],[102.20913,16.49644],[102.20133,16.50024],[102.19143,16.50145],[102.18233,16.49843],[102.17473,16.49072],[102.16803,16.49835],[102.15883,16.5012],[102.14813,16.49728],[102.14243,16.49721],[102.13153,16.49378],[102.11941,16.49514],[102.10743,16.49512],[102.09543,16.49446],[102.08343,16.49222],[102.07305,16.49262],[102.07563,16.49908],[102.06642,16.50386],[102.05663,16.50613],[102.04544,16.50981],[102.03772,16.51778],[102.03272,16.5284],[102.03402,16.53927],[102.02672,16.54748],[102.02462,16.55753],[102.01332,16.55771],[102.00102,16.56343],[101.99243,16.56822],[101.99412,16.57757],[101.98972,16.58172],[101.98542,16.58736],[101.98402,16.59613],[101.98023,16.60607],[101.97232,16.61229],[101.96432,16.6154],[101.95642,16.62582],[101.94512,16.63304],[101.93322,16.62982],[101.92403,16.62599],[101.91432,16.63116],[101.90812,16.62876],[101.90213,16.63586],[101.89282,16.64203],[101.87962,16.64218],[101.86872,16.64537],[101.85672,16.64929],[101.85043,16.65279],[101.83762,16.65499],[101.82692,16.64944],[101.81493,16.64938],[101.80362,16.64555],[101.79353,16.63773],[101.78262,16.63103],[101.77862,16.63526],[101.77702,16.64619],[101.76342,16.64988],[101.75402,16.65483],[101.75162,16.66557],[101.74482,16.65833],[101.73442,16.6544],[101.72602,16.65007],[101.71582,16.6598],[101.70642,16.6673],[101.70002,16.67735],[101.68882,16.68244],[101.67562,16.6837],[101.66222,16.68436],[101.64921,16.68028],[101.63712,16.6775],[101.62252,16.68106],[101.61499,16.69286],[101.60422,16.70156],[101.59252,16.7049],[101.58252,16.71418],[101.57262,16.72121],[101.55952,16.72356],[101.54792,16.72078],[101.54942,16.7092],[101.55922,16.70134],[101.56713,16.69453],[101.57711,16.68732],[101.58286,16.67584],[101.58622,16.66332],[101.58382,16.6531],[101.57723,16.64293],[101.56822,16.64949],[101.56082,16.65876],[101.55542,16.66996],[101.54413,16.66943],[101.53312,16.67586],[101.52052,16.67855],[101.5171,16.66815],[101.51342,16.65559],[101.51712,16.64488],[101.52312,16.63306],[101.52902,16.62117],[101.52362,16.6133],[101.51212,16.61283],[101.50522,16.60216],[101.50582,16.59027],[101.50277,16.57628],[101.50302,16.56588],[101.50552,16.5558],[101.51742,16.55124],[101.51962,16.54108],[101.50797,16.54062],[101.50271,16.5343],[101.49322,16.52748],[101.48552,16.52321],[101.47638,16.52304],[101.46988,16.51292],[101.46832,16.50014],[101.47342,16.48846],[101.47692,16.47577],[101.47002,16.46627],[101.46243,16.45572],[101.45372,16.44801],[101.44942,16.43715],[101.43772,16.43032],[101.43022,16.41836],[101.42233,16.40773],[101.41052,16.40329],[101.4052,16.39411],[101.41302,16.38431],[101.40781,16.37373],[101.39803,16.36507],[101.38846,16.35624],[101.38342,16.34619],[101.38182,16.33465],[101.38092,16.32295],[101.38102,16.31066],[101.37572,16.29932],[101.37113,16.28777],[101.37282,16.27487],[101.36643,16.26548],[101.35793,16.2579],[101.35503,16.25016],[101.36612,16.24537],[101.37532,16.23683],[101.37152,16.22579],[101.37312,16.21405],[101.37643,16.20244],[101.37882,16.19107],[101.37692,16.18321],[101.36612,16.17583],[101.35952,16.16456],[101.35114,16.15724],[101.34442,16.14772],[101.34452,16.13692],[101.34223,16.12436],[101.33872,16.11273],[101.34103,16.10029],[101.33791,16.09001],[101.33442,16.07758],[101.33122,16.06554],[101.32882,16.05428],[101.32772,16.04346],[101.32932,16.03156],[101.33383,16.02169],[101.34152,16.01113],[101.34573,15.99886],[101.34632,15.98634],[101.35465,15.97604],[101.36073,15.96536],[101.37232,15.96317],[101.37942,15.95593],[101.37592,15.94491],[101.37203,15.93233],[101.37472,15.922],[101.37982,15.91533],[101.37052,15.90822],[101.36793,15.89518],[101.36022,15.88625],[101.34883,15.88647],[101.33882,15.87387],[101.33512,15.86202],[101.33152,15.85083],[101.33682,15.84251],[101.33003,15.83212],[101.33697,15.82583],[101.33672,15.81396],[101.33283,15.80396],[101.33481,15.79336],[101.32423,15.78704],[101.32182,15.78281]]]}},{"type":"Feature","properties":{"Province":"Kalasin","Suit_mean":0.6833,"Suit_max":0.8651,"Candidate_km2":0.0},"geometry":{"type":"Polygon","coordinates":[[[103.1007,16.91487],[103.1081,16.90771],[103.11764,16.9026],[103.12444,16.89388],[103.12371,16.88657],[103.12244,16.87487],[103.12104,16.86452],[103.11479,16.85728],[103.11455,16.84858],[103.10925,16.84136],[103.10604,16.83263],[103.10883,16.82225],[103.11669,16.8156],[103.12704,16.8153],[103.13664,16.8252],[103.14314,16.83426],[103.14854,16.84321],[103.14684,16.85587],[103.14214,16.86462],[103.15254,16.86335],[103.16648,16.86115],[103.17444,16.85476],[103.17303,16.84366],[103.18008,16.83495],[103.18094,16.82505],[103.18584,16.81653],[103.18514,16.80522],[103.18379,16.79384],[103.18165,16.78348],[103.17412,16.7731],[103.16964,16.76358],[103.15982,16.75711],[103.14895,16.74922],[103.15422,16.73951],[103.16044,16.73089],[103.15906,16.71844],[103.15164,16.71071],[103.14868,16.70081],[103.15039,16.69123],[103.15274,16.68067],[103.16138,16.67208],[103.15654,16.66238],[103.15471,16.6528],[103.15601,16.64036],[103.17054,16.6377],[103.18139,16.6376],[103.19225,16.63436],[103.19108,16.62314],[103.17941,16.61249],[103.17288,16.60019],[103.17624,16.58722],[103.18065,16.57513],[103.17992,16.56363],[103.18563,16.55354],[103.18532,16.54331],[103.18025,16.53307],[103.17603,16.52391],[103.17309,16.5134],[103.16914,16.50128],[103.16505,16.49034],[103.16969,16.47513],[103.16938,16.46353],[103.17628,16.45544],[103.18485,16.44719],[103.18645,16.43512],[103.18453,16.42545],[103.17801,16.41636],[103.17803,16.40596],[103.17113,16.39938],[103.16701,16.38863],[103.17065,16.3772],[103.17558,16.36675],[103.18462,16.361],[103.19823,16.3632],[103.21071,16.3654],[103.22233,16.36737],[103.2328,16.36884],[103.24477,16.37186],[103.25572,16.37408],[103.26643,16.37545],[103.27808,16.38276],[103.28552,16.39087],[103.29619,16.38803],[103.29934,16.37693],[103.30465,16.36623],[103.31681,16.36392],[103.33141,16.36172],[103.34262,16.35807],[103.34949,16.34845],[103.35103,16.33707],[103.35388,16.32637],[103.35856,16.3161],[103.3634,16.3058],[103.37348,16.29937],[103.38082,16.29058],[103.39116,16.28367],[103.40283,16.28158],[103.41361,16.27811],[103.41155,16.26762],[103.4127,16.25753],[103.41271,16.24678],[103.42173,16.23515],[103.4332,16.23218],[103.43993,16.22381],[103.4448,16.21714],[103.44933,16.22275],[103.44626,16.21421],[103.44645,16.20671],[103.45158,16.20173],[103.44879,16.196],[103.45734,16.19145],[103.45318,16.18895],[103.45779,16.1812],[103.46791,16.18785],[103.47588,16.19352],[103.48072,16.20142],[103.4882,16.20259],[103.4977,16.20345],[103.50635,16.20235],[103.51044,16.19497],[103.52018,16.19299],[103.52804,16.19801],[103.53244,16.20663],[103.53683,16.21627],[103.54058,16.21411],[103.54661,16.2097],[103.55641,16.21214],[103.56184,16.21174],[103.55347,16.2048],[103.55974,16.19965],[103.57174,16.19859],[103.58024,16.19603],[103.59324,16.19198],[103.59994,16.19837],[103.60454,16.19038],[103.61201,16.19725],[103.62134,16.20039],[103.61593,16.20918],[103.60604,16.20837],[103.60788,16.21419],[103.62054,16.21479],[103.62825,16.20796],[103.63484,16.19744],[103.63653,16.18758],[103.64524,16.18845],[103.65397,16.1866],[103.65637,16.19748],[103.66083,16.19182],[103.66888,16.19592],[103.68004,16.19807],[103.67189,16.20368],[103.66451,16.20805],[103.67044,16.21736],[103.67624,16.20959],[103.68446,16.21338],[103.68783,16.20815],[103.69623,16.21163],[103.69354,16.21998],[103.7038,16.22016],[103.71978,16.21625],[103.73644,16.22311],[103.73794,16.23572],[103.74081,16.24703],[103.75039,16.253],[103.75605,16.26215],[103.75725,16.27389],[103.75526,16.28313],[103.75874,16.29272],[103.75516,16.30374],[103.74705,16.31029],[103.73621,16.31801],[103.72893,16.3273],[103.72974,16.34042],[103.72213,16.35159],[103.71494,16.35867],[103.70946,16.36577],[103.70614,16.37993],[103.71964,16.38435],[103.73084,16.39158],[103.73914,16.40059],[103.74634,16.40947],[103.75426,16.41509],[103.76384,16.41975],[103.7733,16.42567],[103.78239,16.43288],[103.78957,16.44055],[103.80174,16.44774],[103.81084,16.45266],[103.81924,16.46059],[103.82874,16.46887],[103.83772,16.46369],[103.85225,16.46284],[103.86445,16.46749],[103.87495,16.46381],[103.88367,16.45799],[103.89114,16.45089],[103.90214,16.44652],[103.91078,16.44925],[103.91763,16.44281],[103.92484,16.43553],[103.93784,16.43453],[103.94911,16.43865],[103.95989,16.43554],[103.97175,16.4324],[103.98515,16.4295],[103.99315,16.43593],[104.00038,16.44176],[104.01362,16.43994],[104.02682,16.43877],[104.03785,16.43622],[104.04267,16.42646],[104.04016,16.41578],[104.04385,16.40527],[104.04434,16.39383],[104.05712,16.39148],[104.06914,16.39627],[104.07355,16.40466],[104.08394,16.40769],[104.09494,16.41225],[104.10385,16.41715],[104.11514,16.41903],[104.12714,16.42299],[104.13955,16.4215],[104.14885,16.42875],[104.15574,16.43681],[104.16588,16.44067],[104.17649,16.44044],[104.18608,16.43352],[104.19724,16.42717],[104.20805,16.42797],[104.21741,16.43177],[104.22765,16.43293],[104.24261,16.44149],[104.24051,16.4536],[104.23198,16.46206],[104.22967,16.47319],[104.23568,16.4831],[104.24137,16.49238],[104.2435,16.50441],[104.24438,16.51462],[104.23691,16.52298],[104.22819,16.52833],[104.224,16.53774],[104.22796,16.54906],[104.22105,16.55707],[104.21324,16.56268],[104.20958,16.57367],[104.20648,16.58537],[104.19569,16.59553],[104.18219,16.59734],[104.179,16.60935],[104.18424,16.62591],[104.18005,16.64333],[104.1824,16.65449],[104.18897,16.66309],[104.18144,16.66999],[104.17167,16.67414],[104.16672,16.68341],[104.17323,16.69353],[104.1629,16.69684],[104.15437,16.70369],[104.15198,16.71558],[104.14437,16.72556],[104.1363,16.73382],[104.13473,16.74501],[104.13348,16.7554],[104.12272,16.75879],[104.11539,16.76807],[104.10591,16.78059],[104.09753,16.7915],[104.09671,16.80315],[104.08806,16.80719],[104.07447,16.82363],[104.07053,16.83674],[104.05611,16.839],[104.0461,16.84046],[104.03687,16.84389],[104.02702,16.85517],[104.01762,16.84781],[104.00948,16.84017],[104.00031,16.83276],[103.98513,16.83048],[103.97937,16.81969],[103.97279,16.81141],[103.96355,16.82203],[103.95875,16.8135],[103.95788,16.80228],[103.95415,16.78886],[103.95666,16.77692],[103.94151,16.77347],[103.93688,16.78412],[103.92656,16.78998],[103.91737,16.79932],[103.87776,16.81824],[103.84107,16.84942],[103.81198,16.87568],[103.78663,16.90848],[103.78708,16.95162],[103.76367,16.96364],[103.75604,16.97051],[103.74513,16.97628],[103.73757,16.98704],[103.72763,16.98149],[103.72683,16.9911],[103.73131,17.00608],[103.72363,17.01251],[103.71302,17.01501],[103.7076,17.02063],[103.69897,17.02925],[103.68947,17.0252],[103.67926,17.02277],[103.67162,17.01669],[103.66055,17.01653],[103.65324,17.0247],[103.65652,17.03479],[103.65539,17.04579],[103.64612,17.05261],[103.64263,17.06097],[103.63497,17.07281],[103.62952,17.08102],[103.62123,17.08997],[103.61107,17.09522],[103.60597,17.09415],[103.59593,17.09181],[103.58608,17.09774],[103.57991,17.09295],[103.57099,17.08992],[103.56364,17.08476],[103.55298,17.08572],[103.54716,17.07652],[103.54202,17.06961],[103.53692,17.06124],[103.5284,17.0558],[103.52114,17.04908],[103.51446,17.04493],[103.51756,17.04053],[103.51819,17.03237],[103.51949,17.02441],[103.5208,17.01391],[103.5216,17.00279],[103.51552,16.9914],[103.50942,16.98302],[103.50102,16.97713],[103.49845,16.96813],[103.4949,16.95911],[103.49427,16.95003],[103.48973,16.94107],[103.48811,16.93189],[103.49451,16.92294],[103.4905,16.91297],[103.49065,16.90293],[103.48272,16.89625],[103.47951,16.88937],[103.4717,16.88304],[103.47113,16.87252],[103.4598,16.86619],[103.45354,16.85481],[103.44602,16.84611],[103.45004,16.83626],[103.44732,16.82685],[103.44302,16.81808],[103.43481,16.8107],[103.42607,16.80047],[103.41676,16.80373],[103.41798,16.81226],[103.42631,16.81855],[103.41895,16.82548],[103.41505,16.83675],[103.41221,16.84671],[103.40647,16.85521],[103.41392,16.86225],[103.41052,16.87182],[103.40579,16.8806],[103.39742,16.88507],[103.39133,16.89438],[103.382,16.9025],[103.37041,16.90306],[103.36247,16.91011],[103.35362,16.9156],[103.34343,16.91989],[103.33343,16.92102],[103.32182,16.92069],[103.31111,16.9196],[103.29895,16.92182],[103.28792,16.92558],[103.28175,16.93573],[103.27099,16.94235],[103.26156,16.94432],[103.25416,16.95042],[103.24471,16.95772],[103.23287,16.95635],[103.22489,16.95938],[103.21462,16.95715],[103.20506,16.95526],[103.20025,16.94657],[103.18945,16.9463],[103.18168,16.95126],[103.17106,16.94862],[103.15905,16.94486],[103.14801,16.94857],[103.13474,16.95366],[103.1236,16.95874],[103.11613,16.95314],[103.11582,16.94383],[103.10988,16.93601],[103.10381,16.92751],[103.10178,16.91744],[103.1007,16.91487]]]}},{"type":"Feature","properties":{"Province":"Khon Kaen","Suit_mean":0.714,"Suit_max":0.964,"Candidate_km2":0.0},"geometry":{"type":"Polygon","coordinates":[[[102.93364,15.79274],[102.93363,15.81101],[102.92554,15.8262],[102.92304,15.8412],[102.92764,15.85779],[102.92031,15.87505],[102.91453,15.88969],[102.90562,15.90096],[102.90118,15.91689],[102.89403,15.93079],[102.89974,15.94498],[102.90393,15.95947],[102.90718,15.97461],[102.90549,15.9901],[102.8937,16.00578],[102.89645,16.01947],[102.88433,16.03074],[102.86973,16.03786],[102.86095,16.04933],[102.85654,16.06371],[102.85783,16.07865],[102.86332,16.09217],[102.86973,16.11301],[102.86994,16.12907],[102.86432,16.14459],[102.86228,16.15924],[102.86085,16.17384],[102.85462,16.19101],[102.84953,16.20478],[102.85333,16.21896],[102.84863,16.23415],[102.85093,16.24813],[102.84991,16.26623],[102.85729,16.2803],[102.86959,16.28918],[102.88143,16.30165],[102.89929,16.31394],[102.89751,16.32862],[102.90681,16.3415],[102.90964,16.35534],[102.92105,16.36294],[102.92274,16.36923],[102.93404,16.37284],[102.93772,16.38383],[102.94997,16.38632],[102.95804,16.39783],[102.95204,16.40552],[102.95914,16.41713],[102.95158,16.42111],[102.95089,16.43667],[102.96384,16.4483],[102.97814,16.4541],[102.99314,16.46157],[103.00911,16.46365],[103.02254,16.47059],[103.02692,16.48501],[103.03664,16.49586],[103.04594,16.48803],[103.05984,16.49507],[103.07218,16.50071],[103.0847,16.50841],[103.08931,16.52279],[103.09688,16.52934],[103.10604,16.54413],[103.11484,16.55606],[103.12173,16.5725],[103.12334,16.58782],[103.13634,16.5957],[103.15539,16.60949],[103.15294,16.6252],[103.15356,16.6405],[103.154,16.65675],[103.16164,16.67104],[103.15158,16.68456],[103.14813,16.69944],[103.15333,16.71333],[103.1605,16.72766],[103.1516,16.74117],[103.15664,16.75506],[103.17164,16.76568],[103.17854,16.78007],[103.18357,16.79491],[103.18523,16.8119],[103.18064,16.82549],[103.17804,16.84103],[103.17444,16.85476],[103.16116,16.86202],[103.14256,16.86485],[103.1485,16.85159],[103.14415,16.83532],[103.13284,16.82092],[103.11854,16.81489],[103.10734,16.82431],[103.10949,16.83852],[103.11724,16.84921],[103.11746,16.86348],[103.12371,16.87694],[103.12666,16.89201],[103.11632,16.90314],[103.1022,16.91128],[103.09044,16.89757],[103.07554,16.89602],[103.06184,16.88736],[103.0464,16.88425],[103.02804,16.87197],[103.01247,16.86437],[102.99534,16.85582],[102.98104,16.8478],[102.96588,16.8428],[102.95097,16.83681],[102.93393,16.83614],[102.90943,16.85124],[102.89663,16.85933],[102.88626,16.87192],[102.87523,16.87751],[102.86121,16.87931],[102.84679,16.87004],[102.83423,16.86371],[102.82493,16.8678],[102.81786,16.88235],[102.81603,16.89754],[102.81576,16.91502],[102.82143,16.92729],[102.81743,16.94171],[102.80973,16.9554],[102.82361,16.96473],[102.82208,16.97322],[102.81014,16.98292],[102.80107,16.99427],[102.79478,17.00825],[102.78273,17.0148],[102.76993,17.02158],[102.75951,17.03323],[102.74523,17.03981],[102.73053,17.04537],[102.71853,17.0569],[102.71703,17.07187],[102.70543,17.08563],[102.70124,17.06852],[102.68883,17.05582],[102.68318,17.04246],[102.6829,17.02787],[102.68373,17.01497],[102.67849,16.99857],[102.67773,16.98338],[102.68463,16.96959],[102.68073,16.95098],[102.67523,16.93496],[102.66853,16.92208],[102.65863,16.90536],[102.64984,16.88958],[102.64213,16.87302],[102.63453,16.85532],[102.62903,16.84096],[102.62293,16.82447],[102.61823,16.80829],[102.61673,16.7934],[102.61713,16.77777],[102.62043,16.76331],[102.59953,16.76366],[102.58193,16.77112],[102.56233,16.77798],[102.54583,16.78485],[102.52693,16.79261],[102.51183,16.79634],[102.49593,16.7967],[102.48313,16.80328],[102.47103,16.79944],[102.45813,16.80137],[102.45713,16.78576],[102.44723,16.78846],[102.43163,16.78704],[102.41963,16.79641],[102.41533,16.80581],[102.40603,16.81318],[102.39213,16.81044],[102.38033,16.80793],[102.36493,16.81379],[102.35333,16.82492],[102.34653,16.81852],[102.34393,16.83035],[102.33263,16.84184],[102.33523,16.84905],[102.32373,16.85208],[102.32813,16.86448],[102.31443,16.86656],[102.30663,16.87792],[102.30143,16.88116],[102.30033,16.8886],[102.28553,16.88975],[102.26893,16.89033],[102.25683,16.88918],[102.25113,16.87776],[102.24133,16.87788],[102.23133,16.87166],[102.22043,16.86163],[102.19663,16.85635],[102.18713,16.86492],[102.17833,16.86335],[102.16553,16.86943],[102.15513,16.87948],[102.14413,16.87684],[102.13033,16.88048],[102.11853,16.8881],[102.10413,16.89342],[102.10023,16.88133],[102.08532,16.88711],[102.07053,16.88601],[102.06122,16.87124],[102.04823,16.86541],[102.03852,16.86007],[102.02552,16.86577],[102.01342,16.8675],[102.00492,16.85628],[102.00262,16.84819],[101.99642,16.84015],[101.98402,16.84028],[101.97733,16.83914],[101.96782,16.84448],[101.95872,16.84511],[101.94573,16.84713],[101.94882,16.8375],[101.93642,16.83146],[101.92372,16.82323],[101.91123,16.81638],[101.89772,16.81005],[101.88252,16.80772],[101.87182,16.79583],[101.85992,16.78799],[101.84573,16.78239],[101.83083,16.77601],[101.81652,16.77153],[101.80262,16.76601],[101.78992,16.75712],[101.78152,16.74648],[101.78402,16.7313],[101.79063,16.71975],[101.77973,16.70825],[101.77732,16.69378],[101.77172,16.67999],[101.75813,16.67445],[101.75512,16.66099],[101.76012,16.6497],[101.77663,16.6465],[101.77802,16.63273],[101.78722,16.63404],[101.80062,16.64312],[101.81423,16.649],[101.82852,16.65139],[101.84293,16.65302],[101.85582,16.65256],[101.86823,16.64567],[101.88222,16.64266],[101.89613,16.63794],[101.90682,16.63196],[101.91408,16.63075],[101.92452,16.62846],[101.93862,16.63064],[101.95332,16.62799],[101.96392,16.6159],[101.97272,16.61004],[101.97962,16.60112],[101.98532,16.58967],[101.9892,16.58163],[101.99392,16.57574],[101.99392,16.56351],[102.00923,16.5579],[102.02403,16.55757],[102.02802,16.54553],[102.03552,16.53337],[102.03693,16.52168],[102.04462,16.50995],[102.05942,16.50545],[102.07102,16.50109],[102.07163,16.49423],[102.08303,16.49273],[102.09793,16.49636],[102.11273,16.49445],[102.12783,16.49333],[102.14213,16.4967],[102.15052,16.498],[102.16083,16.49783],[102.17233,16.49423],[102.18183,16.49787],[102.19323,16.49994],[102.20613,16.50121],[102.21913,16.49661],[102.22863,16.48442],[102.24353,16.47771],[102.25123,16.46579],[102.26093,16.45831],[102.27423,16.45431],[102.28633,16.45339],[102.29823,16.44429],[102.31423,16.4503],[102.32293,16.44498],[102.33863,16.44436],[102.35273,16.44848],[102.36613,16.45012],[102.36903,16.4357],[102.38543,16.44113],[102.40113,16.44476],[102.40073,16.45885],[102.40683,16.45821],[102.41093,16.44457],[102.41383,16.42898],[102.42404,16.4156],[102.43863,16.40632],[102.45053,16.39665],[102.45833,16.38561],[102.45073,16.36941],[102.44813,16.35111],[102.44293,16.33733],[102.43693,16.32365],[102.42893,16.31007],[102.42303,16.29604],[102.41953,16.28222],[102.41543,16.26796],[102.41713,16.25029],[102.40373,16.2358],[102.39623,16.22199],[102.38633,16.20865],[102.37323,16.19096],[102.35853,16.17285],[102.34403,16.14878],[102.32823,16.12598],[102.31143,16.10675],[102.28974,16.08675],[102.28523,16.06807],[102.29423,16.05219],[102.30163,16.03995],[102.31473,16.03753],[102.32983,16.02779],[102.34413,16.03232],[102.35273,16.01949],[102.35753,16.00325],[102.37223,15.99788],[102.38863,15.99231],[102.38753,15.9766],[102.37673,15.96606],[102.37433,15.9519],[102.37183,15.94162],[102.36303,15.92908],[102.36373,15.91646],[102.35773,15.90374],[102.35173,15.88764],[102.34283,15.87617],[102.33084,15.86621],[102.32383,15.8521],[102.32503,15.83804],[102.32593,15.82452],[102.33103,15.8101],[102.33693,15.79146],[102.34713,15.7798],[102.35683,15.76784],[102.36683,15.75814],[102.36283,15.74181],[102.36773,15.72766],[102.38473,15.72638],[102.39633,15.71383],[102.40683,15.70112],[102.42133,15.69266],[102.43543,15.70165],[102.45143,15.7089],[102.46433,15.71421],[102.48143,15.71578],[102.49803,15.72266],[102.51563,15.72538],[102.52773,15.71508],[102.54163,15.71075],[102.55493,15.704],[102.57144,15.70386],[102.58823,15.70417],[102.60243,15.71184],[102.61503,15.72402],[102.62953,15.71633],[102.64573,15.7109],[102.66193,15.71274],[102.67703,15.71804],[102.69333,15.72088],[102.70133,15.71143],[102.69923,15.6992],[102.70303,15.68471],[102.71523,15.6709],[102.72733,15.66261],[102.74363,15.66463],[102.75503,15.65733],[102.77003,15.64925],[102.78253,15.6413],[102.79973,15.63314],[102.81523,15.6305],[102.83203,15.63013],[102.84804,15.63687],[102.86444,15.64449],[102.87504,15.66068],[102.87954,15.67728],[102.88204,15.69312],[102.88024,15.71006],[102.87804,15.72618],[102.87914,15.74138],[102.88064,15.75513],[102.88504,15.77107],[102.89834,15.78621],[102.91463,15.79057],[102.93364,15.79274]]]}},{"type":"Feature","properties":{"Province":"Loei","Suit_mean":0.5243,"Suit_max":0.7801,"Candidate_km2":0.0},"geometry":{"type":"Polygon","coordinates":[[[100.9814,17.56937],[100.96281,17.57066],[100.94981,17.57026],[100.93781,17.56558],[100.92581,17.56709],[100.91662,17.57412],[100.90752,17.58339],[100.89691,17.58901],[100.88602,17.58199],[100.87501,17.56987],[100.87031,17.55801],[100.86791,17.54425],[100.87382,17.53387],[100.87472,17.52321],[100.86781,17.51205],[100.85771,17.50421],[100.84982,17.4943],[100.84331,17.48438],[100.83811,17.47404],[100.84392,17.45984],[100.85332,17.4503],[100.86591,17.45088],[100.87711,17.44611],[100.88921,17.4521],[100.89822,17.4602],[100.91032,17.45172],[100.92122,17.44556],[100.91991,17.43374],[100.92596,17.42437],[100.92641,17.41132],[100.92751,17.3998],[100.92352,17.3903],[100.92081,17.38096],[100.91887,17.37066],[100.92052,17.35945],[100.91961,17.34752],[100.92222,17.33604],[100.93572,17.33234],[100.94685,17.33565],[100.95881,17.33296],[100.97252,17.33589],[100.98622,17.33477],[100.99822,17.33655],[101.00931,17.33028],[101.01182,17.3192],[101.02112,17.30914],[101.03262,17.30434],[101.04072,17.29402],[101.05032,17.28377],[101.06033,17.27726],[101.07232,17.27635],[101.08441,17.27717],[101.08891,17.2658],[101.09402,17.25496],[101.10102,17.24392],[101.10872,17.23327],[101.11012,17.22065],[101.10702,17.20932],[101.10011,17.19753],[101.09012,17.19003],[101.08352,17.18073],[101.08082,17.16963],[101.08021,17.15708],[101.08262,17.1442],[101.08072,17.13255],[101.07551,17.12181],[101.07472,17.11073],[101.06812,17.10261],[101.06381,17.09243],[101.06381,17.08259],[101.05601,17.07601],[101.05932,17.06406],[101.05958,17.05186],[101.05852,17.03995],[101.06022,17.02692],[101.05932,17.0152],[101.05341,17.00335],[101.04672,16.99203],[101.04742,16.97956],[101.05171,16.96914],[101.05242,16.9595],[101.04951,16.95021],[101.03902,16.94232],[101.03181,16.93528],[101.04001,16.92724],[101.05261,16.92599],[101.06602,16.92505],[101.07712,16.91733],[101.07462,16.90491],[101.07722,16.89862],[101.08782,16.89577],[101.09731,16.89188],[101.10608,16.89043],[101.10972,16.90233],[101.11432,16.91465],[101.11941,16.92545],[101.12092,16.93805],[101.12022,16.95041],[101.12002,16.96216],[101.11832,16.9742],[101.11881,16.98639],[101.11871,16.99633],[101.11591,17.00391],[101.12171,17.01635],[101.13281,17.02299],[101.14661,17.02735],[101.15822,17.02892],[101.17002,17.03171],[101.17851,17.04086],[101.18432,17.05315],[101.19182,17.06522],[101.19672,17.07856],[101.20483,17.08601],[101.20514,17.0954],[101.20552,17.10579],[101.20332,17.11622],[101.21441,17.11997],[101.22621,17.12397],[101.23782,17.12184],[101.24852,17.11378],[101.26062,17.11001],[101.26972,17.10201],[101.28212,17.09669],[101.28642,17.08863],[101.28872,17.07921],[101.29942,17.08566],[101.31102,17.08802],[101.31892,17.08048],[101.32782,17.07052],[101.33823,17.06891],[101.34372,17.07878],[101.35492,17.07944],[101.36752,17.07953],[101.37953,17.08093],[101.39112,17.07455],[101.40222,17.07683],[101.40463,17.08843],[101.41332,17.08347],[101.42443,17.07685],[101.43322,17.06919],[101.44522,17.07126],[101.45412,17.08039],[101.46262,17.08695],[101.47253,17.08912],[101.48162,17.07942],[101.48642,17.06868],[101.49572,17.06929],[101.50562,17.06197],[101.51272,17.05204],[101.52413,17.04988],[101.53342,17.04905],[101.53413,17.03889],[101.53842,17.029],[101.53883,17.01789],[101.54672,17.00834],[101.55082,16.99672],[101.55962,16.98988],[101.56912,16.98236],[101.58172,16.98208],[101.58972,16.99096],[101.60002,16.99457],[101.61322,16.99671],[101.61792,17.00831],[101.62072,17.01993],[101.62632,17.0308],[101.63322,17.03983],[101.64532,17.03751],[101.65142,17.03346],[101.65062,17.02004],[101.65743,17.00872],[101.66023,16.997],[101.66642,16.98792],[101.67182,16.9768],[101.68092,16.96744],[101.68243,16.95469],[101.68913,16.94477],[101.69132,16.93241],[101.69402,16.921],[101.68913,16.91631],[101.68692,16.90449],[101.68452,16.89156],[101.68282,16.88016],[101.68422,16.87012],[101.68163,16.86296],[101.69083,16.85484],[101.68832,16.84377],[101.69363,16.83961],[101.70062,16.8313],[101.70942,16.82648],[101.71622,16.81602],[101.72292,16.80581],[101.71822,16.80029],[101.70712,16.80736],[101.69422,16.80572],[101.68572,16.79984],[101.69482,16.79116],[101.70152,16.7797],[101.70832,16.7688],[101.71462,16.75874],[101.72553,16.75099],[101.73952,16.75033],[101.75122,16.75274],[101.76362,16.75241],[101.77693,16.75711],[101.79293,16.76172],[101.80532,16.7667],[101.81652,16.77153],[101.82792,16.77563],[101.83852,16.78101],[101.85162,16.78361],[101.86392,16.78833],[101.87182,16.79583],[101.87943,16.80509],[101.89192,16.80925],[101.90432,16.81097],[101.91372,16.81715],[101.92372,16.82323],[101.93362,16.83074],[101.94322,16.83657],[101.95082,16.8401],[101.94762,16.84902],[101.95872,16.84511],[101.96582,16.84557],[101.97252,16.84122],[101.98122,16.84331],[101.98592,16.84161],[101.99642,16.84015],[102.00302,16.84554],[102.00872,16.85366],[102.00703,16.86081],[102.01572,16.86814],[102.02552,16.86577],[102.03552,16.8616],[102.04832,16.86023],[102.05463,16.86775],[102.06152,16.87482],[102.07053,16.88601],[102.06992,16.89428],[102.05642,16.89965],[102.05013,16.90981],[102.04602,16.92133],[102.04202,16.93333],[102.03622,16.94384],[102.04202,16.95389],[102.05393,16.96035],[102.06812,16.96148],[102.08062,16.9636],[102.08942,16.97177],[102.09832,16.98121],[102.09973,16.99385],[102.10323,17.00259],[102.11653,17.00492],[102.13053,17.00522],[102.14303,17.01257],[102.15193,17.02209],[102.14793,17.02729],[102.13743,17.03308],[102.12703,17.03898],[102.12293,17.0508],[102.11133,17.05775],[102.10413,17.06621],[102.10643,17.07681],[102.10172,17.08752],[102.09743,17.09964],[102.09083,17.10868],[102.07803,17.11003],[102.06792,17.11669],[102.05573,17.12218],[102.04343,17.12656],[102.03142,17.127],[102.02142,17.13423],[102.02182,17.14761],[102.02002,17.15955],[102.02413,17.1683],[102.03633,17.16324],[102.04652,17.15948],[102.05302,17.16965],[102.06493,17.17907],[102.07452,17.18632],[102.08312,17.18264],[102.08093,17.19349],[102.06752,17.19553],[102.05472,17.19669],[102.04242,17.19868],[102.03063,17.19968],[102.01242,17.19897],[102.00172,17.19969],[102.00482,17.21231],[102.01743,17.21458],[102.02922,17.21368],[102.04232,17.21044],[102.05483,17.20758],[102.06893,17.20693],[102.06782,17.21925],[102.06262,17.23142],[102.06532,17.24201],[102.06332,17.25041],[102.05082,17.25211],[102.04242,17.2606],[102.03413,17.26876],[102.02403,17.28177],[102.01232,17.29094],[102.00423,17.30133],[101.99683,17.31313],[101.99503,17.32454],[102.00322,17.33275],[102.01532,17.33394],[102.02313,17.34266],[102.01702,17.35443],[102.02132,17.36697],[102.01602,17.37714],[102.00672,17.38371],[101.99593,17.39673],[102.00202,17.40787],[101.99613,17.42052],[101.99172,17.43091],[101.99482,17.44242],[101.99412,17.45343],[102.00872,17.45702],[102.02022,17.45651],[102.03233,17.45825],[102.04543,17.45471],[102.05622,17.44918],[102.06703,17.45368],[102.07972,17.45767],[102.09082,17.46099],[102.10033,17.46765],[102.11052,17.47536],[102.12222,17.48138],[102.13182,17.49031],[102.12882,17.50116],[102.13822,17.50829],[102.14073,17.52],[102.13742,17.53132],[102.13633,17.54238],[102.13693,17.55409],[102.12682,17.56234],[102.11992,17.57359],[102.11922,17.58549],[102.11482,17.59607],[102.10702,17.60951],[102.09683,17.61839],[102.08972,17.62925],[102.08496,17.64097],[102.07278,17.64403],[102.06202,17.65231],[102.04836,17.6462],[102.03728,17.6545],[102.03478,17.66669],[102.03274,17.67763],[102.03172,17.6898],[102.02943,17.7013],[102.02873,17.71302],[102.02653,17.72445],[102.02432,17.73582],[102.02199,17.74662],[102.02752,17.75931],[102.03303,17.77164],[102.03863,17.78075],[102.04913,17.78647],[102.0439,17.79706],[102.04677,17.81073],[102.05398,17.82282],[102.05322,17.83397],[102.05352,17.8514],[102.05532,17.86271],[102.04976,17.87357],[102.04543,17.88617],[102.04533,17.89793],[102.04092,17.90901],[102.03802,17.92039],[102.03472,17.93273],[102.03212,17.94468],[102.03005,17.95734],[102.02956,17.97057],[102.02345,17.98024],[102.03382,17.98782],[102.04567,17.98669],[102.04201,17.99829],[102.04263,18.00954],[102.04462,18.02089],[102.05515,18.03099],[102.05664,18.043],[102.05802,18.05417],[102.05743,18.0675],[102.05933,18.08011],[102.06159,18.09596],[102.06647,18.10635],[102.06946,18.1191],[102.07239,18.13261],[102.07582,18.14337],[102.08433,18.15196],[102.09652,18.15666],[102.10562,18.16337],[102.10454,18.17447],[102.10554,18.18712],[102.10662,18.19834],[102.06162,18.20503],[101.93157,18.06261],[101.82131,18.05533],[101.75447,17.99859],[101.69171,17.91254],[101.56582,17.84381],[101.52183,17.77281],[101.47722,17.74495],[101.40362,17.73549],[101.38079,17.69704],[101.30167,17.63389],[101.23264,17.55086],[101.16336,17.49156],[101.12209,17.48389],[101.0651,17.51455],[100.98957,17.56742],[100.9814,17.56937]]]}},{"type":"Feature","properties":{"Province":"Maha Sarakham","Suit_mean":0.7328,"Suit_max":0.83,"Candidate_km2":0.0},"geometry":{"type":"Polygon","coordinates":[[[102.84783,16.2384],[102.84988,16.22939],[102.85352,16.22164],[102.85094,16.2138],[102.84936,16.20529],[102.85275,16.19803],[102.85482,16.18993],[102.85821,16.17896],[102.86209,16.17084],[102.86223,16.16286],[102.86233,16.15451],[102.86395,16.14621],[102.86594,16.13827],[102.86994,16.12907],[102.87082,16.11985],[102.86886,16.11069],[102.86434,16.09756],[102.86081,16.0893],[102.85896,16.08163],[102.85433,16.07442],[102.85553,16.06471],[102.86273,16.05816],[102.8607,16.04863],[102.86313,16.03892],[102.87233,16.03759],[102.88033,16.03323],[102.88823,16.02842],[102.89714,16.02178],[102.89162,16.01304],[102.89319,16.00609],[102.90315,15.99708],[102.90596,15.98868],[102.90805,15.97985],[102.90584,15.97144],[102.90515,15.96351],[102.89969,15.95525],[102.90004,15.94702],[102.8961,15.93923],[102.89403,15.93079],[102.89778,15.92289],[102.90174,15.91444],[102.90454,15.90699],[102.90752,15.8977],[102.91216,15.8915],[102.91779,15.88392],[102.91965,15.87623],[102.92524,15.86788],[102.92774,15.85715],[102.92544,15.84741],[102.92294,15.83868],[102.92554,15.83068],[102.92398,15.82167],[102.93204,15.81269],[102.93464,15.80346],[102.93384,15.79369],[102.94024,15.78294],[102.94268,15.77484],[102.94443,15.76567],[102.95158,15.76009],[102.95994,15.75767],[102.96789,15.7547],[102.97535,15.75146],[102.98176,15.74377],[102.9868,15.73598],[102.99429,15.7302],[103.00384,15.7292],[103.0085,15.72278],[103.00854,15.71406],[103.00984,15.70626],[103.01318,15.69836],[103.01142,15.68949],[103.00912,15.68298],[103.00044,15.67783],[102.98972,15.67191],[102.98282,15.66847],[102.97884,15.66089],[102.98409,15.65252],[102.99154,15.64715],[102.99904,15.64321],[103.00004,15.63609],[103.00861,15.62853],[103.01541,15.62359],[103.01599,15.61408],[103.022,15.60749],[103.02694,15.60056],[103.03414,15.59576],[103.04411,15.59416],[103.05083,15.59024],[103.05525,15.58306],[103.05083,15.57513],[103.05107,15.56643],[103.05453,15.55899],[103.06092,15.5547],[103.06586,15.55013],[103.07403,15.54656],[103.07934,15.54062],[103.08461,15.54211],[103.09044,15.53551],[103.09424,15.52645],[103.08764,15.52233],[103.08813,15.51481],[103.08016,15.50917],[103.07714,15.5009],[103.0797,15.4922],[103.0877,15.48859],[103.09645,15.48544],[103.10604,15.48224],[103.11636,15.4789],[103.1254,15.47714],[103.13778,15.47415],[103.14685,15.47193],[103.15414,15.46991],[103.16413,15.46737],[103.17474,15.46499],[103.18383,15.46262],[103.19323,15.46004],[103.20214,15.45813],[103.21009,15.45724],[103.21887,15.45538],[103.22687,15.45088],[103.23314,15.44375],[103.24251,15.44415],[103.25079,15.44378],[103.25719,15.43925],[103.26537,15.43356],[103.2673,15.42515],[103.27464,15.42008],[103.28367,15.41933],[103.29551,15.41674],[103.30473,15.41306],[103.31548,15.40986],[103.32794,15.40915],[103.33968,15.40602],[103.34827,15.40423],[103.35953,15.40741],[103.36799,15.41071],[103.37537,15.4169],[103.38295,15.42272],[103.39156,15.42446],[103.40008,15.42686],[103.40439,15.43644],[103.40644,15.44605],[103.40934,15.45527],[103.41182,15.46546],[103.41414,15.4732],[103.41743,15.48129],[103.42054,15.4902],[103.42415,15.49932],[103.42476,15.50953],[103.42414,15.52021],[103.42144,15.52847],[103.41444,15.53513],[103.40656,15.53338],[103.39741,15.53497],[103.38714,15.53483],[103.37913,15.53299],[103.37263,15.52688],[103.36498,15.52329],[103.3606,15.52961],[103.35584,15.53761],[103.34754,15.54159],[103.33803,15.54386],[103.32924,15.54644],[103.32104,15.55153],[103.31304,15.55587],[103.30504,15.56159],[103.30218,15.56997],[103.29648,15.57783],[103.29692,15.58754],[103.29141,15.59331],[103.28455,15.59172],[103.27769,15.59798],[103.27776,15.6065],[103.28494,15.61184],[103.29545,15.61724],[103.29967,15.62458],[103.30314,15.63409],[103.30485,15.64197],[103.30723,15.65222],[103.30801,15.66104],[103.29773,15.66121],[103.28822,15.66026],[103.28006,15.66298],[103.28514,15.67205],[103.29442,15.68372],[103.3022,15.69362],[103.31304,15.69939],[103.32344,15.70064],[103.33314,15.70319],[103.34584,15.71016],[103.35114,15.71829],[103.36112,15.71914],[103.36922,15.71553],[103.37684,15.71145],[103.38544,15.70913],[103.39454,15.70591],[103.40433,15.70827],[103.41231,15.70846],[103.42234,15.71921],[103.42389,15.72819],[103.42239,15.73703],[103.4173,15.74398],[103.40713,15.74816],[103.40024,15.75521],[103.40534,15.76344],[103.41444,15.76708],[103.42386,15.77058],[103.43176,15.77785],[103.43693,15.78979],[103.43884,15.79944],[103.43651,15.80676],[103.4405,15.81249],[103.43909,15.82451],[103.4389,15.83417],[103.44236,15.84229],[103.44451,15.85247],[103.44701,15.86129],[103.44823,15.87045],[103.45314,15.87792],[103.4556,15.88573],[103.45794,15.89448],[103.45914,15.90295],[103.46238,15.91168],[103.46491,15.92129],[103.46958,15.92669],[103.47935,15.92835],[103.47927,15.93641],[103.47551,15.94644],[103.47086,15.95344],[103.46709,15.96177],[103.46501,15.96977],[103.46384,15.97846],[103.46322,15.98761],[103.46424,15.99887],[103.467,16.00719],[103.46584,16.01509],[103.46684,16.0246],[103.47074,16.03148],[103.47344,16.03871],[103.47233,16.0483],[103.46845,16.05849],[103.46499,16.06736],[103.46014,16.07443],[103.45851,16.08372],[103.45798,16.09237],[103.46103,16.10179],[103.46344,16.11168],[103.46544,16.1244],[103.47035,16.13055],[103.47616,16.13705],[103.48271,16.1419],[103.48585,16.15135],[103.48833,16.16183],[103.49464,16.16758],[103.49314,16.17612],[103.49303,16.18676],[103.50233,16.18895],[103.50434,16.1964],[103.50641,16.20397],[103.4977,16.20345],[103.49017,16.20269],[103.4821,16.20454],[103.47936,16.19709],[103.47446,16.19077],[103.46661,16.18659],[103.45826,16.1814],[103.4532,16.18643],[103.45843,16.18789],[103.45365,16.19375],[103.45051,16.19788],[103.4506,16.2018],[103.44533,16.20573],[103.44713,16.21186],[103.44939,16.21778],[103.44683,16.22394],[103.44302,16.21644],[103.43993,16.22381],[103.43506,16.23103],[103.42647,16.23465],[103.41579,16.24041],[103.41077,16.2505],[103.41332,16.25855],[103.41158,16.26705],[103.4137,16.27553],[103.40716,16.28194],[103.39742,16.28156],[103.38902,16.28503],[103.3803,16.29118],[103.37428,16.29862],[103.36599,16.30401],[103.3603,16.31128],[103.35704,16.31973],[103.35292,16.32821],[103.35103,16.33707],[103.34992,16.34618],[103.34611,16.35531],[103.33744,16.35984],[103.32848,16.36293],[103.31488,16.36396],[103.30531,16.3658],[103.30053,16.37399],[103.29788,16.38438],[103.29286,16.39135],[103.28381,16.38935],[103.2774,16.38215],[103.26778,16.37587],[103.25906,16.37454],[103.25005,16.37323],[103.24001,16.37054],[103.23078,16.3686],[103.22233,16.36737],[103.21276,16.3658],[103.20226,16.36386],[103.19187,16.3622],[103.18096,16.36034],[103.17458,16.36784],[103.17068,16.37644],[103.16711,16.38625],[103.16914,16.39523],[103.17279,16.40322],[103.17769,16.40862],[103.17826,16.41684],[103.18395,16.42448],[103.18734,16.43251],[103.18716,16.44158],[103.18222,16.44975],[103.17496,16.45664],[103.16938,16.46353],[103.1698,16.47277],[103.16484,16.48622],[103.16688,16.4956],[103.17034,16.50454],[103.17337,16.51453],[103.17563,16.52345],[103.17894,16.53093],[103.18326,16.5396],[103.18674,16.5471],[103.18437,16.55587],[103.17977,16.56413],[103.18045,16.57352],[103.17843,16.58381],[103.17402,16.59395],[103.17381,16.60494],[103.18231,16.61541],[103.19108,16.62314],[103.19367,16.63293],[103.18576,16.63721],[103.17637,16.6377],[103.16714,16.63833],[103.15391,16.64101],[103.15314,16.63238],[103.15312,16.62411],[103.15512,16.61493],[103.1535,16.60681],[103.14194,16.59765],[103.13054,16.59427],[103.12404,16.58925],[103.12226,16.58112],[103.12173,16.5725],[103.11921,16.56216],[103.11315,16.55478],[103.10744,16.54876],[103.10411,16.53955],[103.09943,16.5315],[103.09373,16.52512],[103.08924,16.52409],[103.08883,16.51639],[103.08412,16.50808],[103.07638,16.50571],[103.07023,16.50037],[103.06414,16.49657],[103.05424,16.49348],[103.04754,16.48994],[103.04104,16.48849],[103.03714,16.49582],[103.03154,16.49031],[103.02644,16.48365],[103.02419,16.47567],[103.01939,16.46934],[103.01244,16.46615],[103.00503,16.46458],[102.99514,16.46188],[102.98674,16.45939],[102.97814,16.4541],[102.96914,16.45351],[102.96246,16.44673],[102.95248,16.44137],[102.95249,16.43298],[102.95189,16.42389],[102.95524,16.42141],[102.95923,16.41843],[102.95624,16.41015],[102.95154,16.40533],[102.95214,16.39906],[102.95799,16.39547],[102.95178,16.38943],[102.94497,16.38644],[102.9401,16.38333],[102.93674,16.37798],[102.93474,16.37278],[102.92674,16.37456],[102.92343,16.36762],[102.92627,16.36203],[102.91989,16.36503],[102.91354,16.35722],[102.91044,16.35066],[102.90834,16.343],[102.90274,16.33596],[102.89751,16.32862],[102.90014,16.31989],[102.89765,16.31196],[102.88614,16.30445],[102.87773,16.29969],[102.87085,16.29287],[102.86613,16.2853],[102.85813,16.28108],[102.85323,16.27397],[102.84984,16.26559],[102.85043,16.25422],[102.85014,16.24613],[102.84783,16.2384]]]}},{"type":"Feature","properties":{"Province":"Mukdahan","Suit_mean":0.6697,"Suit_max":0.7887,"Candidate_km2":0.0},"geometry":{"type":"Polygon","coordinates":[[[104.0748,16.82168],[104.08313,16.80999],[104.08806,16.80719],[104.09394,16.80732],[104.09676,16.80398],[104.09646,16.7986],[104.09716,16.79294],[104.09918,16.78806],[104.10377,16.78283],[104.10913,16.77713],[104.11354,16.77108],[104.11699,16.76545],[104.12019,16.7609],[104.12446,16.75797],[104.12966,16.757],[104.13422,16.75413],[104.13513,16.74916],[104.13464,16.7445],[104.13468,16.73893],[104.1363,16.73382],[104.13943,16.73002],[104.14379,16.72613],[104.14812,16.72148],[104.15129,16.7169],[104.15348,16.71199],[104.15389,16.70625],[104.15703,16.69997],[104.16067,16.69768],[104.16528,16.69623],[104.17019,16.69533],[104.17341,16.69155],[104.16964,16.68678],[104.16612,16.68192],[104.16786,16.67626],[104.17229,16.67383],[104.17722,16.67146],[104.18144,16.66999],[104.18848,16.66846],[104.1891,16.6637],[104.18718,16.65841],[104.18318,16.6553],[104.18082,16.65133],[104.17985,16.64493],[104.18094,16.63941],[104.1834,16.62881],[104.18457,16.62269],[104.18333,16.61702],[104.17808,16.60712],[104.17986,16.60229],[104.18314,16.59608],[104.18993,16.59565],[104.1964,16.59524],[104.20083,16.59147],[104.20648,16.58537],[104.21003,16.57999],[104.20977,16.57447],[104.20924,16.56738],[104.21206,16.56296],[104.21722,16.56226],[104.22036,16.55859],[104.22309,16.55517],[104.22711,16.55272],[104.22842,16.54576],[104.226,16.54064],[104.22371,16.53601],[104.22597,16.53057],[104.22907,16.52768],[104.23308,16.52511],[104.23746,16.52269],[104.24142,16.52032],[104.24438,16.51462],[104.24415,16.51005],[104.24355,16.50507],[104.24296,16.49943],[104.24176,16.49366],[104.23976,16.48893],[104.23686,16.48473],[104.23361,16.48026],[104.2306,16.47553],[104.22942,16.47089],[104.23056,16.46559],[104.23303,16.46041],[104.23727,16.45675],[104.24124,16.4521],[104.24232,16.44606],[104.24258,16.44035],[104.244,16.4278],[104.24745,16.43179],[104.2517,16.43477],[104.25882,16.43528],[104.26365,16.43491],[104.26935,16.43564],[104.27427,16.43853],[104.27955,16.44245],[104.28335,16.4444],[104.2875,16.44695],[104.29024,16.45079],[104.29085,16.45646],[104.29063,16.46041],[104.29065,16.46501],[104.29195,16.47034],[104.29783,16.46858],[104.30235,16.46612],[104.30577,16.46326],[104.30845,16.45998],[104.31085,16.45617],[104.31264,16.45236],[104.31464,16.44748],[104.3166,16.44232],[104.31793,16.438],[104.31803,16.43246],[104.3193,16.4263],[104.32204,16.42068],[104.32224,16.4167],[104.32108,16.41205],[104.3198,16.40725],[104.31875,16.40155],[104.31815,16.39454],[104.31865,16.38831],[104.32025,16.38285],[104.32194,16.37803],[104.32305,16.37275],[104.32425,16.36625],[104.32623,16.35901],[104.32815,16.35287],[104.32997,16.34722],[104.33056,16.34233],[104.32935,16.33813],[104.32701,16.33441],[104.32395,16.33113],[104.32515,16.32591],[104.32928,16.32477],[104.33414,16.32387],[104.33904,16.32288],[104.34524,16.3215],[104.35114,16.3197],[104.35942,16.3287],[104.36292,16.33337],[104.36693,16.33695],[104.37162,16.33987],[104.3756,16.3419],[104.37994,16.34324],[104.38462,16.34421],[104.38921,16.34493],[104.39496,16.34539],[104.40048,16.34457],[104.40578,16.3439],[104.41257,16.34288],[104.41811,16.34101],[104.42525,16.34217],[104.43011,16.34389],[104.43613,16.34324],[104.44061,16.34134],[104.44544,16.33904],[104.45073,16.33664],[104.45687,16.33529],[104.46322,16.33552],[104.46893,16.33682],[104.47449,16.3385],[104.48094,16.33961],[104.48633,16.34014],[104.49102,16.34056],[104.49583,16.34031],[104.50063,16.33884],[104.50486,16.33663],[104.50767,16.33325],[104.5111,16.32765],[104.51181,16.32117],[104.51251,16.31625],[104.51724,16.31379],[104.52276,16.31285],[104.5276,16.31299],[104.53253,16.31029],[104.53718,16.30826],[104.54173,16.30807],[104.54646,16.30848],[104.55196,16.30782],[104.55432,16.30262],[104.55529,16.29786],[104.55729,16.29275],[104.55963,16.28511],[104.56143,16.27971],[104.56348,16.27599],[104.56663,16.27233],[104.56949,16.26826],[104.57227,16.26244],[104.57501,16.25716],[104.57784,16.25283],[104.58052,16.24854],[104.58266,16.24459],[104.58578,16.23959],[104.59088,16.23767],[104.59622,16.23747],[104.60156,16.23714],[104.60644,16.23509],[104.60936,16.22995],[104.60976,16.22456],[104.61797,16.21816],[104.63396,16.20919],[104.64102,16.2076],[104.64577,16.20867],[104.65105,16.21068],[104.65542,16.21323],[104.65886,16.21617],[104.66187,16.22189],[104.66377,16.23165],[104.67026,16.23166],[104.67337,16.22802],[104.67915,16.22589],[104.68575,16.22473],[104.68993,16.2236],[104.69469,16.21986],[104.69798,16.21421],[104.70106,16.21016],[104.70709,16.20799],[104.71171,16.20745],[104.71606,16.20601],[104.71982,16.204],[104.72515,16.20194],[104.73102,16.20028],[104.73785,16.19885],[104.74416,16.19814],[104.75128,16.19905],[104.75854,16.19837],[104.76259,16.19611],[104.76601,16.19172],[104.77296,16.19259],[104.77861,16.19365],[104.78446,16.19541],[104.79011,16.19876],[104.79528,16.19777],[104.79893,16.195],[104.80411,16.18971],[104.80858,16.1856],[104.81338,16.18403],[104.8187,16.18445],[104.8236,16.18669],[104.82812,16.18799],[104.83393,16.18872],[104.83916,16.19268],[104.84389,16.19829],[104.85052,16.19964],[104.85503,16.19829],[104.86096,16.19725],[104.86628,16.20024],[104.87148,16.20321],[104.87832,16.20427],[104.88389,16.2071],[104.88609,16.21192],[104.88568,16.21719],[104.88634,16.22373],[104.88957,16.2289],[104.89301,16.23189],[104.89837,16.23443],[104.90499,16.23786],[104.90868,16.24088],[104.9138,16.24539],[104.91928,16.2489],[104.9266,16.24872],[104.93359,16.24917],[104.9384,16.25184],[104.94283,16.25508],[104.94715,16.25732],[104.95164,16.25896],[104.95573,16.26057],[104.96092,16.26473],[104.9636,16.27119],[104.96368,16.2773],[104.96744,16.27975],[104.97241,16.27662],[104.97829,16.27274],[104.98415,16.27542],[104.88892,16.35739],[104.83753,16.46058],[104.73569,16.57624],[104.75764,16.72489],[104.73121,16.80335],[104.72611,16.80683],[104.72367,16.81349],[104.721,16.81851],[104.71628,16.82325],[104.7092,16.82391],[104.70362,16.82241],[104.70001,16.81819],[104.69683,16.81369],[104.69386,16.80996],[104.69032,16.8059],[104.68723,16.80192],[104.68446,16.79774],[104.68149,16.79397],[104.67621,16.7904],[104.67309,16.78527],[104.66826,16.78599],[104.66569,16.79047],[104.66316,16.79653],[104.65982,16.80061],[104.65689,16.80418],[104.65208,16.8075],[104.64931,16.81211],[104.64623,16.81756],[104.64553,16.82185],[104.64566,16.82677],[104.64656,16.83192],[104.64714,16.83719],[104.64503,16.84173],[104.64211,16.84523],[104.639,16.84849],[104.62882,16.85927],[104.61911,16.8593],[104.61482,16.85822],[104.61053,16.85747],[104.60536,16.85859],[104.59995,16.86111],[104.59467,16.86331],[104.58888,16.86429],[104.58193,16.86364],[104.57424,16.86239],[104.56594,16.86162],[104.55674,16.862],[104.54763,16.86145],[104.53873,16.85906],[104.52924,16.85525],[104.52056,16.85179],[104.51282,16.84902],[104.50735,16.84639],[104.50246,16.84619],[104.49573,16.84871],[104.49072,16.85164],[104.48566,16.85554],[104.48098,16.85917],[104.47517,16.86242],[104.46952,16.8633],[104.46343,16.86256],[104.45747,16.8617],[104.45215,16.86324],[104.44873,16.86613],[104.44587,16.8698],[104.44246,16.87347],[104.43897,16.87606],[104.43514,16.87895],[104.43082,16.88254],[104.42494,16.88495],[104.4184,16.8858],[104.41332,16.8851],[104.40939,16.88045],[104.40535,16.87587],[104.40102,16.87724],[104.39606,16.88092],[104.39178,16.88268],[104.38789,16.88497],[104.38249,16.88727],[104.37695,16.88659],[104.37153,16.88534],[104.36601,16.88556],[104.36209,16.89011],[104.36116,16.89633],[104.35656,16.89995],[104.35071,16.90001],[104.34642,16.90057],[104.34119,16.90134],[104.33544,16.90102],[104.3297,16.89929],[104.32421,16.89651],[104.31933,16.89466],[104.31426,16.89484],[104.30734,16.89607],[104.30047,16.89733],[104.29282,16.89948],[104.28541,16.90348],[104.27933,16.90955],[104.2679,16.91507],[104.26391,16.91134],[104.26065,16.90788],[104.25739,16.90479],[104.25349,16.9024],[104.24956,16.89952],[104.24713,16.89556],[104.24409,16.89038],[104.23613,16.88979],[104.22518,16.89034],[104.22062,16.88895],[104.21735,16.88534],[104.21429,16.88033],[104.21194,16.87517],[104.20741,16.87391],[104.20111,16.87602],[104.19548,16.8779],[104.18908,16.88023],[104.18291,16.88268],[104.17858,16.88462],[104.17445,16.88653],[104.1691,16.88801],[104.16461,16.88841],[104.15304,16.88781],[104.13436,16.88673],[104.12747,16.88603],[104.1241,16.88028],[104.12477,16.87609],[104.12566,16.87155],[104.12619,16.86617],[104.12575,16.86074],[104.12363,16.85613],[104.12071,16.85263],[104.11721,16.85037],[104.11406,16.8476],[104.11198,16.84323],[104.11054,16.83851],[104.10843,16.83374],[104.10422,16.8295],[104.0748,16.82168]]]}},{"type":"Feature","properties":{"Province":"Nakhon Phanom","Suit_mean":0.7075,"Suit_max":0.8622,"Candidate_km2":0.0},"geometry":{"type":"Polygon","coordinates":[[[104.73922,16.80169],[104.73459,16.90767],[104.76937,17.10161],[104.80324,17.33879],[104.69868,17.5302],[104.52817,17.62061],[104.383,17.77753],[104.27653,17.86083],[104.19138,18.01947],[104.18468,18.01586],[104.18307,18.01147],[104.17737,18.0086],[104.17628,18.00248],[104.17145,18.00398],[104.16775,18.00892],[104.16261,18.01414],[104.15916,18.02016],[104.15622,18.02583],[104.14961,18.0241],[104.1458,18.01815],[104.13893,18.01468],[104.13566,18.0082],[104.1293,18.0064],[104.12219,18.0075],[104.11903,18.00237],[104.11654,17.99],[104.1159,17.98279],[104.11611,17.97441],[104.11747,17.96906],[104.12021,17.96394],[104.12367,17.95869],[104.12876,17.95093],[104.12987,17.94415],[104.12675,17.93643],[104.12337,17.93043],[104.11752,17.92405],[104.11182,17.91972],[104.10529,17.91333],[104.09951,17.90664],[104.09524,17.90035],[104.09116,17.89541],[104.08802,17.88899],[104.08433,17.88311],[104.07821,17.8776],[104.07211,17.87645],[104.06564,17.87867],[104.05823,17.88412],[104.05286,17.88553],[104.04487,17.88474],[104.03836,17.8836],[104.03097,17.88208],[104.02403,17.88147],[104.01768,17.88294],[104.01269,17.88539],[104.00764,17.88871],[104.00102,17.89052],[103.99569,17.88544],[103.99325,17.87786],[103.99115,17.87247],[103.98589,17.86991],[103.98686,17.86646],[103.9875,17.86183],[103.98445,17.86161],[103.98283,17.85555],[103.98616,17.8516],[103.99259,17.84871],[103.99863,17.84658],[104.00307,17.84345],[103.99978,17.839],[104.00311,17.83384],[104.00822,17.82977],[104.01181,17.82446],[104.01347,17.81877],[104.01101,17.81476],[104.01222,17.80951],[104.01701,17.80434],[104.02028,17.79806],[104.01755,17.79345],[104.01082,17.79246],[104.01138,17.78655],[104.01434,17.77947],[104.0183,17.77264],[104.02157,17.76707],[104.02297,17.76152],[104.02507,17.7554],[104.02917,17.75636],[104.03009,17.76321],[104.03632,17.76557],[104.04247,17.76524],[104.05062,17.76131],[104.05754,17.7541],[104.05897,17.74844],[104.05318,17.74618],[104.05,17.74162],[104.05177,17.73535],[104.05826,17.73674],[104.06097,17.74209],[104.06506,17.74341],[104.06757,17.73644],[104.06765,17.7219],[104.06385,17.72455],[104.0606,17.72406],[104.06377,17.71881],[104.06794,17.71276],[104.0729,17.7083],[104.07758,17.70404],[104.07409,17.6999],[104.07137,17.6969],[104.07741,17.69385],[104.07254,17.6903],[104.06724,17.68872],[104.0678,17.68301],[104.07104,17.67677],[104.07758,17.67736],[104.08178,17.68055],[104.08202,17.67524],[104.08124,17.6709],[104.08065,17.6683],[104.07505,17.66899],[104.07259,17.663],[104.0714,17.65769],[104.07212,17.65201],[104.07214,17.64657],[104.06725,17.64552],[104.06494,17.64181],[104.05888,17.63954],[104.05315,17.63686],[104.04803,17.63755],[104.04373,17.64154],[104.03787,17.6371],[104.03144,17.63835],[104.03384,17.6348],[104.03598,17.62892],[104.03414,17.62316],[104.03458,17.61624],[104.03765,17.61053],[104.04058,17.60605],[104.04577,17.60153],[104.04982,17.59683],[104.05284,17.59108],[104.05451,17.58533],[104.05482,17.57965],[104.05335,17.57293],[104.04963,17.56795],[104.04445,17.56418],[104.04082,17.55862],[104.03895,17.5519],[104.03845,17.54307],[104.03931,17.53594],[104.0405,17.52992],[104.041,17.52241],[104.03817,17.516],[104.03442,17.50914],[104.03217,17.50379],[104.02686,17.49861],[104.02241,17.49425],[104.02085,17.48696],[104.01401,17.48517],[104.01077,17.48096],[104.01351,17.47392],[104.01518,17.46716],[104.01771,17.45754],[104.02184,17.45124],[104.02717,17.44586],[104.02978,17.4391],[104.03074,17.43332],[104.0365,17.42722],[104.03779,17.42061],[104.04169,17.41337],[104.04727,17.40889],[104.05389,17.40258],[104.05575,17.39465],[104.05392,17.38841],[104.05483,17.3825],[104.06247,17.3834],[104.0684,17.38443],[104.07104,17.3774],[104.07652,17.37334],[104.07575,17.37977],[104.0787,17.38598],[104.08196,17.38869],[104.08726,17.38341],[104.09232,17.37975],[104.08922,17.37369],[104.09429,17.37189],[104.10033,17.37721],[104.10218,17.38372],[104.10036,17.38818],[104.09472,17.38513],[104.09505,17.38938],[104.09661,17.39479],[104.09442,17.39875],[104.10033,17.39783],[104.1062,17.39772],[104.11137,17.39755],[104.11003,17.39075],[104.1139,17.38795],[104.11815,17.39232],[104.12502,17.39422],[104.12676,17.38991],[104.12676,17.38473],[104.12821,17.37819],[104.13344,17.37721],[104.13921,17.38047],[104.14376,17.38445],[104.14123,17.38929],[104.14551,17.39231],[104.15057,17.38894],[104.15411,17.39391],[104.1509,17.39798],[104.14492,17.40015],[104.14703,17.40586],[104.15129,17.40204],[104.15341,17.40622],[104.15659,17.41186],[104.16377,17.41315],[104.17092,17.41126],[104.1756,17.41215],[104.17221,17.41646],[104.17076,17.42165],[104.17478,17.42569],[104.17922,17.42224],[104.1844,17.41964],[104.18941,17.42169],[104.19434,17.42114],[104.20169,17.42368],[104.20508,17.41817],[104.20811,17.41307],[104.2149,17.41141],[104.22022,17.40751],[104.22684,17.40479],[104.23344,17.40575],[104.239,17.40833],[104.24689,17.4118],[104.25441,17.41056],[104.2611,17.41001],[104.26753,17.41104],[104.27294,17.41396],[104.27828,17.41847],[104.2845,17.41949],[104.29125,17.41953],[104.29929,17.4214],[104.30433,17.4242],[104.31011,17.42783],[104.31815,17.4278],[104.3252,17.42704],[104.33202,17.42519],[104.34018,17.42219],[104.34763,17.42152],[104.35459,17.4221],[104.36164,17.4217],[104.3677,17.42101],[104.37433,17.42026],[104.38115,17.42054],[104.38735,17.42134],[104.39504,17.42265],[104.40187,17.42399],[104.40846,17.42419],[104.41348,17.42],[104.41729,17.41478],[104.41438,17.40882],[104.41118,17.40258],[104.41297,17.39626],[104.4135,17.38856],[104.4097,17.38252],[104.40786,17.37738],[104.40834,17.37119],[104.41184,17.3657],[104.41366,17.35933],[104.4139,17.35336],[104.41783,17.34774],[104.42149,17.34172],[104.42362,17.33551],[104.42277,17.3286],[104.4196,17.32275],[104.41409,17.31503],[104.40948,17.30915],[104.40445,17.30257],[104.40502,17.29602],[104.40713,17.2898],[104.40704,17.28373],[104.40701,17.27629],[104.41149,17.27079],[104.41493,17.26587],[104.41832,17.26108],[104.42421,17.25473],[104.42637,17.24853],[104.42782,17.24273],[104.43262,17.23859],[104.43366,17.2332],[104.42692,17.22708],[104.4204,17.22215],[104.41417,17.21633],[104.41192,17.21024],[104.41173,17.20413],[104.41041,17.19682],[104.40687,17.19019],[104.40304,17.18344],[104.39973,17.17701],[104.39751,17.16931],[104.39688,17.16324],[104.39715,17.15669],[104.39776,17.15074],[104.39927,17.14498],[104.40195,17.13902],[104.40207,17.12983],[104.39856,17.12493],[104.39104,17.11709],[104.38064,17.10705],[104.36579,17.09494],[104.36229,17.09053],[104.36379,17.08471],[104.36452,17.07802],[104.36375,17.07133],[104.36199,17.06712],[104.35577,17.06594],[104.35552,17.06003],[104.35879,17.05594],[104.36295,17.06022],[104.3671,17.05629],[104.37037,17.05117],[104.37584,17.04746],[104.3818,17.04363],[104.38811,17.0409],[104.39084,17.03538],[104.3919,17.03085],[104.39789,17.03225],[104.39931,17.02743],[104.40048,17.02087],[104.39557,17.01766],[104.39284,17.01414],[104.38624,17.01213],[104.3799,17.01115],[104.37579,17.00595],[104.36815,17.00441],[104.35815,16.99448],[104.35654,16.98913],[104.35561,16.98399],[104.34989,16.98274],[104.34401,16.98016],[104.33825,16.977],[104.33259,16.97467],[104.32605,16.97563],[104.32173,16.97133],[104.32301,16.96309],[104.32024,16.95809],[104.31571,16.95284],[104.31341,16.94629],[104.31052,16.938],[104.30775,16.93084],[104.3034,16.92681],[104.29755,16.92693],[104.29053,16.92646],[104.28123,16.92212],[104.2821,16.90668],[104.28959,16.90082],[104.29968,16.8975],[104.3083,16.8959],[104.3163,16.89461],[104.3223,16.89554],[104.32899,16.89898],[104.33616,16.90114],[104.34326,16.90114],[104.3492,16.9001],[104.35568,16.89999],[104.36146,16.8956],[104.36294,16.88835],[104.36946,16.88524],[104.37614,16.8863],[104.38307,16.8872],[104.38924,16.88407],[104.39453,16.88159],[104.40031,16.87781],[104.4063,16.87594],[104.41039,16.88304],[104.41639,16.88574],[104.42405,16.88513],[104.43138,16.88213],[104.43671,16.87767],[104.4411,16.87459],[104.44548,16.87029],[104.44909,16.86573],[104.45362,16.86244],[104.46099,16.86214],[104.4688,16.86327],[104.4759,16.86213],[104.48285,16.85779],[104.48878,16.85307],[104.49503,16.84904],[104.50323,16.84602],[104.50914,16.84722],[104.51746,16.85075],[104.52812,16.85477],[104.53989,16.85947],[104.55098,16.86185],[104.56255,16.86173],[104.57324,16.86223],[104.58285,16.86377],[104.59118,16.86413],[104.59798,16.86203],[104.60468,16.85886],[104.61111,16.85748],[104.61638,16.85867],[104.62298,16.85959],[104.63848,16.84903],[104.64246,16.84485],[104.6459,16.84041],[104.64691,16.83369],[104.64575,16.82742],[104.64559,16.82128],[104.64709,16.81511],[104.65104,16.80909],[104.65627,16.80448],[104.65981,16.8001],[104.66511,16.79401],[104.6667,16.78758],[104.67262,16.78484],[104.67685,16.79093],[104.68266,16.79525],[104.68617,16.80038],[104.6899,16.8054],[104.69429,16.81046],[104.69825,16.81575],[104.70186,16.82057],[104.70838,16.82368],[104.71711,16.82276],[104.72186,16.81722],[104.72503,16.80896],[104.73041,16.80362],[104.73922,16.80169]]]}},{"type":"Feature","properties":{"Province":"Nakhon Ratchasima","Suit_mean":0.7066,"Suit_max":0.9622,"Candidate_km2":0.0},"geometry":{"type":"Polygon","coordinates":[[[101.41663,15.0398],[101.42072,15.02355],[101.42822,15.0069],[101.42852,14.98868],[101.43672,14.97063],[101.43652,14.9534],[101.44112,14.93699],[101.45032,14.91773],[101.45452,14.90251],[101.45832,14.88279],[101.45992,14.86421],[101.44412,14.85249],[101.42492,14.84485],[101.41103,14.83288],[101.39462,14.82656],[101.38062,14.81816],[101.36453,14.80789],[101.34492,14.79691],[101.33852,14.78357],[101.33913,14.7676],[101.32582,14.75715],[101.30892,14.75251],[101.30042,14.73777],[101.28613,14.74282],[101.28053,14.72518],[101.26263,14.73046],[101.24442,14.73212],[101.22862,14.74],[101.21472,14.75082],[101.19992,14.7503],[101.19112,14.74099],[101.19483,14.72386],[101.19933,14.69886],[101.20683,14.68402],[101.20782,14.66456],[101.20902,14.64917],[101.21342,14.63125],[101.21122,14.61239],[101.21732,14.59886],[101.21852,14.58349],[101.20812,14.57022],[101.19722,14.55612],[101.18882,14.5409],[101.19612,14.52758],[101.21043,14.51634],[101.22752,14.49888],[101.23822,14.47929],[101.25423,14.48815],[101.26853,14.49989],[101.28133,14.50648],[101.28652,14.49065],[101.30113,14.49094],[101.31642,14.48984],[101.32212,14.47265],[101.33753,14.46261],[101.35192,14.45141],[101.37092,14.44324],[101.38372,14.42964],[101.39603,14.42097],[101.41062,14.42222],[101.41932,14.40532],[101.42712,14.38663],[101.43782,14.40138],[101.44472,14.42337],[101.44173,14.44082],[101.46002,14.45063],[101.47982,14.45599],[101.49322,14.45338],[101.50402,14.43756],[101.51753,14.42718],[101.53803,14.42022],[101.55362,14.43126],[101.57192,14.43033],[101.58892,14.43394],[101.60752,14.43212],[101.62262,14.42589],[101.63292,14.40411],[101.65002,14.40291],[101.65752,14.38778],[101.66982,14.37593],[101.68533,14.36008],[101.69582,14.34734],[101.70902,14.33273],[101.72533,14.3186],[101.74033,14.30177],[101.75192,14.31172],[101.75122,14.33245],[101.75962,14.33865],[101.78082,14.34404],[101.79282,14.3543],[101.80863,14.34587],[101.82523,14.34626],[101.83762,14.35607],[101.85343,14.36011],[101.86973,14.36838],[101.87103,14.3844],[101.88473,14.37912],[101.89632,14.35088],[101.90163,14.33265],[101.92643,14.32953],[101.94083,14.31741],[101.95653,14.31257],[101.97383,14.31873],[101.99143,14.30836],[101.99533,14.29182],[101.98403,14.2757],[101.97183,14.26397],[101.95574,14.25189],[101.95823,14.2391],[101.97013,14.22474],[102.02423,14.19808],[102.04223,14.18896],[102.06223,14.17355],[102.08023,14.16025],[102.10043,14.15451],[102.12173,14.14605],[102.13403,14.13594],[102.15364,14.13458],[102.16993,14.14117],[102.17023,14.16059],[102.17463,14.17776],[102.18553,14.19264],[102.19973,14.18331],[102.21463,14.16863],[102.21423,14.15294],[102.22633,14.142],[102.24553,14.13966],[102.27023,14.14272],[102.27733,14.12613],[102.29863,14.12719],[102.31713,14.1184],[102.33413,14.11783],[102.35143,14.12182],[102.36113,14.13833],[102.36243,14.15581],[102.38333,14.145],[102.40133,14.14155],[102.41523,14.15128],[102.43223,14.14851],[102.44333,14.16782],[102.45253,14.18306],[102.46843,14.18767],[102.48463,14.19141],[102.50003,14.18243],[102.51243,14.19379],[102.54033,14.19687],[102.55633,14.21247],[102.57773,14.22303],[102.59943,14.23857],[102.62603,14.26153],[102.64053,14.27763],[102.65083,14.29553],[102.67183,14.303],[102.65943,14.31338],[102.63903,14.31996],[102.61693,14.31657],[102.59803,14.32395],[102.58973,14.33625],[102.58303,14.35563],[102.56593,14.3638],[102.55923,14.38044],[102.56053,14.39875],[102.57183,14.414],[102.57984,14.43126],[102.58633,14.44295],[102.60253,14.45688],[102.60613,14.4776],[102.60213,14.49901],[102.58623,14.5064],[102.56913,14.50568],[102.54793,14.50165],[102.52733,14.49996],[102.50683,14.49848],[102.48873,14.50396],[102.49923,14.52942],[102.49903,14.54944],[102.50163,14.56907],[102.49263,14.59095],[102.47623,14.61418],[102.47253,14.63241],[102.47733,14.65582],[102.47203,14.67559],[102.45723,14.69435],[102.46833,14.71562],[102.47773,14.73378],[102.47783,14.7513],[102.46083,14.76303],[102.44793,14.77522],[102.43853,14.78533],[102.43833,14.80122],[102.43933,14.82414],[102.44363,14.84136],[102.46543,14.83379],[102.48723,14.8193],[102.50144,14.80566],[102.52013,14.80674],[102.53383,14.81515],[102.55583,14.84741],[102.54943,14.8671],[102.54703,14.88575],[102.55384,14.90558],[102.56983,14.92074],[102.56723,14.93451],[102.56243,14.9466],[102.58093,14.95152],[102.59843,14.94181],[102.61723,14.93341],[102.64233,14.93202],[102.67033,14.93064],[102.69353,14.93062],[102.70823,14.94065],[102.71213,14.95842],[102.71423,14.97716],[102.72773,14.98797],[102.74503,14.99263],[102.75444,15.0019],[102.76183,15.01542],[102.77353,15.02623],[102.78543,15.03443],[102.77854,15.04991],[102.77614,15.06656],[102.76923,15.07637],[102.78633,15.08632],[102.79513,15.10261],[102.80833,15.11746],[102.82704,15.13638],[102.84034,15.15028],[102.85504,15.16314],[102.87474,15.16634],[102.89054,15.17721],[102.90744,15.18169],[102.92514,15.17786],[102.94194,15.17895],[102.95774,15.18422],[102.97234,15.19355],[102.97574,15.20794],[102.96364,15.22603],[102.96442,15.24316],[102.96564,15.25894],[102.96303,15.274],[102.96974,15.29094],[102.95894,15.30615],[102.96224,15.32063],[102.97864,15.32976],[102.99444,15.33892],[102.99104,15.35473],[102.98814,15.37023],[102.96944,15.37418],[102.95774,15.38515],[102.95954,15.40014],[102.97074,15.4063],[102.97984,15.42279],[102.98664,15.4182],[102.99604,15.412],[103.00755,15.42371],[103.01274,15.43191],[103.00254,15.44679],[102.99414,15.46171],[102.98384,15.47428],[102.97154,15.47568],[102.95614,15.47357],[102.94124,15.47333],[102.94584,15.4883],[102.93304,15.48683],[102.93284,15.49805],[102.92292,15.50171],[102.91034,15.51104],[102.89524,15.51309],[102.88374,15.51671],[102.86954,15.50583],[102.85344,15.50784],[102.83664,15.50701],[102.82284,15.50716],[102.81283,15.52034],[102.80263,15.53383],[102.79544,15.5489],[102.78586,15.56112],[102.78593,15.57832],[102.78313,15.59465],[102.77743,15.61117],[102.77713,15.62696],[102.78253,15.6413],[102.76823,15.6497],[102.75253,15.65991],[102.73743,15.66271],[102.72043,15.66422],[102.70783,15.67899],[102.69663,15.69457],[102.70023,15.70937],[102.69383,15.72084],[102.67643,15.71692],[102.65853,15.71163],[102.64063,15.71239],[102.62303,15.72014],[102.60753,15.71866],[102.59333,15.70617],[102.57473,15.70436],[102.55603,15.70312],[102.54123,15.71121],[102.52643,15.71736],[102.51023,15.72516],[102.49103,15.71775],[102.47183,15.71466],[102.45543,15.71189],[102.43913,15.70224],[102.42363,15.69288],[102.40683,15.70112],[102.39473,15.7159],[102.38073,15.72814],[102.36423,15.73132],[102.36513,15.74972],[102.36243,15.76561],[102.35053,15.77696],[102.33893,15.78928],[102.32363,15.80328],[102.31133,15.79291],[102.29513,15.78341],[102.27664,15.78044],[102.26153,15.77343],[102.25524,15.7583],[102.25263,15.74578],[102.23593,15.74028],[102.22393,15.74828],[102.20843,15.75082],[102.20473,15.73717],[102.19013,15.74083],[102.17383,15.74041],[102.16223,15.73739],[102.16393,15.72294],[102.15563,15.70993],[102.14963,15.69711],[102.14963,15.67967],[102.13723,15.67026],[102.13013,15.65928],[102.12793,15.65091],[102.11953,15.64278],[102.10943,15.63613],[102.10293,15.62666],[102.09283,15.62964],[102.08793,15.62027],[102.08023,15.61351],[102.07743,15.59729],[102.06733,15.58302],[102.05923,15.56635],[102.04553,15.54967],[102.04573,15.5331],[102.04803,15.51561],[102.04033,15.49893],[102.03962,15.47779],[102.03324,15.46387],[102.01193,15.45536],[101.99413,15.45997],[101.97453,15.45112],[101.95642,15.44933],[101.93803,15.45273],[101.93462,15.43673],[101.92062,15.42728],[101.91202,15.4123],[101.90012,15.39647],[101.88462,15.3909],[101.86792,15.39805],[101.85372,15.40656],[101.83753,15.4109],[101.82092,15.4172],[101.80752,15.42384],[101.80032,15.40695],[101.79302,15.39196],[101.78212,15.37828],[101.76362,15.37439],[101.74422,15.37707],[101.72643,15.38229],[101.70802,15.38774],[101.68982,15.3854],[101.67392,15.3941],[101.65792,15.39083],[101.64292,15.38387],[101.63393,15.36728],[101.61952,15.36129],[101.60332,15.37142],[101.58242,15.3694],[101.56372,15.36904],[101.54363,15.37071],[101.52592,15.37023],[101.51232,15.35951],[101.49642,15.35132],[101.48132,15.34606],[101.46262,15.34957],[101.44252,15.35029],[101.42922,15.3411],[101.42302,15.32601],[101.41622,15.31195],[101.40212,15.31613],[101.38832,15.32588],[101.38583,15.31495],[101.38532,15.29741],[101.38562,15.2794],[101.38812,15.2608],[101.38942,15.24105],[101.38002,15.23726],[101.36823,15.24626],[101.36462,15.2348],[101.37092,15.21869],[101.37082,15.20034],[101.37472,15.18584],[101.38232,15.1719],[101.39212,15.15757],[101.39582,15.14168],[101.39512,15.12458],[101.40032,15.10867],[101.40163,15.09262],[101.40252,15.07606],[101.40672,15.05713],[101.41503,15.04421],[101.41663,15.0398]]]}},{"type":"Feature","properties":{"Province":"Nong Khai","Suit_mean":0.6486,"Suit_max":0.8439,"Candidate_km2":0.0},"geometry":{"type":"Polygon","coordinates":[[[102.05933,18.08011],[102.06816,18.07564],[102.07682,18.06646],[102.08345,18.0577],[102.0956,18.05498],[102.10665,18.05805],[102.11522,18.05125],[102.1155,18.04091],[102.1091,18.03063],[102.11452,18.02414],[102.12469,18.02802],[102.13724,18.03074],[102.14764,18.02765],[102.14568,18.01703],[102.14465,18.00705],[102.14893,17.99836],[102.15496,17.98829],[102.16502,17.98882],[102.16871,17.99872],[102.17389,18.00847],[102.18254,18.01322],[102.19362,18.00988],[102.20207,18.01541],[102.20756,18.0139],[102.21069,18.00409],[102.22108,18.00254],[102.23079,18.00237],[102.24338,17.99872],[102.25189,17.99103],[102.25973,17.98564],[102.26997,17.98073],[102.28115,17.97797],[102.28718,17.98751],[102.29743,17.97845],[102.29994,17.96858],[102.30814,17.9621],[102.32107,17.95383],[102.32846,17.94435],[102.33141,17.93605],[102.34193,17.92861],[102.34983,17.92183],[102.3604,17.91733],[102.37009,17.91137],[102.36874,17.90222],[102.37803,17.89786],[102.38802,17.892],[102.39465,17.88416],[102.40095,17.87505],[102.40074,17.86482],[102.40488,17.85383],[102.40331,17.84315],[102.40944,17.8375],[102.41516,17.82891],[102.42304,17.82252],[102.43038,17.81591],[102.44366,17.81635],[102.43911,17.80736],[102.43517,17.7965],[102.43579,17.78927],[102.44142,17.78191],[102.4521,17.77354],[102.45431,17.76459],[102.45928,17.75487],[102.46931,17.7511],[102.47945,17.74796],[102.49047,17.75054],[102.50155,17.75247],[102.51395,17.75394],[102.52577,17.75671],[102.53587,17.75126],[102.54234,17.7419],[102.54811,17.73344],[102.55865,17.72466],[102.56941,17.71664],[102.57963,17.70959],[102.5872,17.70033],[102.59183,17.69073],[102.5881,17.68152],[102.59206,17.67182],[102.59827,17.65954],[102.60334,17.65008],[102.60407,17.64095],[102.602,17.63018],[102.59865,17.61985],[102.60697,17.61744],[102.61724,17.61882],[102.62665,17.61524],[102.63804,17.61325],[102.64855,17.60755],[102.65211,17.59525],[102.66102,17.59235],[102.67222,17.59872],[102.68507,17.60428],[102.69335,17.61131],[102.70337,17.61199],[102.71114,17.60658],[102.7239,17.60172],[102.73703,17.60405],[102.74176,17.61307],[102.75048,17.61333],[102.75766,17.61965],[102.7671,17.62134],[102.76535,17.63144],[102.7683,17.64052],[102.77724,17.64494],[102.77857,17.65404],[102.78115,17.66547],[102.78568,17.67492],[102.79553,17.68055],[102.8072,17.67958],[102.81754,17.68285],[102.82942,17.68697],[102.83581,17.6952],[102.83627,17.70812],[102.84495,17.71592],[102.85111,17.72466],[102.84846,17.73442],[102.8487,17.74302],[102.85152,17.75165],[102.85101,17.75908],[102.85568,17.76562],[102.84987,17.77361],[102.84885,17.7789],[102.84714,17.78437],[102.84332,17.79266],[102.84168,17.80088],[102.83064,17.80428],[102.8344,17.80631],[102.84121,17.81026],[102.84155,17.81904],[102.85243,17.82164],[102.85005,17.83247],[102.85938,17.83653],[102.87,17.84029],[102.86974,17.84946],[102.87533,17.85646],[102.87572,17.86643],[102.87408,17.8772],[102.8779,17.88648],[102.88727,17.89308],[102.89556,17.88711],[102.90575,17.88562],[102.91678,17.88473],[102.92563,17.8874],[102.93394,17.88111],[102.94013,17.87124],[102.94577,17.86077],[102.95248,17.85286],[102.95902,17.84559],[102.95999,17.8351],[102.9629,17.82457],[102.97106,17.81788],[102.98242,17.82288],[102.98723,17.83257],[102.99597,17.8395],[103.00098,17.84833],[103.00852,17.85428],[103.01353,17.86195],[103.019,17.87131],[103.02973,17.87057],[103.04112,17.87331],[103.04237,17.8828],[103.04649,17.8843],[103.05445,17.87448],[103.06395,17.8724],[103.07411,17.87401],[103.08562,17.86985],[103.09341,17.86374],[103.09941,17.86438],[103.10435,17.85574],[103.10934,17.85297],[103.11634,17.85565],[103.11965,17.84595],[103.12621,17.84029],[103.1296,17.83207],[103.12942,17.82354],[103.13618,17.81707],[103.13778,17.81152],[103.14491,17.8074],[103.14992,17.79926],[103.16062,17.80027],[103.1694,17.8081],[103.17077,17.81843],[103.17545,17.82827],[103.17638,17.83833],[103.17889,17.84876],[103.1874,17.85659],[103.19671,17.86217],[103.20665,17.86531],[103.21819,17.86562],[103.2289,17.86912],[103.23989,17.86865],[103.25147,17.85998],[103.26133,17.85891],[103.27014,17.85113],[103.27235,17.83905],[103.27773,17.83141],[103.28767,17.83003],[103.29903,17.8263],[103.30948,17.83098],[103.31713,17.83949],[103.32971,17.84767],[103.34418,17.85812],[103.34705,17.8683],[103.35578,17.87409],[103.3694,17.87659],[103.37981,17.87811],[103.39225,17.87516],[103.40319,17.87283],[103.41419,17.87395],[103.41637,17.88177],[103.41429,17.89179],[103.40759,17.89949],[103.39973,17.90573],[103.39977,17.91829],[103.3982,17.92737],[103.40881,17.92557],[103.41245,17.9338],[103.41064,17.94143],[103.40441,17.94948],[103.39475,17.95268],[103.39058,17.96227],[103.39256,17.97269],[103.39095,17.98182],[103.40066,17.97994],[103.40854,17.98815],[103.41561,17.98145],[103.42709,17.97849],[103.42936,17.9715],[103.43939,17.9695],[103.44942,17.96488],[103.45159,17.97365],[103.44065,17.97576],[103.44376,17.98545],[103.4549,17.98853],[103.46645,17.98634],[103.47165,17.99649],[103.47999,17.9987],[103.48567,17.99021],[103.49629,17.98523],[103.50236,17.99324],[103.50649,18.0005],[103.50322,18.01102],[103.50294,18.0217],[103.50163,18.03228],[103.50182,18.04538],[103.50252,18.0571],[103.50703,18.06154],[103.51554,18.06986],[103.5274,18.06649],[103.53822,18.06548],[103.53947,18.07305],[103.54359,18.08397],[103.54978,18.07424],[103.54318,18.06667],[103.55315,18.05967],[103.56337,18.05756],[103.57138,18.04935],[103.57936,18.04102],[103.58681,18.03385],[103.59216,18.04237],[103.59907,18.04097],[103.60703,18.03306],[103.61053,18.02095],[103.61465,18.01024],[103.62665,18.00949],[103.63718,18.01114],[103.64009,18.00666],[103.63065,18.00215],[103.62427,17.99406],[103.62699,17.98274],[103.62662,17.97163],[103.63114,17.96917],[103.64081,17.97089],[103.64256,17.96058],[103.65328,17.96088],[103.66051,17.97031],[103.66797,17.96428],[103.66319,17.95505],[103.66718,17.94648],[103.67879,17.95041],[103.68998,17.95095],[103.69946,17.94493],[103.71013,17.93788],[103.71928,17.93172],[103.72668,17.9228],[103.73687,17.91822],[103.74647,17.90993],[103.75441,17.91548],[103.75202,17.92659],[103.75649,17.93644],[103.76068,17.94736],[103.76646,17.94789],[103.76286,17.9378],[103.75784,17.92575],[103.76225,17.91735],[103.77294,17.92373],[103.78147,17.92921],[103.78126,17.91774],[103.7765,17.90574],[103.78377,17.89524],[103.78193,17.88674],[103.77001,17.88829],[103.76676,17.87844],[103.77402,17.86792],[103.7803,17.8582],[103.78791,17.84968],[103.79575,17.84064],[103.80576,17.84641],[103.80924,17.85725],[103.79867,17.86555],[103.79994,17.87352],[103.81046,17.86925],[103.82086,17.86866],[103.83349,17.86756],[103.84302,17.87099],[103.8508,17.87911],[103.86236,17.87879],[103.86843,17.87108],[103.86501,17.86114],[103.87174,17.86776],[103.88324,17.87372],[103.89637,17.87639],[103.90629,17.87263],[103.90158,17.86234],[103.90184,17.8517],[103.90346,17.84376],[103.91271,17.85012],[103.92219,17.8514],[103.92273,17.8401],[103.92428,17.82925],[103.91914,17.8186],[103.92589,17.81172],[103.93468,17.80308],[103.93902,17.79281],[103.9424,17.78187],[103.95252,17.77599],[103.96227,17.77531],[103.97292,17.78136],[103.97293,17.77302],[103.98132,17.77314],[103.9872,17.78095],[103.99536,17.78547],[104.00117,17.79288],[103.99982,17.8025],[104.01038,17.80856],[104.01084,17.81645],[104.01181,17.82502],[104.00394,17.83298],[104.00057,17.84189],[103.99762,17.84689],[103.98669,17.85129],[103.98488,17.85874],[103.98551,17.8632],[103.98589,17.86991],[103.99288,17.87636],[103.99718,17.88736],[104.00821,17.88839],[104.01663,17.88335],[104.02729,17.88147],[104.03976,17.88388],[104.05209,17.88544],[104.06239,17.88111],[104.07397,17.87641],[104.08433,17.88311],[104.09022,17.89411],[104.09739,17.9034],[104.10603,17.91411],[104.11624,17.92285],[104.12483,17.93317],[104.12988,17.94566],[104.124,17.95824],[104.11842,17.96704],[104.11594,17.97673],[104.11654,17.99],[104.12083,18.00649],[104.13214,18.00633],[104.13963,18.01525],[104.14867,18.02307],[104.15843,18.02306],[104.16352,18.0131],[104.17113,18.00447],[104.17703,18.00626],[104.18472,18.01164],[104.19138,18.01947],[103.96896,18.33826],[103.83081,18.32967],[103.6466,18.37791],[103.37426,18.43915],[103.24351,18.36631],[103.25738,18.28701],[103.14365,18.16808],[103.06388,18.0109],[102.94615,18.00306],[102.76735,17.90171],[102.69723,17.82008],[102.58769,17.87431],[102.5526,17.96966],[102.3461,18.04509],[102.19925,18.13499],[102.10748,18.20589],[102.10608,18.19537],[102.10591,18.18554],[102.10467,18.17501],[102.10529,18.16535],[102.10116,18.15671],[102.09,18.15597],[102.08175,18.14824],[102.07412,18.14209],[102.0724,18.13196],[102.06985,18.12018],[102.06742,18.10923],[102.06497,18.09853],[102.05975,18.0902],[102.05933,18.08011]]]}},{"type":"Feature","properties":{"Province":"Roi Et","Suit_mean":0.7146,"Suit_max":0.829,"Candidate_km2":0.0},"geometry":{"type":"Polygon","coordinates":[[[103.27674,15.60043],[103.28538,15.59132],[103.29434,15.59148],[103.29724,15.58065],[103.3034,15.56888],[103.30844,15.5584],[103.31964,15.55198],[103.33064,15.54581],[103.34384,15.54263],[103.35545,15.53786],[103.36126,15.5275],[103.36972,15.52574],[103.37913,15.53299],[103.39044,15.53509],[103.40394,15.5336],[103.41494,15.53475],[103.42294,15.52519],[103.42474,15.51283],[103.42393,15.49783],[103.41864,15.48591],[103.41456,15.47432],[103.41124,15.46337],[103.40768,15.44926],[103.40448,15.43691],[103.4124,15.43509],[103.42364,15.44031],[103.43494,15.44691],[103.44617,15.45045],[103.46204,15.44955],[103.47544,15.44822],[103.48724,15.44466],[103.49344,15.43594],[103.50701,15.43497],[103.51594,15.42855],[103.52428,15.42659],[103.53465,15.42382],[103.54323,15.43145],[103.55274,15.43689],[103.55584,15.44798],[103.56524,15.45146],[103.57144,15.45868],[103.58103,15.46339],[103.59133,15.46441],[103.59949,15.46413],[103.61184,15.46455],[103.61884,15.46419],[103.62424,15.45747],[103.63695,15.45491],[103.65017,15.45413],[103.65845,15.44751],[103.66769,15.44718],[103.67695,15.44388],[103.68722,15.44518],[103.69405,15.44227],[103.70308,15.44134],[103.71185,15.44411],[103.71944,15.4439],[103.72775,15.43699],[103.73745,15.4417],[103.74715,15.4448],[103.75645,15.4376],[103.76795,15.43724],[103.77918,15.43366],[103.78748,15.44082],[103.79865,15.44109],[103.81047,15.44529],[103.82359,15.44967],[103.83414,15.45813],[103.84475,15.45588],[103.85447,15.46212],[103.86015,15.45158],[103.86804,15.45214],[103.87418,15.46122],[103.88396,15.46389],[103.88708,15.45337],[103.89204,15.46225],[103.89584,15.4605],[103.90058,15.44823],[103.90764,15.43965],[103.92097,15.43644],[103.93404,15.43409],[103.94576,15.43598],[103.94422,15.42772],[103.94803,15.41736],[103.95589,15.41208],[103.96379,15.41651],[103.97263,15.42255],[103.97712,15.41542],[103.97694,15.40487],[103.99384,15.42364],[103.99838,15.43701],[104.00645,15.44427],[104.01555,15.45324],[104.02387,15.46455],[104.03094,15.4767],[104.03978,15.48527],[104.05303,15.49158],[104.06205,15.50666],[104.06573,15.51639],[104.07623,15.52094],[104.08054,15.52928],[104.08105,15.53974],[104.09015,15.54755],[104.10084,15.54533],[104.10464,15.55307],[104.10335,15.56466],[104.11564,15.56079],[104.12565,15.57042],[104.13415,15.57937],[104.14725,15.58658],[104.16074,15.59491],[104.17194,15.6005],[104.18715,15.60193],[104.21234,15.60557],[104.20865,15.61331],[104.19801,15.61021],[104.18805,15.60639],[104.18522,15.61758],[104.19267,15.62544],[104.18402,15.62859],[104.17515,15.63117],[104.17803,15.64106],[104.1747,15.6526],[104.18361,15.65245],[104.18965,15.65953],[104.17936,15.6609],[104.17475,15.66956],[104.16118,15.68633],[104.15254,15.69396],[104.14725,15.70504],[104.14377,15.70961],[104.13645,15.69963],[104.12808,15.69237],[104.12074,15.70076],[104.13183,15.70433],[104.12974,15.71709],[104.13814,15.7247],[104.13845,15.73169],[104.13731,15.74255],[104.14134,15.75103],[104.13278,15.75775],[104.13123,15.76739],[104.13837,15.77481],[104.14066,15.78584],[104.13654,15.79616],[104.12328,15.80134],[104.11253,15.80545],[104.10294,15.81729],[104.09235,15.82636],[104.08114,15.83365],[104.07067,15.83115],[104.07249,15.8216],[104.07916,15.81574],[104.06861,15.81062],[104.05554,15.8047],[104.04461,15.79552],[104.03295,15.79441],[104.02235,15.79445],[104.00794,15.79183],[104.00145,15.80939],[104.00999,15.81344],[104.01364,15.82256],[104.01804,15.8273],[104.01463,15.83568],[104.01894,15.83593],[104.02323,15.84554],[104.02961,15.85375],[104.02355,15.8603],[104.02834,15.86283],[104.03744,15.86731],[104.02675,15.86833],[104.03114,15.87394],[104.02125,15.88142],[104.02094,15.88986],[104.01971,15.8991],[104.01785,15.90792],[104.02855,15.91314],[104.03387,15.92315],[104.03695,15.93363],[104.03658,15.94202],[104.03274,15.95176],[104.02642,15.955],[104.01814,15.94874],[104.01825,15.96013],[104.02355,15.97087],[104.02912,15.97608],[104.03625,15.98039],[104.04905,15.98251],[104.06232,15.98294],[104.0751,15.98054],[104.08614,15.97617],[104.10055,15.97512],[104.10864,15.9847],[104.10724,15.99776],[104.11075,16.0072],[104.11604,16.01698],[104.11835,16.02816],[104.11659,16.03751],[104.10908,16.04368],[104.10558,16.05405],[104.10253,16.06442],[104.10274,16.0767],[104.10645,16.0888],[104.11529,16.10015],[104.11894,16.10954],[104.13104,16.10847],[104.14315,16.10621],[104.15379,16.11333],[104.16031,16.12604],[104.17045,16.1354],[104.17953,16.1436],[104.19702,16.14417],[104.20378,16.15446],[104.21305,16.15697],[104.22375,16.15606],[104.23335,16.16652],[104.24035,16.17734],[104.25145,16.19162],[104.25275,16.20405],[104.25618,16.21533],[104.26645,16.22134],[104.28874,16.22698],[104.30244,16.23425],[104.31835,16.24691],[104.32259,16.25891],[104.32829,16.26718],[104.33743,16.27522],[104.34321,16.28615],[104.34485,16.29706],[104.34672,16.30844],[104.34994,16.32016],[104.33604,16.32352],[104.32515,16.32591],[104.32795,16.3357],[104.33035,16.34583],[104.32594,16.35991],[104.32255,16.37558],[104.31884,16.38762],[104.31895,16.40313],[104.32191,16.41502],[104.3193,16.4263],[104.31757,16.43949],[104.3131,16.45123],[104.30814,16.46045],[104.30048,16.46729],[104.29065,16.46585],[104.2909,16.45551],[104.28476,16.4451],[104.27427,16.43853],[104.26215,16.435],[104.24795,16.43271],[104.23,16.43107],[104.21895,16.43266],[104.20865,16.42808],[104.19667,16.42721],[104.18516,16.43463],[104.17375,16.44273],[104.16174,16.43913],[104.15072,16.43407],[104.1434,16.42221],[104.12955,16.42376],[104.11658,16.41936],[104.10385,16.41715],[104.094,16.41197],[104.08147,16.40765],[104.07185,16.40209],[104.06345,16.39368],[104.04775,16.38778],[104.04395,16.40093],[104.03996,16.41363],[104.04266,16.42598],[104.03738,16.43682],[104.02487,16.43885],[104.00895,16.44051],[103.99699,16.44066],[103.99014,16.43128],[103.97635,16.43133],[103.96267,16.43454],[103.95035,16.43865],[103.93784,16.43453],[103.92325,16.43601],[103.91685,16.44483],[103.90876,16.44606],[103.89674,16.44975],[103.88625,16.45494],[103.87835,16.46234],[103.86594,16.46772],[103.85289,16.46309],[103.83704,16.4639],[103.82534,16.4687],[103.81734,16.45662],[103.80718,16.45039],[103.79419,16.44378],[103.78525,16.43523],[103.77454,16.42808],[103.76505,16.42015],[103.75426,16.41509],[103.74534,16.40868],[103.73814,16.39757],[103.72663,16.38879],[103.71284,16.38471],[103.70653,16.36979],[103.71334,16.36079],[103.72094,16.35257],[103.72924,16.34115],[103.72904,16.32641],[103.73804,16.31656],[103.74939,16.30876],[103.75839,16.29889],[103.75497,16.28806],[103.7572,16.2779],[103.75671,16.2648],[103.75204,16.25415],[103.74081,16.24703],[103.73703,16.23445],[103.73544,16.2208],[103.71503,16.21615],[103.69844,16.22087],[103.69893,16.21438],[103.69063,16.20729],[103.68596,16.21417],[103.67688,16.20938],[103.66996,16.21738],[103.66603,16.20729],[103.67444,16.20135],[103.6759,16.19492],[103.66564,16.19039],[103.65939,16.19871],[103.65521,16.18866],[103.64614,16.18928],[103.63653,16.18758],[103.63454,16.19851],[103.62703,16.20963],[103.61734,16.21582],[103.60334,16.21257],[103.61155,16.21036],[103.61952,16.20314],[103.61364,16.19743],[103.60518,16.19038],[103.59933,16.19838],[103.59134,16.19183],[103.57773,16.19686],[103.5674,16.19933],[103.55453,16.20053],[103.55884,16.20823],[103.55782,16.21374],[103.54814,16.21045],[103.54058,16.21411],[103.53584,16.21541],[103.5303,16.20407],[103.52484,16.19635],[103.51624,16.19593],[103.50434,16.1964],[103.50018,16.18752],[103.49164,16.17977],[103.49502,16.1667],[103.48764,16.15824],[103.48408,16.14306],[103.47588,16.13582],[103.46855,16.12711],[103.46244,16.11481],[103.46014,16.10021],[103.45824,16.08696],[103.45989,16.07491],[103.46694,16.06459],[103.47069,16.05158],[103.47344,16.03871],[103.46913,16.02879],[103.46434,16.01849],[103.46684,16.00659],[103.46394,15.99305],[103.46364,15.98055],[103.46518,15.96864],[103.4689,15.95717],[103.47484,15.94746],[103.47983,15.93412],[103.47335,15.92767],[103.46514,15.9217],[103.46178,15.90944],[103.45831,15.89719],[103.4556,15.88573],[103.45203,15.87503],[103.44731,15.86434],[103.44434,15.85165],[103.44119,15.83778],[103.43842,15.82708],[103.44034,15.81149],[103.43683,15.80266],[103.43774,15.79153],[103.43063,15.77583],[103.41864,15.76862],[103.40584,15.76358],[103.40164,15.75289],[103.41373,15.74527],[103.42239,15.73703],[103.4236,15.72487],[103.41504,15.70997],[103.40374,15.70831],[103.39045,15.70632],[103.37854,15.71105],[103.36821,15.71584],[103.35524,15.72079],[103.34714,15.71151],[103.33032,15.70227],[103.31774,15.69976],[103.30302,15.69443],[103.29264,15.68148],[103.28078,15.66584],[103.28822,15.66026],[103.30143,15.66094],[103.30781,15.65518],[103.30475,15.6415],[103.30194,15.62955],[103.29694,15.61853],[103.28354,15.61102],[103.27704,15.60208],[103.27674,15.60043]]]}},{"type":"Feature","properties":{"Province":"Sakon Nakhon","Suit_mean":0.6958,"Suit_max":0.8779,"Candidate_km2":0.0},"geometry":{"type":"Polygon","coordinates":[[[103.40727,17.87261],[103.4073,17.85544],[103.39736,17.85118],[103.40232,17.841],[103.41381,17.83826],[103.41631,17.82987],[103.40503,17.8335],[103.39976,17.83596],[103.38784,17.83694],[103.38828,17.82692],[103.383,17.81728],[103.38135,17.80519],[103.37892,17.79368],[103.37057,17.78716],[103.37162,17.77601],[103.38073,17.76618],[103.38119,17.7545],[103.39438,17.74982],[103.40463,17.75185],[103.40932,17.74011],[103.40951,17.73044],[103.40948,17.71865],[103.40745,17.70561],[103.40748,17.69201],[103.40653,17.67695],[103.40833,17.66086],[103.40605,17.6491],[103.40312,17.63738],[103.40231,17.62334],[103.40182,17.6092],[103.40832,17.59765],[103.41302,17.58952],[103.40093,17.58958],[103.38811,17.58835],[103.37971,17.58397],[103.376,17.5762],[103.36805,17.58445],[103.35706,17.58101],[103.34587,17.57482],[103.34127,17.56108],[103.33548,17.55188],[103.32694,17.54708],[103.32216,17.53623],[103.32046,17.52261],[103.31205,17.51119],[103.3041,17.50299],[103.29251,17.49479],[103.29312,17.48247],[103.29019,17.47055],[103.29057,17.45809],[103.28334,17.44747],[103.27887,17.43786],[103.28284,17.4254],[103.28518,17.41398],[103.29281,17.40459],[103.30073,17.39348],[103.30052,17.38151],[103.29381,17.37075],[103.28676,17.36026],[103.27925,17.34768],[103.27602,17.33608],[103.27197,17.32605],[103.26064,17.31975],[103.25795,17.30775],[103.26309,17.29593],[103.26903,17.28411],[103.27858,17.27186],[103.28721,17.26209],[103.29801,17.26435],[103.3129,17.26519],[103.3243,17.25973],[103.33383,17.25433],[103.34871,17.25036],[103.35926,17.24636],[103.36231,17.2369],[103.37411,17.23097],[103.38748,17.22405],[103.40164,17.22086],[103.41691,17.21178],[103.42678,17.21436],[103.44045,17.21077],[103.45341,17.2151],[103.46604,17.21456],[103.47327,17.22538],[103.48112,17.21611],[103.49224,17.20953],[103.50414,17.20208],[103.51526,17.1949],[103.52682,17.18785],[103.53647,17.18086],[103.54936,17.1716],[103.56133,17.16533],[103.5715,17.15758],[103.58292,17.15828],[103.59279,17.16401],[103.60118,17.16696],[103.60803,17.15874],[103.61704,17.14976],[103.62658,17.14257],[103.63467,17.13155],[103.63893,17.11917],[103.64479,17.10869],[103.66145,17.10983],[103.67014,17.10208],[103.66766,17.08881],[103.6607,17.0755],[103.66466,17.06316],[103.66925,17.05094],[103.66471,17.03809],[103.66374,17.02568],[103.67023,17.01673],[103.67987,17.02336],[103.69183,17.0254],[103.70269,17.02708],[103.7095,17.01451],[103.72086,17.01271],[103.73102,17.00661],[103.72596,16.99013],[103.73063,16.98149],[103.74272,16.98345],[103.75203,16.97178],[103.76218,16.96503],[103.78708,16.95162],[103.79049,16.90174],[103.82769,16.86976],[103.86683,16.83369],[103.90973,16.80203],[103.92593,16.79156],[103.93751,16.78368],[103.94368,16.77199],[103.95567,16.7822],[103.9574,16.79655],[103.95851,16.81127],[103.96295,16.8221],[103.97411,16.81127],[103.97974,16.82259],[103.99221,16.83117],[104.00649,16.83701],[104.01566,16.84728],[104.02702,16.85517],[104.03798,16.84208],[104.04903,16.84225],[104.0644,16.83753],[104.07378,16.82953],[104.10808,16.83318],[104.11264,16.84496],[104.12029,16.8523],[104.12611,16.8627],[104.12489,16.87556],[104.12921,16.88646],[104.1639,16.88841],[104.17583,16.88592],[104.18812,16.8806],[104.20352,16.87512],[104.21396,16.87967],[104.22201,16.88976],[104.24363,16.89017],[104.25089,16.9008],[104.26023,16.90747],[104.27024,16.91687],[104.29521,16.92716],[104.30642,16.9287],[104.31231,16.94313],[104.31741,16.95611],[104.32294,16.9677],[104.33014,16.97588],[104.34107,16.97968],[104.35435,16.98259],[104.35654,16.99247],[104.37248,17.00523],[104.38401,17.01274],[104.39494,17.01539],[104.39952,17.02487],[104.39411,17.03112],[104.38899,17.03906],[104.37814,17.04559],[104.36744,17.05389],[104.36104,17.05707],[104.35494,17.06385],[104.36486,17.06899],[104.36358,17.08177],[104.36401,17.0932],[104.38695,17.11285],[104.40093,17.12765],[104.39994,17.14286],[104.39738,17.15456],[104.39719,17.16708],[104.40173,17.18109],[104.40893,17.19386],[104.41172,17.2077],[104.41784,17.21996],[104.43141,17.23089],[104.42977,17.24082],[104.42613,17.25228],[104.41612,17.26408],[104.40833,17.27406],[104.40722,17.28747],[104.4044,17.29966],[104.41271,17.31288],[104.42158,17.3264],[104.42273,17.33894],[104.41516,17.35083],[104.41287,17.36353],[104.40768,17.37476],[104.41222,17.38648],[104.41115,17.40031],[104.41732,17.41249],[104.4111,17.42278],[104.39792,17.42319],[104.38362,17.42086],[104.37007,17.42066],[104.35702,17.42206],[104.34303,17.4216],[104.3276,17.42622],[104.31381,17.42816],[104.30136,17.42223],[104.28712,17.41921],[104.27521,17.41575],[104.26363,17.41015],[104.25014,17.41141],[104.23586,17.40669],[104.22239,17.40607],[104.21097,17.41227],[104.20349,17.42145],[104.19118,17.42009],[104.18149,17.42091],[104.17149,17.4239],[104.17288,17.41354],[104.1669,17.41259],[104.15389,17.40881],[104.14836,17.4038],[104.1484,17.39787],[104.15271,17.39004],[104.14191,17.39148],[104.14118,17.38161],[104.12993,17.37659],[104.12615,17.38797],[104.121,17.39308],[104.1103,17.38852],[104.10836,17.39871],[104.09679,17.3989],[104.09661,17.39123],[104.09824,17.3867],[104.10092,17.37963],[104.09073,17.37201],[104.0894,17.38214],[104.07885,17.38852],[104.07594,17.37562],[104.0689,17.3816],[104.05756,17.38174],[104.05513,17.39238],[104.0504,17.40596],[104.03885,17.41706],[104.03304,17.43066],[104.02845,17.44352],[104.01881,17.45471],[104.01415,17.47082],[104.01144,17.48465],[104.02171,17.4912],[104.03019,17.50073],[104.0367,17.5133],[104.04076,17.52612],[104.0387,17.54028],[104.03989,17.55604],[104.04726,17.56654],[104.05442,17.57691],[104.05369,17.58853],[104.04763,17.59963],[104.03887,17.60872],[104.03385,17.62047],[104.03568,17.63265],[104.03493,17.63811],[104.04646,17.63976],[104.05644,17.63885],[104.06734,17.64305],[104.07053,17.65014],[104.07101,17.66054],[104.07833,17.66934],[104.07964,17.67344],[104.07979,17.67774],[104.06972,17.68027],[104.07022,17.69046],[104.07483,17.69649],[104.07774,17.70135],[104.0697,17.71088],[104.06146,17.72206],[104.06551,17.72149],[104.06644,17.74106],[104.0595,17.73841],[104.05011,17.73925],[104.05711,17.74653],[104.05414,17.75805],[104.03878,17.76556],[104.02928,17.7592],[104.02335,17.75902],[104.02004,17.77039],[104.01235,17.78439],[104.01439,17.79326],[104.01828,17.8018],[104.00639,17.80765],[104.00033,17.79831],[103.9994,17.78529],[103.98685,17.7828],[103.98132,17.77314],[103.97128,17.77486],[103.96766,17.78044],[103.95708,17.77335],[103.94566,17.77993],[103.93929,17.79172],[103.93435,17.80342],[103.92331,17.81241],[103.92063,17.82236],[103.92374,17.83521],[103.92256,17.84874],[103.91313,17.85099],[103.90234,17.84336],[103.90246,17.85473],[103.90228,17.86748],[103.90121,17.87638],[103.88638,17.87454],[103.87174,17.86776],[103.86363,17.86226],[103.86747,17.87539],[103.85653,17.87962],[103.84492,17.87347],[103.83464,17.86751],[103.82032,17.86872],[103.80651,17.87005],[103.79549,17.87221],[103.80435,17.86],[103.80772,17.8477],[103.79677,17.84057],[103.78734,17.85145],[103.77787,17.86049],[103.77042,17.8732],[103.76581,17.88526],[103.78015,17.88721],[103.78377,17.89524],[103.77639,17.90824],[103.78339,17.92181],[103.77663,17.92661],[103.76538,17.91803],[103.75767,17.92467],[103.76311,17.93827],[103.76623,17.95078],[103.75876,17.94308],[103.75458,17.93089],[103.75286,17.91818],[103.74703,17.90935],[103.73589,17.91873],[103.72357,17.9243],[103.7183,17.93839],[103.70351,17.94187],[103.69184,17.94975],[103.67879,17.95041],[103.66515,17.94702],[103.66513,17.95836],[103.66532,17.96902],[103.65656,17.96303],[103.64391,17.96029],[103.64045,17.97126],[103.62964,17.96685],[103.62771,17.97607],[103.62438,17.9893],[103.62806,18.00145],[103.63953,18.00605],[103.63467,18.01127],[103.62401,18.00967],[103.61134,18.01488],[103.60962,18.02944],[103.59999,18.039],[103.59216,18.04237],[103.58514,18.03402],[103.57845,18.04469],[103.56726,18.05293],[103.5563,18.0593],[103.54382,18.06501],[103.54952,18.0749],[103.5416,18.08221],[103.53996,18.06917],[103.53076,18.06409],[103.51829,18.07094],[103.50698,18.06207],[103.50191,18.05587],[103.50271,18.04175],[103.50218,18.02659],[103.50336,18.01482],[103.50561,18.00262],[103.50236,17.99324],[103.49477,17.98489],[103.4837,17.99297],[103.47556,18.0001],[103.46835,17.98916],[103.45625,17.98795],[103.44326,17.98503],[103.44402,17.97514],[103.45307,17.97034],[103.44219,17.96567],[103.43147,17.97062],[103.42765,17.97841],[103.41443,17.98176],[103.40565,17.98674],[103.39612,17.98129],[103.3905,17.97525],[103.39081,17.96426],[103.39475,17.95268],[103.40646,17.94824],[103.40874,17.93854],[103.41362,17.92816],[103.4016,17.92513],[103.39867,17.91924],[103.39942,17.90509],[103.41075,17.89822],[103.41426,17.88774],[103.41785,17.87612],[103.40727,17.87261]]]}},{"type":"Feature","properties":{"Province":"Surin","Suit_mean":0.7072,"Suit_max":0.954,"Candidate_km2":0.0},"geometry":{"type":"Polygon","coordinates":[[[103.40354,15.43106],[103.3909,15.42439],[103.3795,15.42066],[103.36973,15.41171],[103.35802,15.40702],[103.34344,15.40305],[103.32976,15.4094],[103.31302,15.41057],[103.29954,15.41536],[103.28423,15.41926],[103.27231,15.42112],[103.26656,15.43041],[103.25719,15.43925],[103.24825,15.44417],[103.23521,15.44371],[103.2263,15.45109],[103.21537,15.45755],[103.20399,15.45751],[103.19216,15.46031],[103.179,15.46376],[103.16622,15.46687],[103.15224,15.47042],[103.14184,15.47307],[103.12597,15.47699],[103.11603,15.47716],[103.11854,15.46492],[103.11174,15.45757],[103.11464,15.44782],[103.11796,15.43825],[103.10884,15.42898],[103.09458,15.41907],[103.10227,15.41066],[103.11054,15.40722],[103.12188,15.39749],[103.12382,15.40229],[103.1314,15.4057],[103.13464,15.39636],[103.13833,15.40391],[103.14664,15.40212],[103.14675,15.39023],[103.15093,15.3795],[103.15794,15.38048],[103.15172,15.37198],[103.16144,15.36548],[103.16743,15.35773],[103.16154,15.34976],[103.17122,15.35334],[103.1809,15.35626],[103.18914,15.36238],[103.20071,15.35899],[103.19475,15.35493],[103.19604,15.34639],[103.20109,15.33453],[103.20976,15.33665],[103.21564,15.33223],[103.22471,15.32845],[103.22434,15.32057],[103.23114,15.31599],[103.23804,15.31823],[103.2499,15.31494],[103.25624,15.31236],[103.25765,15.30661],[103.26879,15.30656],[103.27784,15.31431],[103.28656,15.31401],[103.28584,15.30578],[103.29054,15.29984],[103.29833,15.29723],[103.30519,15.30703],[103.31356,15.31455],[103.31833,15.32079],[103.32548,15.32669],[103.33124,15.33135],[103.34339,15.3347],[103.35244,15.33565],[103.35619,15.34174],[103.36484,15.33824],[103.37543,15.33577],[103.38303,15.32684],[103.39095,15.32816],[103.40184,15.3276],[103.39425,15.32267],[103.3932,15.31315],[103.40421,15.30906],[103.41514,15.30855],[103.42493,15.31173],[103.43234,15.30512],[103.43436,15.31542],[103.4378,15.32403],[103.44378,15.3296],[103.45171,15.33382],[103.45093,15.34124],[103.46098,15.33336],[103.46792,15.33677],[103.47619,15.32942],[103.47649,15.31827],[103.48781,15.31493],[103.49277,15.31016],[103.50145,15.30783],[103.50704,15.30694],[103.50233,15.29771],[103.50824,15.29018],[103.49743,15.2904],[103.48594,15.29032],[103.4793,15.282],[103.47054,15.27748],[103.46607,15.26991],[103.46404,15.2588],[103.45872,15.25168],[103.44894,15.25835],[103.44988,15.25387],[103.44496,15.24683],[103.44035,15.2367],[103.43806,15.22653],[103.43954,15.21514],[103.43484,15.20704],[103.4348,15.20225],[103.42387,15.19783],[103.42287,15.18634],[103.43336,15.18082],[103.42824,15.17074],[103.42845,15.16064],[103.43044,15.15039],[103.42984,15.14265],[103.42942,15.13385],[103.43324,15.12569],[103.4351,15.11569],[103.43571,15.1048],[103.44581,15.1015],[103.43814,15.09694],[103.43591,15.08579],[103.43783,15.08193],[103.44584,15.0831],[103.43944,15.07332],[103.43104,15.06681],[103.43725,15.05762],[103.44813,15.04902],[103.45027,15.03921],[103.44528,15.02926],[103.43424,15.02559],[103.42747,15.02244],[103.42208,15.01328],[103.41876,15.00153],[103.42208,14.99387],[103.42901,14.98369],[103.42493,14.9788],[103.43154,14.97116],[103.42242,14.96735],[103.42504,14.96192],[103.42004,14.95279],[103.42534,14.94127],[103.42707,14.92961],[103.42241,14.91883],[103.41097,14.91345],[103.40345,14.90786],[103.40205,14.89774],[103.40423,14.88826],[103.39345,14.89004],[103.39104,14.88027],[103.38244,14.86911],[103.37874,14.85934],[103.36924,14.85521],[103.35976,14.84354],[103.34956,14.83551],[103.34755,14.82899],[103.33734,14.82709],[103.32564,14.82649],[103.32074,14.81584],[103.31403,14.80757],[103.30484,14.80532],[103.29274,14.80627],[103.29404,14.79619],[103.29145,14.77979],[103.28172,14.7731],[103.27084,14.75353],[103.27045,14.69783],[103.25535,14.66496],[103.24974,14.6555],[103.24254,14.64495],[103.23426,14.63591],[103.23715,14.62566],[103.23984,14.61322],[103.23444,14.60356],[103.22504,14.59733],[103.21704,14.58832],[103.21572,14.57835],[103.21901,14.56613],[103.22407,14.55419],[103.22584,14.54076],[103.21487,14.53676],[103.21644,14.52554],[103.22264,14.5155],[103.221,14.50442],[103.223,14.49367],[103.22961,14.48394],[103.23841,14.47396],[103.24034,14.46032],[103.24214,14.449],[103.24847,14.43988],[103.24984,14.42864],[103.24454,14.41784],[103.23925,14.40698],[103.22574,14.39969],[103.23264,14.39302],[103.23759,14.38474],[103.23078,14.3757],[103.22489,14.36317],[103.22474,14.35193],[103.22727,14.33972],[103.27381,14.34568],[103.41412,14.36887],[103.51502,14.39711],[103.66064,14.41625],[103.77905,14.36286],[103.91481,14.33329],[103.99478,14.35035],[104.06333,14.34351],[104.05325,14.35251],[104.04958,14.36508],[104.05253,14.37703],[104.05192,14.39157],[104.05293,14.40548],[104.05415,14.41923],[104.054,14.43211],[104.05855,14.44722],[104.05968,14.46024],[104.05343,14.47139],[104.05165,14.48469],[104.04339,14.48989],[104.03654,14.49648],[104.03763,14.5075],[104.03692,14.51846],[104.03337,14.52938],[104.03886,14.54179],[104.04705,14.55583],[104.04983,14.56754],[104.05663,14.57672],[104.05656,14.59005],[104.05904,14.60324],[104.05464,14.6415],[104.05353,14.65641],[104.05008,14.66891],[104.04528,14.67958],[104.03738,14.6859],[104.02801,14.68978],[104.01733,14.69849],[104.01287,14.7084],[104.00659,14.71958],[104.00294,14.73117],[104.0047,14.7447],[104.00955,14.7604],[104.00651,14.77369],[104.00348,14.78495],[104.00185,14.79745],[103.99524,14.80584],[103.98167,14.80489],[103.97352,14.80921],[103.95777,14.81485],[103.9462,14.81632],[103.93507,14.81879],[103.9244,14.82683],[103.91484,14.83335],[103.90606,14.83966],[103.90977,14.85194],[103.91683,14.86302],[103.92169,14.87196],[103.92166,14.88128],[103.92751,14.89222],[103.93588,14.90244],[103.94198,14.91408],[103.95196,14.92081],[103.96152,14.93421],[103.96635,14.94409],[103.97141,14.95187],[103.97144,14.9633],[103.9732,14.97169],[103.98407,14.97062],[103.98971,14.98059],[103.99979,14.98834],[104.00451,14.99804],[104.0039,15.01098],[104.00726,15.01942],[104.01477,15.02519],[104.0182,15.0365],[104.02332,15.04657],[104.01488,15.05674],[104.01167,15.06118],[104.01538,15.07049],[104.02243,15.07249],[104.01511,15.08066],[104.00326,15.08014],[103.99786,15.08351],[104.00017,15.09025],[103.99689,15.10042],[103.99522,15.10961],[104.0014,15.11716],[103.99696,15.12265],[103.98971,15.12754],[103.99888,15.13332],[104.00217,15.14378],[103.99484,15.14956],[103.98609,15.15528],[103.98038,15.15817],[103.97202,15.16687],[103.97289,15.17823],[103.97457,15.18713],[103.98184,15.19402],[103.98667,15.19998],[103.97965,15.20858],[103.97463,15.22005],[103.98476,15.22202],[103.99,15.22971],[103.99195,15.23773],[103.99215,15.24605],[104.00259,15.25212],[103.99083,15.25749],[103.97796,15.26622],[103.97999,15.28019],[103.98428,15.27211],[103.99272,15.26277],[104.00133,15.27394],[103.99897,15.28482],[104.00268,15.29307],[104.01301,15.28978],[104.01703,15.29279],[104.01575,15.30347],[104.01614,15.31431],[104.02846,15.31336],[104.03214,15.32332],[104.02921,15.33169],[104.0394,15.32676],[104.04817,15.33215],[104.05466,15.33874],[104.06181,15.34166],[104.07118,15.34767],[104.08281,15.34794],[104.0879,15.35675],[104.0888,15.3635],[104.08336,15.37399],[104.08398,15.38215],[104.07489,15.38341],[104.07199,15.39302],[104.06491,15.40067],[104.05544,15.39764],[104.05021,15.40102],[104.03876,15.40362],[104.02745,15.40374],[104.01855,15.40813],[104.01196,15.4036],[104.00513,15.3973],[103.99611,15.39263],[103.98515,15.40253],[103.97475,15.40828],[103.97804,15.41925],[103.96844,15.42168],[103.96384,15.41196],[103.95235,15.41214],[103.94634,15.42093],[103.94814,15.43013],[103.94154,15.43567],[103.92825,15.43333],[103.91524,15.435],[103.90244,15.44167],[103.89905,15.45251],[103.89495,15.46534],[103.89304,15.45911],[103.88654,15.45761],[103.87982,15.46579],[103.87115,15.45944],[103.86615,15.44796],[103.86045,15.45706],[103.85242,15.45759],[103.84125,15.45718],[103.83175,15.45394],[103.81945,15.44712],[103.80575,15.44295],[103.79487,15.4413],[103.78505,15.43809],[103.7754,15.43566],[103.76395,15.43749],[103.75345,15.44061],[103.74435,15.44168],[103.73354,15.4399],[103.72424,15.43833],[103.71725,15.4413],[103.71095,15.44061],[103.69914,15.44147],[103.69196,15.44511],[103.68285,15.44588],[103.67357,15.44342],[103.66498,15.44973],[103.65572,15.45029],[103.64594,15.45504],[103.63087,15.45642],[103.62264,15.46113],[103.6161,15.46238],[103.60831,15.46624],[103.59561,15.46547],[103.58826,15.46294],[103.57736,15.46111],[103.56814,15.45849],[103.56106,15.45123],[103.55305,15.44333],[103.54864,15.43699],[103.54074,15.42822],[103.53098,15.42534],[103.52062,15.42726],[103.51374,15.43189],[103.50164,15.43614],[103.49004,15.43849],[103.48374,15.44738],[103.47054,15.44873],[103.45665,15.45052],[103.44158,15.44993],[103.43024,15.4443],[103.42021,15.43834],[103.40419,15.43118],[103.40354,15.43106]]]}},{"type":"Feature","properties":{"Province":"Yasothon","Suit_mean":0.7158,"Suit_max":0.8798,"Candidate_km2":0.0},"geometry":{"type":"Polygon","coordinates":[[[104.12743,15.56375],[104.13325,15.55265],[104.13666,15.5463],[104.14098,15.53872],[104.14366,15.52966],[104.14343,15.52151],[104.14139,15.51299],[104.14608,15.50605],[104.15366,15.5022],[104.16106,15.49651],[104.16912,15.48862],[104.17695,15.47994],[104.18484,15.47097],[104.19346,15.45953],[104.20243,15.44654],[104.20855,15.43579],[104.21331,15.42992],[104.21992,15.42325],[104.23488,15.40025],[104.24985,15.37731],[104.25841,15.37195],[104.26762,15.36894],[104.27778,15.36191],[104.28581,15.35442],[104.29319,15.34951],[104.30045,15.34329],[104.30953,15.34133],[104.31813,15.34225],[104.32711,15.34302],[104.33872,15.34316],[104.35175,15.34174],[104.35908,15.33917],[104.36427,15.3306],[104.36874,15.32513],[104.37337,15.31983],[104.37787,15.32569],[104.38152,15.32898],[104.38767,15.32698],[104.38995,15.31815],[104.38885,15.30855],[104.3879,15.29852],[104.39293,15.29343],[104.40959,15.2888],[104.41734,15.30108],[104.41704,15.31081],[104.4195,15.32146],[104.42046,15.33018],[104.42367,15.33917],[104.42371,15.3481],[104.4226,15.35617],[104.41848,15.36542],[104.41509,15.37526],[104.41055,15.38525],[104.40095,15.38594],[104.39078,15.38603],[104.38505,15.39284],[104.38755,15.40097],[104.39376,15.40754],[104.39072,15.41704],[104.39059,15.42614],[104.38827,15.43617],[104.38552,15.44462],[104.38114,15.4514],[104.38233,15.45963],[104.38733,15.46602],[104.39176,15.47394],[104.39189,15.48384],[104.39043,15.49525],[104.38851,15.50294],[104.38826,15.51166],[104.38927,15.52092],[104.39108,15.53048],[104.39877,15.53263],[104.40851,15.5315],[104.41878,15.53191],[104.43626,15.53973],[104.45796,15.53938],[104.46703,15.53837],[104.4751,15.53718],[104.48415,15.53726],[104.48839,15.5427],[104.49316,15.54904],[104.49918,15.55498],[104.50796,15.55631],[104.51172,15.56538],[104.51031,15.57322],[104.50774,15.58412],[104.49779,15.58639],[104.49313,15.58747],[104.48769,15.58948],[104.48605,15.58369],[104.47852,15.58516],[104.47043,15.58554],[104.46313,15.58909],[104.46369,15.59353],[104.46844,15.60093],[104.464,15.60714],[104.46835,15.61571],[104.46787,15.62395],[104.46211,15.62265],[104.45543,15.61791],[104.44726,15.61737],[104.44175,15.61889],[104.44617,15.62733],[104.44919,15.63506],[104.44333,15.64049],[104.44069,15.6469],[104.44785,15.65052],[104.44498,15.65781],[104.43955,15.66381],[104.44619,15.66892],[104.44444,15.67639],[104.44391,15.68334],[104.44136,15.68654],[104.44257,15.69413],[104.4353,15.69835],[104.42597,15.69491],[104.42305,15.70334],[104.42652,15.71079],[104.42952,15.71872],[104.43034,15.72541],[104.4319,15.73425],[104.42536,15.73814],[104.42304,15.7459],[104.43076,15.74953],[104.43477,15.75597],[104.43316,15.7645],[104.4292,15.77069],[104.43536,15.77725],[104.43562,15.79122],[104.44067,15.79808],[104.44098,15.80549],[104.44343,15.81071],[104.44773,15.81716],[104.45067,15.82564],[104.45349,15.8329],[104.46251,15.83894],[104.46128,15.84635],[104.4597,15.8557],[104.45248,15.86124],[104.4568,15.86931],[104.45577,15.87625],[104.45901,15.88464],[104.46179,15.89291],[104.45684,15.89772],[104.46588,15.89789],[104.47218,15.90312],[104.46854,15.90989],[104.47485,15.91788],[104.48165,15.92433],[104.48636,15.93033],[104.4909,15.93701],[104.49791,15.93956],[104.50128,15.94677],[104.50699,15.95129],[104.50506,15.95935],[104.50743,15.96569],[104.50721,15.97712],[104.51535,15.98028],[104.52486,15.98445],[104.52785,15.99248],[104.53242,15.99783],[104.52788,16.00927],[104.5397,16.05564],[104.54816,16.06523],[104.55466,16.0723],[104.55799,16.07917],[104.56014,16.08653],[104.56331,16.09415],[104.57133,16.10001],[104.58043,16.09986],[104.59094,16.101],[104.60177,16.10288],[104.61243,16.1049],[104.62137,16.10801],[104.62845,16.11219],[104.63632,16.1142],[104.64616,16.11533],[104.65555,16.11603],[104.6639,16.11524],[104.67207,16.11375],[104.68168,16.10966],[104.69065,16.10893],[104.69968,16.10708],[104.70984,16.10438],[104.71996,16.0993],[104.72714,16.09475],[104.73682,16.09463],[104.7484,16.09484],[104.76008,16.09348],[104.7737,16.09577],[104.78253,16.09888],[104.79151,16.09623],[104.79996,16.09228],[104.8102,16.0909],[104.81784,16.09427],[104.81706,16.10262],[104.81978,16.11402],[104.81954,16.12234],[104.82307,16.13306],[104.82626,16.14297],[104.82731,16.15215],[104.81942,16.15656],[104.80907,16.15885],[104.7993,16.1563],[104.79022,16.15954],[104.78474,16.1696],[104.77601,16.1754],[104.77013,16.1814],[104.76436,16.1943],[104.75673,16.19884],[104.74416,16.19814],[104.73244,16.19995],[104.72218,16.20297],[104.71509,16.20646],[104.70709,16.20799],[104.69858,16.2133],[104.69282,16.22202],[104.68475,16.22493],[104.67337,16.22802],[104.66584,16.23409],[104.66083,16.21888],[104.65443,16.21255],[104.64577,16.20867],[104.63593,16.20832],[104.61183,16.22221],[104.60903,16.2316],[104.60156,16.23714],[104.59214,16.23757],[104.58391,16.24237],[104.57989,16.2496],[104.57501,16.25716],[104.57017,16.26695],[104.56497,16.27417],[104.56102,16.28077],[104.55729,16.29275],[104.55437,16.30117],[104.54863,16.30849],[104.54058,16.30799],[104.53253,16.31029],[104.52396,16.31285],[104.51489,16.31464],[104.51173,16.32271],[104.50767,16.33325],[104.5018,16.33833],[104.49346,16.34058],[104.48518,16.34002],[104.47449,16.3385],[104.46472,16.33577],[104.4537,16.33576],[104.4442,16.33964],[104.43613,16.34324],[104.42666,16.34271],[104.41478,16.34166],[104.40395,16.34389],[104.39496,16.34539],[104.38578,16.34442],[104.37765,16.34263],[104.37046,16.33922],[104.36292,16.33337],[104.35455,16.31839],[104.34697,16.30885],[104.34485,16.30094],[104.3449,16.29256],[104.34231,16.28483],[104.33804,16.27637],[104.33285,16.26991],[104.32555,16.26505],[104.32227,16.25746],[104.31938,16.24842],[104.30949,16.23936],[104.29794,16.23131],[104.28737,16.22641],[104.26985,16.22156],[104.25984,16.21894],[104.25455,16.21301],[104.25275,16.20405],[104.25108,16.19534],[104.24713,16.18648],[104.23805,16.17395],[104.23324,16.16724],[104.22745,16.1591],[104.21975,16.15274],[104.21149,16.15953],[104.20494,16.15488],[104.2022,16.14657],[104.19195,16.14399],[104.17813,16.14363],[104.17145,16.1373],[104.16704,16.12836],[104.15875,16.12177],[104.15307,16.11285],[104.14504,16.10771],[104.13765,16.10736],[104.12821,16.1103],[104.11894,16.10954],[104.11654,16.10277],[104.11259,16.09466],[104.10615,16.08603],[104.10304,16.07731],[104.10219,16.06833],[104.1025,16.05958],[104.10605,16.05255],[104.10835,16.04438],[104.11435,16.04041],[104.11905,16.03489],[104.11736,16.02701],[104.11662,16.01871],[104.11395,16.01108],[104.10855,16.00495],[104.10744,15.99689],[104.10905,15.98663],[104.10574,15.98068],[104.09609,15.97446],[104.08614,15.97617],[104.07768,15.97967],[104.06854,15.98141],[104.05955,15.98258],[104.04966,15.98272],[104.0401,15.9812],[104.03255,15.9796],[104.02736,15.97662],[104.02315,15.97185],[104.02094,15.96417],[104.01655,15.9564],[104.01984,15.94841],[104.02585,15.95365],[104.03066,15.95522],[104.03265,15.94884],[104.03688,15.94161],[104.03715,15.93572],[104.03684,15.92826],[104.03135,15.92177],[104.02855,15.91314],[104.02019,15.90902],[104.02116,15.90432],[104.01955,15.89694],[104.02033,15.89002],[104.01945,15.88421],[104.02492,15.87812],[104.03265,15.87305],[104.02735,15.8693],[104.03345,15.86732],[104.03605,15.86403],[104.02714,15.86337],[104.02225,15.86137],[104.02994,15.85807],[104.02948,15.85005],[104.02284,15.84488],[104.02141,15.83597],[104.01605,15.84039],[104.01511,15.8329],[104.01804,15.8273],[104.01162,15.8252],[104.01453,15.81595],[104.00902,15.81137],[104.00155,15.80993],[104.00501,15.80249],[104.01404,15.79243],[104.02405,15.79466],[104.03187,15.79456],[104.04034,15.79373],[104.04857,15.79856],[104.05677,15.80561],[104.06664,15.81005],[104.07513,15.81302],[104.08054,15.81975],[104.07175,15.82201],[104.07014,15.82918],[104.0751,15.8354],[104.08377,15.83207],[104.09235,15.82636],[104.10041,15.81982],[104.10744,15.81123],[104.1146,15.80426],[104.12275,15.80155],[104.13184,15.79797],[104.13897,15.79212],[104.14104,15.78393],[104.13923,15.77573],[104.13615,15.76814],[104.13035,15.76358],[104.13306,15.75684],[104.13933,15.75086],[104.1431,15.7453],[104.13532,15.73833],[104.13885,15.73125],[104.14139,15.72528],[104.13145,15.72166],[104.12994,15.71405],[104.13183,15.70433],[104.1239,15.70308],[104.12305,15.69575],[104.13075,15.6927],[104.13615,15.69916],[104.14065,15.70829],[104.14935,15.71078],[104.14632,15.70387],[104.15168,15.69525],[104.15645,15.68835],[104.16485,15.68312],[104.17584,15.66933],[104.17713,15.66106],[104.18715,15.66413],[104.1893,15.65616],[104.18324,15.65272],[104.17552,15.65528],[104.17551,15.64646],[104.17934,15.63842],[104.17515,15.63117],[104.18075,15.62771],[104.1904,15.63021],[104.19062,15.62355],[104.18514,15.61832],[104.18906,15.60977],[104.19185,15.60687],[104.19955,15.61049],[104.20765,15.61256],[104.21448,15.61],[104.19623,15.6024],[104.18565,15.60188],[104.1744,15.60095],[104.16485,15.59789],[104.15697,15.5922],[104.14645,15.58615],[104.13678,15.58072],[104.12847,15.57635],[104.12743,15.56375]]]}}]}