{"type":"FeatureCollection","features":[{"type":"Feature","properties":{"Province":"Amnat Charoen","Suit_mean":0.7053,"Suit_max":0.7791,"Candidate_km2":0.0},"geometry":{"type":"Polygon","coordinates":[[[104.51113071086361,15.559556043229119],[104.51750275308504,15.559805731063099],[104.52461057328672,15.556960814047589],[104.52832949221853,15.552898521389494],[104.533965821302,15.550468362113284],[104.54108251148381,15.547467368090418],[104.54514924145673,15.54335605978906],[104.55140529385943,15.543142068980059],[104.55404064072927,15.549326785776588],[104.55673844310121,15.555087993438342],[104.56301240298284,15.554075792499827],[104.57158717805564,15.559074457803813],[104.57731715456582,15.563546924591133],[104.5826636690561,15.564630458138376],[104.59080597463375,15.565566873828772],[104.59250039827477,15.57185421696584],[104.59094860604719,15.578511674912324],[104.589865090855,15.585414357586757],[104.58599010923265,15.591014970923716],[104.5821820037417,15.596892086468609],[104.58091565009114,15.603148137929624],[104.58608818742238,15.607473533104876],[104.59369544297245,15.609497970147277],[104.60153011538843,15.611696257864521],[104.6093736415402,15.614032872069693],[104.61622725426203,15.616694945002049],[104.61927729720853,15.621689082389086],[104.61557623535585,15.627740114607846],[104.61587497442274,15.633389834026788],[104.62027617423604,15.638433019006872],[104.62609969306557,15.640854371265727],[104.6334082240396,15.641750621234838],[104.63952604967716,15.644461750176685],[104.63814376020046,15.65172561703642],[104.63372034025322,15.657897054873898],[104.62576082070169,15.660545688993285],[104.6200888676171,15.661294835079225],[104.61387737375397,15.66316322556254],[104.60919079502358,15.66635592395921],[104.60532928103756,15.670324566247729],[104.60594014802143,15.67584936144218],[104.61300785069915,15.681405360428478],[104.62060614039889,15.682622712623164],[104.63103593046584,15.684995014019554],[104.63754174769922,15.684071906638973],[104.64494387354567,15.681744282308477],[104.65006290519547,15.675318715275933],[104.658013551923,15.673432538057572],[104.6651837577231,15.672241924081243],[104.67103408038683,15.672558518427632],[104.67800808721935,15.671207421419151],[104.68472357667007,15.66896900399302],[104.69088598812702,15.664068408629237],[104.69567954122573,15.657923808166403],[104.70410721745006,15.65587704594813],[104.7115316040599,15.655453438504406],[104.71786355921331,15.656701958771785],[104.72408844041955,15.653941836355175],[104.72770481437675,15.649875064756241],[104.73273466351772,15.646740342541147],[104.73731865914397,15.64973241679833],[104.73748804048279,15.654209365687501],[104.74326260420156,15.655449014119357],[104.74429264180958,15.650307587647774],[104.74598716293019,15.643186459489833],[104.75156549678981,15.640493108137065],[104.75756295473171,15.636921402717105],[104.7616519235968,15.632132304178365],[104.7658167593998,15.634085437539222],[104.77202825530269,15.630727746276191],[104.77857867338324,15.626897370568148],[104.78201219754295,15.620262232780224],[104.78710898144587,15.617863197771998],[104.79039978763994,15.618888770360629],[104.78950344564132,15.610844562349167],[104.79013668085716,15.604909547280107],[104.79300835290445,15.600338949912143],[104.79598256405488,15.59652195762052],[104.80094107387538,15.591572349537747],[104.80598433548266,15.593315854566754],[104.80725067498803,15.59625887507897],[104.81065303923036,15.601672187929461],[104.81501848205329,15.6020066373584],[104.81885328318555,15.598104962559608],[104.81655240905067,15.594858669324275],[104.82012863227963,15.590025017902013],[104.82484629406781,15.586399815390978],[104.83134326331674,15.584330787367117],[104.83379576078391,15.585186928293044],[104.83314471457986,15.590854411186669],[104.83876766964381,15.58976196523331],[104.8409793574958,15.584825711214624],[104.84092137510798,15.579675461834743],[104.84558114310235,15.582489154573963],[104.84810503018431,15.57804346876707],[104.84967009921178,15.57278619731387],[104.85229657492107,15.574632194459186],[104.85413371769988,15.57813261651524],[104.85947567160463,15.575804965843671],[104.85965854705354,15.580852668165491],[104.86351118434173,15.583688656317545],[104.86604399943393,15.577807071002121],[104.86872829509183,15.573013530329323],[104.87164906513327,15.567421873943609],[104.8775707675961,15.563515712019875],[104.87771785085565,15.55914579134938],[104.87174269244295,15.558887137053341],[104.86734601030528,15.556434620206227],[104.8680951880941,15.551806054779219],[104.87002596302689,15.547244397903155],[104.87553290792562,15.54550095609248],[104.87367351195847,15.540056369104343],[104.8757469821789,15.536092252429372],[104.88136985356331,15.535204855132159],[104.88450022141726,15.53950338635813],[104.88540093638987,15.545719400579761],[104.89178635951264,15.545665877487126],[104.89175517614824,15.550619974633447],[104.89297694495447,15.556341013235869],[104.89715506805702,15.559836898181674],[104.89534023409836,15.564456532150563],[104.89122898007301,15.568576726116016],[104.88953449090404,15.573165158762846],[104.89630337919225,15.578217369482164],[104.89951396447644,15.584156833404524],[104.9048559364177,15.588905798787737],[104.9104253967807,15.59258458173294],[104.91573173565338,15.593356029504362],[104.92029782376886,15.59721314335752],[104.92742350326742,15.598479479558367],[104.92909121600383,15.602978719076443],[104.92850706007019,15.60831626552753],[104.93093281389878,15.614982588608568],[104.93179342176501,15.620775034652512],[104.93299286217868,15.627856071998503],[104.9335458429832,15.634954979522991],[104.93608307359762,15.63901722057287],[104.92927399353269,15.641616864035166],[104.92272363084705,15.643404922248957],[104.91535266738737,15.645344638343364],[104.90734860332535,15.647547466747652],[104.9011861069287,15.651159335327915],[104.90137339653411,15.657303925703006],[104.90141358096443,15.66310966698983],[104.89991081493511,15.669535260638582],[104.89897892181668,15.676487041118456],[104.89937577093721,15.68681426197384],[104.90321948511038,15.693458385841078],[104.90363862032999,15.700338754481752],[104.90333540653897,15.705979530001335],[104.90424950476576,15.711901162097263],[104.90703647206145,15.717764892578193],[104.91026928349758,15.723526101923447],[104.91182106703663,15.729287189345033],[104.91129934885937,15.734638125009631],[104.90958263636831,15.739824110702022],[104.90873096993957,15.745018964480932],[104.91108086038928,15.751899324129765],[104.92166675789079,15.759609087961785],[104.94112182838246,15.769775894784106],[104.94765440799807,15.773686481282265],[104.95444564331878,15.778979430937321],[104.95907416241117,15.784067275980783],[104.96310525167313,15.79120180005674],[104.96606608335183,15.799763292084144],[104.96780952063632,15.807517658254177],[104.96783635112452,15.816480506056264],[104.9663870654992,15.836805047345802],[104.96623107576113,15.84648131282033],[104.96688204422698,15.853745209535434],[104.9684962399261,15.861891981601241],[104.972197301034,15.870636302857179],[104.97659848363749,15.877449731094739],[104.97962169787493,15.883367012361102],[104.98046892834455,15.889596385735668],[104.98025489169001,15.895763291209517],[104.98195827833797,15.903566770397031],[104.9860249774368,15.908418230524012],[104.98659579267898,15.913234045283238],[104.97849357964054,15.912328851857339],[104.9732898078339,15.915615254594034],[104.97493963555416,15.926517716448183],[104.9795325535145,15.931890952788319],[104.98372854301688,15.935774858634003],[104.98885206159687,15.94105882457969],[104.99505021085,15.94351582860105],[105.00185477381314,15.946467760452988],[105.00773636999142,15.950681628113145],[105.01197250378151,15.957053657447169],[105.01382298845205,15.963648687756834],[105.01169601177087,15.973516671397393],[105.00980979786367,15.980356899922384],[105.0070496615433,15.98698762251769],[105.00807972531094,15.99175436140863],[105.012748395853,15.998264626860363],[105.01262802623434,16.00427110647807],[105.01074180144339,16.010848208296412],[105.00758916698669,16.018223575985626],[105.0099659190105,16.028002420148475],[105.01425106205451,16.031993296544467],[105.01825089891507,16.036443440072215],[105.02243799835973,16.041723017757786],[105.0265270296124,16.04733260810633],[105.0293719441642,16.05203698456761],[105.03128041189846,16.05701778256224],[105.03245758797743,16.062555987048963],[105.03437946824434,16.069561200832727],[105.03889658294428,16.073507531227882],[105.03955649493955,16.079545156408145],[105.04086303942977,16.085475725654124],[105.04734205382891,16.090367390050357],[105.05501623578719,16.092030635203837],[105.06323430562185,16.09316322560432],[105.04119299909044,16.10958168316918],[104.9952687248373,16.263246750513073],[104.97828845998123,16.27273570177476],[104.97106023184703,16.277747768230235],[104.96498245022899,16.27929950751612],[104.9636982693355,16.272753570422918],[104.96091574928164,16.264727162084885],[104.9547711478458,16.260143198825933],[104.94943810878573,16.258207935439035],[104.94378840979677,16.25564847171527],[104.93840181860644,16.251835869776794],[104.93169975902894,16.2485941603576],[104.92288412287648,16.24932099335034],[104.91515199503675,16.246498390508258],[104.90868187317537,16.24087991317473],[104.90337559146593,16.23684436088339],[104.896049272259,16.233504502175794],[104.89036386976797,16.229709842753405],[104.88633729339104,16.2237301456887],[104.88582456820072,16.2157305987671],[104.88532957391878,16.209447673972466],[104.87998309286814,16.204752266553285],[104.87147517326474,16.203213866014774],[104.86481326339931,16.199316613897125],[104.85820035952696,16.197225259742584],[104.85151620768927,16.199392413005803],[104.84388669842954,16.198286595114762],[104.83792039267011,16.191263504751202],[104.8302552063852,16.188222371389628],[104.82472143548247,16.18714329409955],[104.81870171316426,16.18444547598599],[104.81191941652712,16.184066473137047],[104.80635886672329,16.187410801732163],[104.80012507756506,16.19381411618135],[104.79528252458545,16.197769262613143],[104.78849572369656,16.198170617365175],[104.78174020162018,16.194295691506895],[104.77429348503743,16.192948975863334],[104.76841191520984,16.184771059412537],[104.7726436139296,16.17843463832472],[104.77686189517763,16.17477373553881],[104.78391181962223,16.17061340075612],[104.78711788504859,16.164223511356337],[104.79233503847426,16.15703985125612],[104.79929564002649,16.156295198877984],[104.80655067408256,16.159095528728226],[104.81303415048292,16.157195918634738],[104.82076181343143,16.15663407737816],[104.8266523017975,16.153552893893206],[104.82693319268311,16.146337993719555],[104.8258808786235,16.14067498433371],[104.82306711314028,16.133063248936153],[104.81952662275525,16.12494329540112],[104.81974062084639,16.118785211036663],[104.81958014451426,16.11227940715355],[104.81710979152817,16.103628775114167],[104.81774741315488,16.098407125964734],[104.8157675886757,16.09230262135343],[104.81020262778019,16.090898059641525],[104.80247504093592,16.091549029368483],[104.79646864011438,16.093800861990978],[104.79026596372846,16.096806315065617],[104.78373784689553,16.098870902702803],[104.77701351362848,16.097417234119455],[104.77026249581402,16.094616871965563],[104.76007785412469,16.093475385099584],[104.75173044292069,16.094514333309856],[104.74318676692981,16.095027153831968],[104.73556620067538,16.09445189037321],[104.72819530490973,16.094331533521405],[104.72319221435545,16.09699357900619],[104.71706535366407,16.101301111587766],[104.7098371938382,16.10438237649806],[104.7026357134102,16.10625068943919],[104.69558593065665,16.10815030816847],[104.68869663404652,16.108939508840727],[104.68298897769476,16.109282902123987],[104.6760951750175,16.112029725417102],[104.66963842743434,16.114451013383206],[104.66390399052777,16.115240300673598],[104.65792877154637,16.11586009924147],[104.65172614262707,16.116069668541286],[104.64471650734019,16.115070775569773],[104.63768895946085,16.114272635957516],[104.63147736941991,16.11351013696385],[104.62639400566033,16.110963952705074],[104.62136862290049,16.108012088567797],[104.61528639054126,16.105684369497393],[104.60793337545822,16.10390079878619],[104.60018792221545,16.102656695099654],[104.59230867980142,16.101256498418536],[104.58561113499418,16.10024879560533],[104.57727260848314,16.099847452327158],[104.57132862516484,16.100007936066785],[104.56442147944992,16.096436224280808],[104.56176825871817,16.090572526727467],[104.5597750177112,16.085493610213135],[104.558258945328,16.080147116697916],[104.55646640257557,16.075255494858364],[104.5532246241593,16.070515450617542],[104.54816353562158,16.06522695009282],[104.54139017031703,16.058881718615748],[104.53003734599885,16.032082479632663],[104.52821358570345,16.00639801326805],[104.53355551143895,15.998104104641836],[104.53100496659648,15.994581411010863],[104.5273351345622,15.989944013011366],[104.5248558022156,15.98445040811788],[104.51901885828094,15.980811773903145],[104.51076507879566,15.979964514775668],[104.50652891345679,15.975242320509961],[104.50706401543144,15.966747774632587],[104.50742519479503,15.96162419765618],[104.50591356188637,15.95708488854209],[104.50698820698001,15.951288020903181],[104.50363943146729,15.947484452486131],[104.50049575137115,15.943301743896264],[104.49699533696787,15.938882777257481],[104.49153741735103,15.938191624001844],[104.4892053013605,15.931627862539965],[104.48417099131568,15.930704796750074],[104.4816515898209,15.924332738260356],[104.47679115725124,15.91915131774615],[104.47157405506285,15.91489285861922],[104.46829217970323,15.908761589601694],[104.47169444903167,15.904409509841885],[104.46990187733125,15.898594795162147],[104.4630660470647,15.898403096239077],[104.45684114682344,15.897720867577462],[104.4597618820895,15.893894929154596],[104.46130920654599,15.889034496689307],[104.45865603830886,15.883099426927616],[104.45578880778828,15.877356135006448],[104.45903948895038,15.87240208561903],[104.45398736640047,15.86740789714774],[104.45247574324881,15.86124094087634],[104.45840629839863,15.857530987271348],[104.4595968978834,15.851493336958548],[104.4620360530315,15.845464615205357],[104.46318199180746,15.839748118546856],[104.45748330385243,15.836252131684585],[104.45220371490704,15.830736226394976],[104.45066981133887,15.825639458510407],[104.44918043157982,15.819254086404177],[104.44575584775552,15.814500654460177],[104.44220644248745,15.810300149693921],[104.44003926395538,15.806300373001735],[104.44295549272037,15.801181337308455],[104.43953540571414,15.7959418826979],[104.43562478860103,15.791215211733382],[104.43428701406744,15.784985840732523],[104.43177210179185,15.77455605846075],[104.42868643611754,15.769494976138553],[104.43247215484065,15.765606640348313],[104.43388568406867,15.759176551248322],[104.43564708494584,15.753834567432214],[104.43076435456038,15.749527071275553],[104.4246286591825,15.74732874292277],[104.42290291868001,15.742561962759483],[104.42627847495777,15.7375811339461],[104.43163388589875,15.735271380433181],[104.43139751570257,15.72910437864517],[104.4289182718478,15.723494844803325],[104.42952024701242,15.718723622620706],[104.4276964749974,15.71285989079288],[104.42593516892813,15.707281544436784],[104.42287618314002,15.701993061799998],[104.42531535478614,15.695830599098334],[104.4310453150409,15.696963213874229],[104.43873724873777,15.698260825195131],[104.44257208370712,15.694127207390691],[104.44148848779453,15.68882982260277],[104.43945510124472,15.683956007720196],[104.44489076398762,15.682832343111274],[104.44537234265171,15.677160329109167],[104.44533671945763,15.672295451688571],[104.44418176862509,15.66735479108618],[104.43955326102798,15.663809768949179],[104.4432676573263,15.659555825319023],[104.44746364349062,15.655515836380525],[104.447280816726,15.649580808909953],[104.44212169487018,15.647110467273643],[104.44206368630898,15.643846416955405],[104.44364227348963,15.638058447840635],[104.44919384614724,15.635061988280134],[104.4482439911696,15.62992957584511],[104.44527426784377,15.622946567159232],[104.4409400303209,15.617800763570347],[104.44588519322654,15.617319154759235],[104.4517578275981,15.616097383808007],[104.45742084711837,15.619410483552574],[104.46211183859914,15.622652288399435],[104.46642377240127,15.625546217515913],[104.46904127289693,15.62036475249671],[104.46803353862985,15.614358338049076],[104.46477395338057,15.608632860612223],[104.46581285122755,15.603179375085235],[104.46835455216278,15.59840367568565],[104.46368593046967,15.593529884114176],[104.46128246406505,15.590426315429859],[104.46553200247378,15.5864622320629],[104.47169444903167,15.585409868918171],[104.47745561432929,15.585472328175303],[104.48268163094615,15.583189234958859],[104.48468824118959,15.585659562272404],[104.48769367533453,15.589476540537598],[104.49256299477182,15.59005182387885],[104.49447598521724,15.583175854769603],[104.49884591013662,15.587113254000805],[104.50663147229831,15.58527605709866],[104.50874514215892,15.57748607962239],[104.51181745100304,15.571105099171534],[104.51171933237919,15.565375100570048],[104.51113071086361,15.559556043229119]]]}},{"type":"Feature","properties":{"Province":"Ubon Ratchathani","Suit_mean":0.6543,"Suit_max":0.9621,"Candidate_km2":0.0},"geometry":{"type":"Polygon","coordinates":[[[104.9123606083016,14.395851015815786],[105.00083812320513,14.366131101669046],[104.99637904079825,14.313237272331957],[105.02596070996536,14.250689462675032],[105.13750954875263,14.22685110342996],[105.175541283008,14.329339072902629],[105.22338737754617,14.331822788370078],[105.26905301961635,14.355201889372664],[105.31876753285836,14.386696519027753],[105.39360914376726,14.402686787228467],[105.45914903252392,14.454184999528643],[105.52359194715869,14.535929216374905],[105.54372477134126,14.581345173142383],[105.52203572066934,14.665104941625543],[105.54551732325312,14.729819880957724],[105.53938161369328,14.806351372151248],[105.5673268044432,14.878414923102167],[105.55778428324246,14.94384780630217],[105.62758257630273,14.978477163594635],[105.5551980083379,15.06159034303169],[105.47866198840131,15.152457948439775],[105.54496884927178,15.246616257438854],[105.5815200589234,15.318617412355785],[105.46812517496576,15.33692650076507],[105.59102243331898,15.426879919483714],[105.61814268042427,15.56210214050585],[105.612029246188,15.689659192502523],[105.53121694939324,15.749393285899403],[105.45651370121956,15.746793643851367],[105.37967439477735,15.84273121352359],[105.38093633422226,15.989163642021179],[105.31933387093144,16.029719157500697],[105.08621656244371,16.086149068850958],[105.0581643524226,16.09247656995511],[105.04734205382891,16.090367390050357],[105.04013169069218,16.08300988169847],[105.03918640882787,16.075286670904227],[105.03379091674434,16.068312670486605],[105.03176194641729,16.05906454054046],[105.0293719441642,16.05203698456761],[105.02453827640801,16.044523410724],[105.01904911267133,16.037366555856792],[105.01346633561884,16.031199573147166],[105.00724581271056,16.02242853017424],[105.01074180144339,16.010848208296412],[105.01291780509786,16.002032611673698],[105.0089046369988,15.992681844562881],[105.00778986596825,15.985939711926418],[105.01083542115695,15.976241133008342],[105.01382298845205,15.963648687756834],[105.01055001494245,15.954565466940974],[105.00288489357638,15.946949285590774],[104.99365898533577,15.942967349960318],[104.98524466745188,15.937817115672459],[104.9795325535145,15.931890952788319],[104.97407460598193,15.922571377494046],[104.97688382969862,15.912279798958279],[104.98783986133925,15.912850537301484],[104.98332274792128,15.90552425605467],[104.98025489169001,15.895763291209517],[104.98037086903388,15.886965493864556],[104.97738775511138,15.878684953693298],[104.97132782924854,15.868995280228956],[104.96732354193925,15.856817477156618],[104.96623107576113,15.84648131282033],[104.96698018443713,15.828341666281709],[104.96794777346572,15.808993685131624],[104.96554436616987,15.798073347081017],[104.96076867825867,15.786613466891488],[104.95444564331878,15.778979430937321],[104.94475603692447,15.771786872814978],[104.92786489203567,15.763042661676199],[104.91034511247611,15.751007485509897],[104.90905647028629,15.741844055515589],[104.91129934885937,15.734638125009631],[104.91150001634851,15.727004146763973],[104.90771428686502,15.718919777928013],[104.90391510405348,15.71069280714936],[104.9034557831466,15.702630683101866],[104.90321948511038,15.693458385841078],[104.89878263601099,15.682546919238117],[104.89952287444441,15.671158420565892],[104.90158741661064,15.661834430299725],[104.90090071791212,15.653950739128847],[104.90734860332535,15.647547466747652],[104.91849635933409,15.644640085910359],[104.927610734655,15.64192897815377],[104.93660032780967,15.638027227587568],[104.93344326734992,15.630388810501776],[104.93179342176501,15.620775034652512],[104.92893954022234,15.613377382136012],[104.9285738970251,15.60397307301736],[104.92607679831129,15.59845273111833],[104.91750198037336,15.59465358702184],[104.9104253967807,15.59258458173294],[104.90240349331384,15.587862373272236],[104.89696332851837,15.579260815004178],[104.88870066170173,15.572210928358093],[104.89320431812197,15.565807698488843],[104.89715506805702,15.559836898181674],[104.89289221467646,15.55398659748629],[104.8927629364952,15.546053853954051],[104.88464285655262,15.544912305317176],[104.88350578814867,15.535463482563186],[104.8757469821789,15.536092252429372],[104.87499785718957,15.542085217569133],[104.871466264875,15.547306827940439],[104.86784985647432,15.552916385709976],[104.86940612415351,15.559132412785228],[104.87771785085565,15.55914579134938],[104.87462770576717,15.564898036849797],[104.86928568434425,15.572028112134745],[104.8659993699413,15.579278636380135],[104.8602917092816,15.583117886464091],[104.85947567160463,15.575804965843671],[104.8521494262784,15.577954223570385],[104.8508607235801,15.572161887669447],[104.84831906721888,15.57931872318817],[104.8430261227634,15.580232844432674],[104.8409793574958,15.584825711214624],[104.83627946894663,15.589864522302207],[104.83269432756097,15.586257089650841],[104.83046031304528,15.584879212548339],[104.82263011348492,15.588995006635292],[104.81655240905067,15.594858669324275],[104.81690024968032,15.599402516070542],[104.81218692345641,15.602800388320095],[104.80599769250149,15.596169685915081],[104.80392425160396,15.591264702756948],[104.79598256405488,15.59652195762052],[104.79077882245537,15.601743537488764],[104.78963281702524,15.60949792643831],[104.78997614587064,15.620043667795839],[104.78363973134924,15.61786763703863],[104.77857867338324,15.626897370568148],[104.77042301048218,15.632310691133005],[104.76268644542515,15.631846953169221],[104.75664436920181,15.637996021644497],[104.74780195979383,15.640733951896644],[104.74429264180958,15.650307587647774],[104.74122035148511,15.655645170421819],[104.73689053372803,15.650865037841802],[104.73166447292823,15.646646743453958],[104.72525229607248,15.65180588585765],[104.71786355921331,15.656701958771785],[104.70878487124007,15.655854712384595],[104.69710648657667,15.656817894483765],[104.6896375052498,15.66562906939875],[104.68074154671538,15.669883099832886],[104.67103408038683,15.672558518427632],[104.66226748770022,15.673053468440955],[104.65170835104132,15.674315438045124],[104.64353929665576,15.68236409785296],[104.63341711876468,15.684825522270366],[104.62060614039889,15.682622712623164],[104.60997118478178,15.679327416646755],[104.60421889497448,15.671715815665197],[104.60991764680348,15.665629101953128],[104.61758284110856,15.66187898576002],[104.62576082070169,15.660545688993285],[104.63538357733769,15.656122284287047],[104.64002106179518,15.645977817907005],[104.632012470219,15.641572230522307],[104.62230054127014,15.639739603305728],[104.61587497442274,15.633389834026788],[104.61678916052892,15.625853949593393],[104.61720378785361,15.61746190957666],[104.60781296111779,15.613595836689326],[104.59679447552223,15.61036300347786],[104.58608818742238,15.607473533104876],[104.58096917781462,15.600682280270876],[104.5851740976045,15.5921341714727],[104.59029316068148,15.58387593591471],[104.59195636661681,15.57421310192906],[104.59080597463375,15.565566873828772],[104.58051437060219,15.564345040828693],[104.57293836417833,15.560858017025497],[104.56191993103624,15.554205106653802],[104.55489231107092,15.551614346578054],[104.55140529385943,15.543142068980059],[104.54369554263515,15.544832056905047],[104.53520093543021,15.550646747465482],[104.52783004599551,15.553901853869723],[104.52063754728294,15.558245004008555],[104.51113071086361,15.559556043229119],[104.50231952922304,15.554601963352896],[104.49485055281055,15.551997808984769],[104.4884784997714,15.545866539941763],[104.48779177816303,15.537884771594744],[104.47790593274213,15.537140136429592],[104.46993306389568,15.53777771592447],[104.46138943401773,15.539160074470054],[104.44813703070265,15.539909193392052],[104.42297433190691,15.533002095910193],[104.41224568167436,15.531356656905944],[104.40187829102912,15.532235128364247],[104.39307600119855,15.532582941266803],[104.3897316653879,15.52430231152888],[104.3885902040007,15.514924886881477],[104.38800606763287,15.506501590383456],[104.38980750264217,15.497931218168306],[104.3912968157221,15.489030826859345],[104.39220651984337,15.477062669449348],[104.38910738596614,15.468122140502393],[104.38394381782288,15.462022074028999],[104.38085808919757,15.454432720526203],[104.38375201236707,15.446696143293906],[104.38813092236808,15.4392895785034],[104.38922336143034,15.430505131429246],[104.39051650294235,15.419803277584002],[104.39280852257443,15.410978722727467],[104.3916535391285,15.402778455837081],[104.38447439209152,15.395496792683204],[104.38785439502486,15.38836664259254],[104.39729435979764,15.385258677113816],[104.40763949058993,15.386770259029753],[104.41381977568066,15.37932806918128],[104.41714627363228,15.368710958788261],[104.42090531642845,15.360439273980717],[104.42333992553537,15.351088538792624],[104.42404890973577,15.342157029909655],[104.42177034860467,15.333724858558316],[104.41968349710078,15.32449004420502],[104.41783737536878,15.314751388808535],[104.41703924685704,15.305463068235872],[104.41689207406566,15.29367320106726],[104.42708562477618,15.282775179397499],[104.43930799494036,15.279368396410593],[104.45241328862456,15.275680738661721],[104.45943635607763,15.27026738844166],[104.46667352580388,15.264586479631959],[104.4974903257174,15.26664207921122],[104.50627927095576,15.266686725690862],[104.51457759693366,15.259913306165211],[104.52346016254401,15.254076400758597],[104.5323560548576,15.25122702797019],[104.54150608701288,15.2499472064062],[104.55075873237392,15.250852440420472],[104.55985085284749,15.248386552981861],[104.56681148961182,15.24239797753467],[104.57609538742892,15.243784762493954],[104.58412174520876,15.247588401789866],[104.58221330260417,15.253117664509695],[104.5831452469881,15.256925771643047],[104.5895975255982,15.26194665252331],[104.59653587950525,15.265344530729504],[104.60545405101928,15.268608582338407],[104.61014504994134,15.271266183685837],[104.61100121647426,15.263328962917203],[104.6153399304132,15.255917991035641],[104.62566271684855,15.257153157469943],[104.63261446086608,15.260488513639375],[104.63911580904669,15.255436363560923],[104.6466962770326,15.255048483277823],[104.64758369471896,15.246919506977092],[104.64862714653486,15.238086036157272],[104.65721085355814,15.238353607081415],[104.663970892239,15.231058523549079],[104.66723496617703,15.235432880944153],[104.65845497999537,15.240511772818893],[104.65711281842665,15.246268494479562],[104.66018511988435,15.252854588649887],[104.66480476402822,15.25612310002587],[104.67218009650593,15.249189150069828],[104.6771697838733,15.240293278127174],[104.68168690689649,15.233363834581816],[104.68227547996617,15.224583913371681],[104.68972221419403,15.222318609405065],[104.69775304774097,15.220334386665547],[104.68896410639722,15.217507243332715],[104.68346606831261,15.212290114488498],[104.6909261184199,15.207349456838056],[104.68566887240836,15.20318462283151],[104.68515609501607,15.197731122410755],[104.6934277423373,15.200353112437893],[104.70276056289835,15.199425653201834],[104.70266694801961,15.193236366821226],[104.70367473475942,15.185687092417428],[104.71258403441044,15.191876367450078],[104.71963379432947,15.190560967157683],[104.71915223069674,15.182088637221272],[104.70822298286193,15.179056450978118],[104.70062914775748,15.170356705574346],[104.6997284308458,15.159436393900338],[104.70849057816427,15.156966069260024],[104.71627614077697,15.163132961656252],[104.72424899626391,15.168800503945103],[104.73391629639634,15.167810642379967],[104.7383040641608,15.158232479055107],[104.72968467547173,15.150834828789863],[104.72242521985544,15.14357982475141],[104.7135382227813,15.135994947648703],[104.7090612776467,15.129631737171065],[104.69982204393662,15.126604023258498],[104.69069868390534,15.12590839130102],[104.68367560783499,15.117288952705117],[104.68177606022316,15.109124406466735],[104.67565369606643,15.103224998682448],[104.67239415807137,15.094583255022254],[104.67993000969635,15.09190779532713],[104.687644278126,15.099590828039123],[104.69036874429264,15.09388759080355],[104.68285515769088,15.088117525333022],[104.68215954468405,15.081388762584623],[104.69003880538865,15.083359682777198],[104.69410098279019,15.078062262194985],[104.68914251053619,15.069429459927752],[104.69191603195654,15.059721971535273],[104.68943231760167,15.051981031075162],[104.68410367438977,15.04628224493322],[104.69023945585127,15.041974768360362],[104.6859185439226,15.03552248652805],[104.67725457490761,15.04005733651195],[104.67527912503947,15.032802403486908],[104.67636716298499,15.027384620571315],[104.67506514841476,15.019211070432078],[104.68096896647708,15.013119902558717],[104.68585172160653,15.007002057846883],[104.68824177195705,14.999653442948429],[104.68767542071053,14.991671621082686],[104.68603448204463,14.982945151466106],[104.68532550800631,14.973634591293374],[104.68700211944079,14.964582598909804],[104.69045345364015,14.95539682200405],[104.69564830803522,14.946402865134338],[104.7017974536112,14.93925041707689],[104.70771911827678,14.932343348777568],[104.71363184426777,14.926849734983827],[104.72450318035891,14.922136463912171],[104.73379596096892,14.920370645902619],[104.74522459497781,14.920049539365007],[104.75244835675367,14.918123264240721],[104.75943129916345,14.915835756661508],[104.76671750528712,14.913146899591398],[104.77488659536249,14.909673205743603],[104.78199884257657,14.905530765178636],[104.78933845944158,14.900679245962785],[104.79594240652908,14.896273675690667],[104.80281839802147,14.889914924542282],[104.80982363488747,14.879739265011771],[104.81316345229914,14.870531247746985],[104.81497386704298,14.861795882127394],[104.8186348336069,14.853341369549854],[104.82265691942015,14.841832498952257],[104.82138163880867,14.83138475953544],[104.81191941652712,14.830706972645197],[104.8082584288992,14.822190099499926],[104.80599769250149,14.81467208143995],[104.80661754847715,14.803702724935018],[104.81098296777594,14.79358502351131],[104.81886218859678,14.785045816122535],[104.82449407199434,14.765265214216752],[104.82923858310568,14.75463474716626],[104.83337209060134,14.745324166091416],[104.8376394821284,14.736258776040653],[104.84103288657018,14.727768667118772],[104.8440160256702,14.719858238515783],[104.85533319421253,14.71047183897245],[104.86692688207047,14.706458589956915],[104.87596987627875,14.704032874168158],[104.87871670214628,14.695948537298564],[104.8811424973857,14.68835463676824],[104.88456703985942,14.679432030135459],[104.89032823195762,14.669827103179808],[104.89756091157174,14.66180518488675],[104.90680016869776,14.654202409953127],[104.90437442628898,14.644071338878524],[104.89397580341202,14.645698915414938],[104.88794702072717,14.653029682085625],[104.8790199579249,14.658055106185593],[104.86817090780681,14.65985655126769],[104.85946676389213,14.65700722792982],[104.85293416124554,14.652392028011706],[104.84724443144592,14.64472683270717],[104.8456435806732,14.636901101139989],[104.84064491252683,14.632263683334124],[104.84014106428569,14.623207241480891],[104.83969956380453,14.614904341179624],[104.8328325517964,14.609727305721877],[104.82823078329544,14.599828160991306],[104.82966660608596,14.587895621038847],[104.83129864366099,14.57730964518701],[104.82730777401889,14.571200753818795],[104.82404370980275,14.564587838346934],[104.82448516626316,14.556708641962587],[104.82161790335127,14.548472654049707],[104.82429342599363,14.538635852619075],[104.82978701559082,14.530988575576592],[104.83557043203432,14.524741341449737],[104.84397140241606,14.517022644757652],[104.85046381809967,14.511658311712557],[104.85628300152558,14.505411128309989],[104.86082679926353,14.499235275230124],[104.86353345419494,14.490317109661628],[104.86363161974535,14.479994239153983],[104.86302071389164,14.471294560270737],[104.85646133042427,14.464463247159605],[104.85030331037753,14.45759623077613],[104.84441282582213,14.45087631182114],[104.83528952569395,14.444499819183653],[104.83612788209,14.433922833629822],[104.84124691398317,14.425267688626795],[104.8494739637054,14.423751590510609],[104.85860619215984,14.425561989636988],[104.86756898163472,14.427697945656398],[104.8758762464647,14.427296597237085],[104.88330961059788,14.427113765964481],[104.89305722047519,14.422119595354756],[104.90022293219197,14.416336096491726],[104.90981448859698,14.40859962579222],[104.9123606083016,14.395851015815786]]]}},{"type":"Feature","properties":{"Province":"Udon Thani","Suit_mean":0.7113,"Suit_max":0.9272,"Candidate_km2":0.0},"geometry":{"type":"Polygon","coordinates":[[[102.05932519709727,18.080111964333287],[102.05831744690326,18.061633391283873],[102.05697083114543,18.0452506455982],[102.05302451534259,18.02870744305506],[102.04192133841812,18.01432677099886],[102.04200604527766,17.998291878566416],[102.04041867415624,17.987148621387615],[102.02486532607257,17.98214551129596],[102.03062646475941,17.96775595667799],[102.03039459122559,17.950619624132937],[102.03471992929724,17.932729741101664],[102.03932168926868,17.915771734870443],[102.0442177718249,17.899732394583523],[102.04483757579753,17.883964993436486],[102.05422404835853,17.867198802522093],[102.05351947471512,17.851404595432786],[102.0537245536316,17.829118071068965],[102.04912723598581,17.813613765229476],[102.04442736486888,17.795175357950093],[102.04372285497583,17.78134767188252],[102.03303437142299,17.77163573921458],[102.02684065352152,17.753429255888253],[102.02332246973049,17.73775109682087],[102.02672476432316,17.721872228109053],[102.02952504812185,17.705872949883453],[102.03172336141205,17.68980236147205],[102.03272223718814,17.67312528187733],[102.0369271496961,17.65638582554967],[102.05102683384315,17.647057407961565],[102.06802490595534,17.647677217944363],[102.08496060384309,17.64097075271696],[102.09642052253005,17.637247391889872],[102.11131833671412,17.63901319803567],[102.12678700107246,17.63104927431534],[102.13941960238344,17.644756496091453],[102.14951942365096,17.65726429871159],[102.16793108406107,17.66158513125537],[102.18416665084365,17.663404510781653],[102.20092843156415,17.660523935921095],[102.21942926757757,17.657973271557694],[102.23573170050196,17.65439261286087],[102.25190041263717,17.651431773832282],[102.26779264863376,17.66064426769851],[102.28401040161194,17.66799292320621],[102.30322909646694,17.667283848207568],[102.3235626243091,17.67374508852047],[102.32490481678784,17.656292248730388],[102.3256093825476,17.638585141784954],[102.32813323922818,17.62106533318479],[102.32962699497969,17.6046201848213],[102.33214639868396,17.586823858048607],[102.33619080941841,17.570106670535154],[102.33577610336258,17.553478738427874],[102.34348144584811,17.538036832544837],[102.35285005018383,17.52368295551023],[102.36412705779661,17.50547207224688],[102.37293377112881,17.489272110290333],[102.380126354754,17.471716663811637],[102.38590084147243,17.452150116211985],[102.39402978742527,17.431807719410365],[102.39582682824879,17.410907834493575],[102.39029757683997,17.394614288131038],[102.38513391747733,17.377651900528146],[102.40342516092213,17.374980897875023],[102.42003087290676,17.371850608177184],[102.431325710314,17.358129965843105],[102.43879917482936,17.34122101485783],[102.44201861951056,17.322020151423178],[102.44278120660839,17.30563739583339],[102.44235307616357,17.288362876695267],[102.45329124422175,17.277353353468172],[102.47155570993849,17.276394645573088],[102.49102867717576,17.27833433531141],[102.50741581877293,17.27782603090726],[102.52543057677016,17.275453743553932],[102.54675846029379,17.271708099891608],[102.56472861667125,17.268475283363784],[102.58229753185769,17.266740705152074],[102.59799801426377,17.258901616966963],[102.58804978087038,17.238407545388508],[102.57433360222572,17.22966768755072],[102.55883814915269,17.220236756777823],[102.54106867610143,17.213316199937196],[102.52133266310146,17.209552728604205],[102.50242613196966,17.20759957834205],[102.477562159909,17.201156215782564],[102.48322971156398,17.182722267453894],[102.49302632153785,17.166540216101826],[102.50507925515485,17.148757293193096],[102.51093405609068,17.127407174510036],[102.51664168603531,17.11227298668046],[102.5237183102145,17.0974999120041],[102.53134786566991,17.082116051846533],[102.54703492046578,17.06070792128109],[102.58239561000246,17.035348963101324],[102.59822984311053,17.028236739686257],[102.61929466362565,17.017454666805918],[102.63553029446592,17.006779515061286],[102.65171238092422,16.997999537267845],[102.67163114400398,16.990829355603598],[102.6814278190994,17.004888925345274],[102.68163290759443,17.020767763115753],[102.68232854591264,17.03705681745478],[102.68607421361352,17.053140797152288],[102.6991572086225,17.06618365521518],[102.7047265966537,17.085157181332196],[102.71713178390758,17.070468915957445],[102.72003023388548,17.05316754771553],[102.73512875643945,17.044240453594988],[102.75152037487179,17.037569630979146],[102.76453208212715,17.025552369645432],[102.77953245554802,17.018395462860923],[102.79203132671792,17.00975823421419],[102.80091832699922,16.995529264241114],[102.81068375072563,16.9827048534798],[102.82425725511325,16.972484606122627],[102.81953503230939,16.962973298328357],[102.80980529204402,16.949591568919004],[102.82343231142055,16.934444018739676],[102.81613276149646,16.920326489445724],[102.81542825951439,16.902704086512934],[102.81712270396658,16.883828727562104],[102.82492609463574,16.867798307446638],[102.83554773905104,16.864824065227246],[102.8510876727238,16.871829320903245],[102.86585179719567,16.876992914568117],[102.87896594390993,16.871637610743893],[102.8918215504046,16.863999086075864],[102.9063359625155,16.853457790080036],[102.9291085477071,16.837873263354147],[102.95020902874934,16.8368432312251],[102.96694846165227,16.84336239613823],[102.9828407104944,16.849698800093755],[103.00173841591801,16.86091793057764],[103.01908879111562,16.867570881808255],[103.03746917330055,16.879342928373365],[103.05744148268838,16.885059421541417],[103.07218326362751,16.895493742822758],[103.08983685206387,16.896804733208388],[103.10106043348051,16.91370922646169],[103.10353076855937,16.930212343381452],[103.11522698765827,16.943446900786217],[103.11845981703934,16.957328101378263],[103.13867738924702,16.95239634233019],[103.157722243515,16.94578794877677],[103.17698555168698,16.95064834400562],[103.19129036077652,16.946786830744315],[103.20414148294215,16.953528919596245],[103.21950751304435,16.95690448931684],[103.23391044228585,16.956779632820115],[103.25244247791274,16.952449891875474],[103.26510631160261,16.943335473173768],[103.28179220430084,16.93516193136741],[103.29573135319882,16.922440112801127],[103.31509282364851,16.91990730014658],[103.33342858924183,16.921022115181056],[103.35110454579534,16.917432528451776],[103.3651729576957,16.908193272970355],[103.38116332323658,16.90269078698034],[103.39586494902562,16.88977718372046],[103.40672291009804,16.878919277207377],[103.41394660315285,16.863896610862234],[103.40813640478807,16.849716604971796],[103.41674246596837,16.834858942905417],[103.42633848178738,16.82056749575268],[103.41442819717395,16.807587081951013],[103.42728377583867,16.80176348353508],[103.44172682942909,16.816193122186302],[103.45015901407598,16.829485690221226],[103.4463062987889,16.8465952816898],[103.4572667842768,16.863361488916293],[103.47240539713368,16.87532966369837],[103.47950874735008,16.889366934996016],[103.48838239672251,16.900853560225293],[103.49109800362402,16.916041330087467],[103.48825756186989,16.931407329058953],[103.49261406066418,16.94527069634826],[103.4967743979907,16.96068582077295],[103.50197820592975,16.976520106715636],[103.51319286610146,16.98758315261509],[103.52189700801024,17.005178746478418],[103.51977445984679,17.02255142617975],[103.51654159608313,17.036294351202226],[103.51540451829692,17.045921568232174],[103.52507635049304,17.055276764368042],[103.54007673286269,17.064279655835556],[103.54769738863342,17.076533243417998],[103.56059305024736,17.08370345572191],[103.57441631284584,17.08852378214766],[103.58607679537084,17.09773628146742],[103.60316407632726,17.094066428795877],[103.61374552023143,17.093517950519754],[103.62922759148381,17.081634433530066],[103.64204302768906,17.066901573018157],[103.6487138634344,17.05131700502642],[103.65665998406988,17.03588405193857],[103.65552734386556,17.018328576697915],[103.66376327775023,17.024923643952032],[103.6654577535733,17.041774547081534],[103.66602402658711,17.059392517395644],[103.66149806218486,17.077518740512772],[103.6706258575257,17.0966303874111],[103.66226060917253,17.109526115656195],[103.64114227912405,17.110302054281835],[103.63593849635951,17.129128343137992],[103.62582528326304,17.144646043830566],[103.61280019346466,17.15536569661801],[103.60168373109522,17.166678489783507],[103.58931862171603,17.16170208727766],[103.57395257414896,17.15625310417162],[103.56014268952426,17.166321698178777],[103.54170430293368,17.176751584757618],[103.5271765699838,17.187551510272502],[103.5114270304085,17.1974016983994],[103.49511562887909,17.207974198147255],[103.47987440526101,17.217744077739866],[103.47003323123126,17.21934041426954],[103.45400276014993,17.21513099621184],[103.43560892481977,17.212901501550164],[103.42006003659213,17.210622908840943],[103.39959721959502,17.222047142631475],[103.38127923917929,17.230367822484475],[103.36300584128344,17.236325131668302],[103.35652233985007,17.249729221536523],[103.33669270809727,17.252034553924705],[103.32209809749696,17.260270490079876],[103.30564843269113,17.26426137886092],[103.28766489153735,17.26223250030097],[103.2756252658478,17.277661027230124],[103.2645890000279,17.293000285794427],[103.25703529598425,17.309851228895877],[103.26635926420933,17.323879573083286],[103.2759418979304,17.33550444449225],[103.28096733885504,17.351401197622938],[103.29149528219013,17.36810941791148],[103.302330848347,17.38421567086257],[103.2957537279664,17.39990281206676],[103.28517222725867,17.413244417992654],[103.28025830240057,17.42944435020078],[103.28205979128361,17.44481486834936],[103.291611204301,17.460377149628098],[103.29123665999252,17.477843398967668],[103.29191439926205,17.493994327600006],[103.30546563248562,17.506185510283462],[103.31975700126137,17.518742297601136],[103.3230835012946,17.538179510221457],[103.33303620979905,17.546999644496715],[103.34103586200412,17.560662320417727],[103.34979796442174,17.5779458390286],[103.36519525658812,17.584540845868087],[103.37767628595799,17.575680542936958],[103.38300494472085,17.5878316121822],[103.40032852288297,17.58964651408233],[103.41624305227322,17.592018678054718],[103.40261159136818,17.606171889122642],[103.40357028773984,17.626063944562116],[103.40309763912754,17.644546889159376],[103.40826574667953,17.660238495469983],[103.40563035428765,17.682832745218462],[103.40740064852497,17.701743840729595],[103.4100939161541,17.72061032121024],[103.41066022636927,17.735525947986172],[103.40492141469369,17.751288870591694],[103.38785638526865,17.7497415611742],[103.38148436217399,17.763761021818755],[103.37231647098515,17.77795879250974],[103.3774087614409,17.788531347060733],[103.38102061014074,17.804856089893274],[103.38795450025,17.818804168510628],[103.38496242391878,17.83570860594314],[103.39917809961973,17.833452262226192],[103.41045514472238,17.83173104908032],[103.41441479504562,17.8379158671481],[103.39917809961973,17.843364896608158],[103.40644192346105,17.852813702521242],[103.40472965518727,17.87265227168194],[103.38659006525339,17.876803704975583],[103.36778151391178,17.876237378122443],[103.34840230077836,17.869976809139704],[103.34075942618664,17.854713291981202],[103.3167203632517,17.839253587170187],[103.30297296885338,17.82589856108296],[103.28466839778982,17.83130301807085],[103.27234784031984,17.839048475319544],[103.26589108983288,17.85799071231252],[103.24865668860394,17.86233389102074],[103.22956279146757,17.869348042430012],[103.2117620677934,17.866668165772474],[103.19359570349447,17.861812194995803],[103.17962532318585,17.8499152954662],[103.17421647010102,17.834076603403567],[103.17103709671068,17.81629814196791],[103.16261384060628,17.80140475477781],[103.14575848717539,17.80282273900337],[103.13677336417624,17.810907114217347],[103.13222509587766,17.82201911548158],[103.12981268752097,17.835730878468183],[103.11940957353877,17.846570929836137],[103.11056718993844,17.855761183405637],[103.10311158120906,17.85924372419961],[103.09341306131536,17.863742940652607],[103.07787308538894,17.874360039992727],[103.06096865325786,17.872246426160597],[103.04692247212559,17.883701861212582],[103.04265514902896,17.876536085724705],[103.02726673710588,17.870939961920342],[103.01368875252933,17.863145422230637],[103.00413292399239,17.851783686173054],[102.99436307928444,17.83833496737038],[102.98369688937274,17.824083751294037],[102.96654713863155,17.820445129155736],[102.95988526563056,17.836662851122878],[102.95431585968026,17.851814827726507],[102.94336877874318,17.864799789900403],[102.93363010086182,17.88150355148621],[102.91922717261076,17.885565778950866],[102.90260369047535,17.88452685289039],[102.88726882252539,17.893079405234417],[102.87393166275143,17.88173986678809],[102.8764287169725,17.86334610357751],[102.86985154414901,17.850120395841806],[102.86349286604673,17.83915549679169],[102.84837207754371,17.83040226964515],[102.84297214155075,17.819914424445646],[102.8393914816215,17.80671549542046],[102.83293017210823,17.803718974915633],[102.84388621486079,17.794024945387864],[102.85127049927618,17.781289741086024],[102.85086025900215,17.773312408028588],[102.85346882839609,17.760447925293672],[102.85279105127782,17.747400558160937],[102.84878678547449,17.734085700598463],[102.84729744216271,17.71871961161326],[102.83745616743431,17.702417116225106],[102.82942089566218,17.686966394966205],[102.81064804018293,17.680059257518355],[102.7925708495656,17.679118322571206],[102.7814811229935,17.6659729150281],[102.77819923991885,17.648560127119854],[102.76628000140367,17.63937436368071],[102.76742599936678,17.62234950683364],[102.75280014402406,17.617984074995505],[102.74079183850463,17.6117012146457],[102.72599200776908,17.600999359506325],[102.70719246835732,17.608481749330466],[102.69261118927275,17.61046155358533],[102.6758584019208,17.60095475775563],[102.65675558779103,17.591987474663334],[102.64830559082154,17.607973373860883],[102.62952381858598,17.61433652338015],[102.61348891676684,17.619023030999525],[102.59865347715359,17.61985241589852],[102.60384388656846,17.63711364706228],[102.60209594449839,17.65205609209568],[102.5929190911469,17.670877962927495],[102.58962831483268,17.686413447828965],[102.58566411187245,17.702136182035783],[102.57061019179469,17.715919282652152],[102.55258203570469,17.72994317783899],[102.54132726470517,17.74390016285517],[102.52745061682788,17.756818167488742],[102.50788847552205,17.753036900087935],[102.48919591518298,17.750227591310125],[102.47168947477873,17.749451775087977],[102.45653751710398,17.757799162751006],[102.4518286498185,17.77441829192355],[102.43660089152544,17.78637306489912],[102.43659197078888,17.80075373758179],[102.44366406129426,17.816347176510533],[102.42607289966463,17.820195344618718],[102.41320841329522,17.831802457895943],[102.40300155098767,17.84258453150859],[102.40105287833624,17.85948894921934],[102.39935393742745,17.877151487984474],[102.3893878632321,17.891612303555352],[102.37306759423018,17.900276405461785],[102.3672930668373,17.91270385556075],[102.3511421364864,17.920739211241724],[102.33793432178034,17.93148558392772],[102.32807076684082,17.94519288603188],[102.3107694435933,17.961620272098763],[102.29925610917464,17.973392226944434],[102.28671262959656,17.98768371384961],[102.27315699588254,17.978983996082256],[102.25600277174445,17.986421786059374],[102.24337904861056,17.998719986608574],[102.224138063373,18.003442120386445],[102.20748333633996,18.006028405656618],[102.20249361366696,18.015753742584398],[102.18707404000193,18.009903380759482],[102.17290301079186,18.006585791233466],[102.16568814131018,17.990261009607515],[102.15112923551844,17.992717996393424],[102.14473932732919,18.008565648290485],[102.14774921620389,18.02533630964427],[102.12946244108613,18.03030376788217],[102.11355685141748,18.024029784328498],[102.11441738810991,18.03826767804434],[102.1128255575333,18.05531485597264],[102.09522095926278,18.054516659615352],[102.07819169170335,18.06370245314645],[102.06531384256256,18.077253636810887],[102.05932519709727,18.080111964333287]]]}},{"type":"Feature","properties":{"Province":"Chaiyaphum","Suit_mean":0.6626,"Suit_max":0.9544,"Candidate_km2":0.0},"geometry":{"type":"Polygon","coordinates":[[[101.3218211692466,15.782805384109041],[101.33292424625688,15.778457720843868],[101.33747701526157,15.76871010579432],[101.34308657428359,15.755979390284391],[101.34362170829276,15.744546275506872],[101.35642379453778,15.74232114679135],[101.36842322687939,15.7361096700232],[101.38132339115879,15.730950472103622],[101.39202073799821,15.737447416512714],[101.40602232056129,15.73530256521486],[101.40742691687645,15.725198214372803],[101.4044259759413,15.711071795838256],[101.40292328703305,15.699919542475111],[101.40082749398425,15.687839840208284],[101.39781756909676,15.674061242268614],[101.39551670715598,15.661446432462336],[101.3921813042997,15.649402439426668],[101.38836874664077,15.636328334727832],[101.38542128653634,15.623744778632988],[101.38202793911033,15.612298270119034],[101.3788218355641,15.60184610990629],[101.37577178514292,15.588705150500067],[101.37442071074962,15.575095933803528],[101.37541953250032,15.56173648036342],[101.37662350042658,15.549986793431707],[101.37731909636081,15.536649579579354],[101.37812172636578,15.523629017198894],[101.38152403441204,15.511522581022787],[101.38562193797513,15.498863220963008],[101.38842226676837,15.487010846716256],[101.38992499887807,15.473464157527049],[101.38812348972158,15.460492622693275],[101.38542128653634,15.449233400888083],[101.38252284023953,15.437483631573022],[101.38132339115879,15.426063912975273],[101.38112716469637,15.414095674295638],[101.38112716469637,15.401338215653217],[101.38212605317365,15.388268562435423],[101.38162214798307,15.377018267462315],[101.38152403441204,15.3655003975571],[101.38612586323032,15.353179927639609],[101.3922214026124,15.34225061570014],[101.38542128653634,15.330630175649791],[101.39272527434986,15.319959548429228],[101.40462666529831,15.31508136835747],[101.41502529440427,15.309890968666053],[101.41792363746724,15.320204847540388],[101.42542387013694,15.32973390289754],[101.42922301563553,15.341100142503382],[101.43662072214896,15.350459862573912],[101.4514248656735,15.349750876044997],[101.4651277119422,15.349171193155847],[101.47822409454656,15.346821229783364],[101.49162367674165,15.34581345463249],[101.50102345717693,15.353590150995249],[101.51232282608878,15.359507370752532],[101.52212393359981,15.366619632136617],[101.53332521280376,15.369798992595092],[101.54602027849013,15.371337359757003],[101.56122578024592,15.370200237989335],[101.5735239948378,15.368251622091453],[101.58962135605223,15.369370881356934],[101.60332419953455,15.371417642086012],[101.61462357967152,15.363547311183483],[101.62722045713559,15.36075144217297],[101.63551887465626,15.369589409225137],[101.64172146436107,15.381579940758774],[101.64992623413517,15.39085036825845],[101.6622244490743,15.393485743709956],[101.67392063864094,15.394096587535808],[101.6843281925651,15.387626470653768],[101.69802213925033,15.386707828281505],[101.71132807591644,15.38743919412765],[101.72442440329995,15.383336814812482],[101.73562567490468,15.377687125745238],[101.75112110610671,15.376719450717225],[101.7636244150751,15.37438736994868],[101.77732276894572,15.37725010029852],[101.78772142261063,15.383711364849574],[101.79432085127533,15.394029740505806],[101.7998189525863,15.40451749922769],[101.8025211136257,15.416516981180694],[101.81152403527734,15.427495286233563],[101.82092385938127,15.417199232235971],[101.8326245016719,15.410867237949015],[101.84582348156525,15.412138163871761],[101.8557226666709,15.405159614437821],[101.86612130899746,15.399327134588393],[101.87882082433032,15.390836960690391],[101.88812246297614,15.393646258337933],[101.90012191151696,15.39646886009199],[101.90832672001463,15.407919787938882],[101.91712006576735,15.416677469631281],[101.92202059214812,15.429194204841595],[101.93382379598494,15.434326575301428],[101.93472460296975,15.445996101976407],[101.942924846499,15.451806242404214],[101.95642252744483,15.449326997706214],[101.96932274069948,15.449835387033302],[101.98342690964903,15.456127183326924],[101.99683534674465,15.460207226255898],[102.00953045184468,15.457063588395325],[102.02643042374532,15.459734583677852],[102.0372304074707,15.466436564279904],[102.03962495375873,15.477793895041183],[102.03923254012774,15.494292622924576],[102.0446325137134,15.505752450861582],[102.04813291490264,15.517863418450052],[102.04633141208043,15.5304603867256],[102.04382987325393,15.54311973158516],[102.04852971842607,15.553977685788515],[102.05922714107533,15.566347187720766],[102.06703058582167,15.578596352100911],[102.07143618972722,15.58952563037475],[102.07832995309023,15.599237500793036],[102.08043013555235,15.610956037407105],[102.08302981158765,15.620614474463853],[102.09062807423133,15.620966754121376],[102.09282649334304,15.629635225519296],[102.10112927179215,15.630607309162109],[102.10603433366992,15.63239541717246],[102.11122912845138,15.638125334400073],[102.11933133264353,15.640426301618266],[102.12653276965104,15.646214207638064],[102.13172766793367,15.648104860123516],[102.1301268632236,15.65928379830658],[102.13352910277067,15.667171948293618],[102.14412837491342,15.67115388529181],[102.14983163144069,15.68208316821823],[102.14933222153039,15.69462220103617],[102.15112923551844,15.704383107796014],[102.15643103468292,15.713921155818076],[102.16393128293302,15.722937483555516],[102.16163040548096,15.732867860987023],[102.16962998578,15.736559993849697],[102.17693402697019,15.7406267557907],[102.1905297950714,15.74279827140144],[102.19602784652935,15.736907836856782],[102.20803179980382,15.741300071050746],[102.2084286607296,15.750820209086829],[102.21922859130275,15.749290752544253],[102.22873095617608,15.744037908324751],[102.23832694138389,15.740818415163568],[102.24992948664318,15.746570663348905],[102.25803169818664,15.752590459509177],[102.25713537195801,15.762779565773814],[102.2615276579685,15.773427905667834],[102.2712306670327,15.779857880822743],[102.2844295444121,15.780798742781917],[102.29762850236312,15.784147501281701],[102.3100292412244,15.790296614715574],[102.31683381904695,15.802336181320674],[102.3278255084491,15.800695288781426],[102.33123226292058,15.809577796960644],[102.32692923208802,15.82190276726055],[102.32793254134694,15.832395021388384],[102.32202867233268,15.842793677893948],[102.3246328297301,15.854101906849332],[102.33022901144669,15.865882823313097],[102.3420322462912,15.872660725083785],[102.34693280786979,15.88387090290629],[102.35402724372102,15.893190374086183],[102.35903032291351,15.906429459905826],[102.36373025319277,15.915900584499893],[102.36232562859834,15.926878952821925],[102.36942899119143,15.935208487301177],[102.37712982609533,15.943087733574153],[102.37273316788846,15.954266701686985],[102.37673297559934,15.965588387285045],[102.38343049594803,15.975567853672134],[102.38842920123675,15.984178380542456],[102.3826279228673,15.994697411678061],[102.36982581591666,15.998175438642221],[102.35823211905539,16.002576581697177],[102.35342973124858,16.01480343725488],[102.34832850085473,16.02654423784293],[102.3383312099085,16.03357185348721],[102.32663050402117,16.028912017947885],[102.3150323639306,16.037032093697274],[102.30352793666387,16.037344191363886],[102.29782914578702,16.046391748036864],[102.28962891541818,16.057222905973795],[102.28253000781571,16.073124032479146],[102.28923202564327,16.086117911483026],[102.30503062318199,16.100641143596626],[102.31813146133452,16.114428730569497],[102.33622646057961,16.135118928188],[102.34493066414446,16.151688979268307],[102.35793339492757,16.17191544038151],[102.36933083410214,16.18638518958395],[102.38063021297366,16.2015551120249],[102.38973125608942,16.213385084492828],[102.39762826911115,16.224332179351844],[102.40353217842026,16.235270318733594],[102.41323071053029,16.245851795490058],[102.41603101590013,16.260571289836026],[102.41593290566811,16.273890606451463],[102.42033404653455,16.2841197822679],[102.4229292880113,16.29537898180518],[102.42733035128529,16.30674526161073],[102.43283290486792,16.318267613780545],[102.43893298855744,16.328300592466118],[102.44473427161158,16.339448303317884],[102.44812759428756,16.35064513703167],[102.45043298792385,16.362934382038254],[102.45313073491496,16.37887570011182],[102.45942698093884,16.39145479924731],[102.44923344615691,16.39910219605356],[102.43923175232693,16.406223326522827],[102.42803048653276,16.412372491402838],[102.4174266912645,16.42259270441249],[102.41033228174027,16.434110555296957],[102.41063105745035,16.446381989855563],[102.40702805170967,16.457529733843476],[102.39793601631443,16.461030122921557],[102.39793601631442,16.45132270110986],[102.39623257614069,16.443332033089757],[102.38292662519613,16.439880646163328],[102.36972774588729,16.435381393890935],[102.36872886992683,16.447733114962507],[102.35903032291351,16.447478996584756],[102.34673216368458,16.446662914773988],[102.33603029195334,16.443483646170552],[102.32333519933185,16.444611764583247],[102.31732883115173,16.452169936113165],[102.30573069576928,16.44701075809404],[102.29373126985706,16.4471489926007],[102.28513411662276,16.45568817076378],[102.27483358762613,16.454341508880706],[102.26402919323193,16.459349125830915],[102.25833041699258,16.46304121794573],[102.24582709035252,16.46824948243712],[102.24213501118395,16.480378220895087],[102.2291322563082,16.483909836339308],[102.21993309843992,16.4927700395997],[102.20912873491346,16.496435426628032],[102.20133425617092,16.50023900660098],[102.19143055540115,16.501447476548023],[102.18232502999165,16.498428661448507],[102.17472676138816,16.490718831493577],[102.16802915059816,16.49834836433949],[102.1588300358583,16.501197735800996],[102.1481326874834,16.49727818057187],[102.14243396804426,16.49720685168518],[102.13153142549393,16.49377782781216],[102.11940711732831,16.495142281811976],[102.10743004039081,16.495115572905057],[102.09543056363711,16.494460042925503],[102.08342665559981,16.49221708892663],[102.07304589543355,16.49261842640788],[102.0756321443071,16.49907969429661],[102.06641963305053,16.503855396216938],[102.0566275121737,16.50612502241548],[102.04543516012623,16.50980829300523],[102.03772085029249,16.517776723668913],[102.03272223718814,16.528402713999622],[102.03401983966798,16.539273973729475],[102.02672476432316,16.547483227283738],[102.02462004642591,16.55752514813629],[102.01332070899419,16.55771240310966],[102.001022483087,16.563433453653914],[101.9924252921429,16.568222541510284],[101.99412423976459,16.577573260485043],[101.98972309388435,16.581720231224303],[101.98542011703763,16.587360959991166],[101.9840154437472,16.596127590345283],[101.9802252604956,16.606071357876903],[101.97231922731265,16.612291835648236],[101.96432407980107,16.61539974947924],[101.95642252744483,16.625820676637705],[101.94512321800151,16.633044463994363],[101.93322186927249,16.629820508862192],[101.92402719446139,16.625990125156086],[101.91431975416624,16.631162685793548],[101.90811713138066,16.62875925940384],[101.90212853672766,16.63586260370319],[101.89282236563268,16.6420295104041],[101.87962344828325,16.64218116195079],[101.86872093323652,16.645369412153194],[101.85672155321645,16.649288924884942],[101.85042529785986,16.652789384336522],[101.83762315695564,16.654987699246096],[101.8269213484416,16.649440573133536],[101.8149263634863,16.649378114684875],[101.8036181010752,16.645547800739806],[101.7935271347326,16.637731003129424],[101.78262463745828,16.631028900807372],[101.77862482629772,16.635260619403727],[101.77702398826801,16.64618984255959],[101.76341928542247,16.64987759666218],[101.75401947620827,16.654827159002934],[101.75162491909259,16.665569174164073],[101.7448203895906,16.65832756660255],[101.73442173537913,16.65439905629118],[101.72602078758548,16.650069306725523],[101.71581835534803,16.659799039642326],[101.70642308927391,16.667299222040228],[101.70001978893804,16.67734558089726],[101.68881852286151,16.682437955453167],[101.67561959500165,16.683695346272184],[101.6622244490743,16.684364223096352],[101.64920828428271,16.68027974585527],[101.63712413645766,16.677497225707974],[101.62252056774736,16.681055556635464],[101.61498916038302,16.692858843948628],[101.604224948773,16.70156301073985],[101.59251981545118,16.70490284349823],[101.58251803788387,16.714177782451557],[101.57262325441557,16.721205328098005],[101.55952246227996,16.72356423870345],[101.54791983431865,16.720777277129997],[101.54942259012061,16.709196939337314],[101.55921919050608,16.701344525136964],[101.56712519604987,16.694526537855477],[101.57710916238658,16.687320639438454],[101.58285686670827,16.675842860632816],[101.58621909838446,16.663317309332857],[101.58382450898397,16.65310145026411],[101.5772250781271,16.64292584640624],[101.56822212941275,16.649489611080288],[101.56082005228127,16.658755640549664],[101.55542004160378,16.66996136752464],[101.54413402844482,16.669426221467212],[101.53312010571362,16.67585628980039],[101.52052315751286,16.678545082464925],[101.5171029919644,16.668150952947514],[101.51341977837552,16.65558963950254],[101.51712085470837,16.644878868772494],[101.5231228271395,16.633057828696774],[101.52902221310964,16.621169890631656],[101.52362223421856,16.613299580601677],[101.51212218333895,16.6128313442014],[101.50522392019482,16.602160759696005],[101.50582147372451,16.590272741281243],[101.50277149043045,16.576280101226036],[101.5030211871461,16.565881428235365],[101.50552269652125,16.555795014028718],[101.51742408827144,16.55124220446663],[101.51962236346945,16.541084451741646],[101.50796626199036,16.540616186327213],[101.50270897964715,16.534297686724937],[101.49322451871274,16.527484183367715],[101.48551919187095,16.523212329725073],[101.47637801761928,16.523042856054982],[101.46988113062186,16.512920738499396],[101.46832485873543,16.500136459064624],[101.47341715301985,16.488458099838585],[101.47692200787536,16.475767453734907],[101.47002379296225,16.466269589881115],[101.46242552595342,16.455719396291062],[101.45372137004009,16.44800963023027],[101.44942277857963,16.43715164580093],[101.4377220549912,16.430320383400428],[101.43022186151262,16.418361046782188],[101.42233368281798,16.407734972459302],[101.41052158469864,16.403293734792822],[101.40519738055042,16.394112411197113],[101.4130231491812,16.38431132809885],[101.40781488202722,16.37372985461675],[101.39802716615213,16.365065843120643],[101.38845794686927,16.356241274591294],[101.38342362717096,16.34619497778485],[101.38182279183316,16.334645822701003],[101.38092201925923,16.322945199350446],[101.3810201322421,16.31065587009389],[101.37572277449962,16.299316439124947],[101.37112540550446,16.28776736441365],[101.37282434840179,16.274867183621897],[101.36642547289085,16.265480738110142],[101.35792648035766,16.25790023646055],[101.35502804929182,16.250163777729824],[101.36611784326652,16.245370232961257],[101.37532142499082,16.236831036274154],[101.37152223567458,16.225790254598785],[101.37312307993183,16.214053974018444],[101.37642728314974,16.202442465775338],[101.3788218355641,16.19106726645902],[101.37692224326601,16.18320591510114],[101.36611784326652,16.175834961969258],[101.35951836322718,16.16455795177831],[101.35114418450335,16.157236090455285],[101.34441982677406,16.147724767112226],[101.34452240537045,16.13691593797646],[101.34222596846146,16.1243590819313],[101.33872112345495,16.11272982266884],[101.34102648223787,16.10028891890383],[101.33790513284362,16.09000619242676],[101.33441809666239,16.07757871957043],[101.3312208737839,16.06554354707209],[101.32881741963236,16.054279868509845],[101.32772048261575,16.043462134174675],[101.32932131883595,16.031560797134414],[101.33382502005747,16.021692801900706],[101.34152144060285,16.011133619575517],[101.34572634835462,15.998862175767217],[101.34631940900107,15.98633652966086],[101.35465344711496,15.976044997092822],[101.36072681548323,15.965356505565792],[101.37232048990309,15.963167038395504],[101.37942383812555,15.955934428737319],[101.3759234065602,15.944907049352214],[101.37202617675229,15.93232789378748],[101.3747238631405,15.922000652071286],[101.37982061451453,15.915329831292098],[101.37052345272056,15.90821755285435],[101.36792822210612,15.89518364673685],[101.36022293119755,15.88625199960124],[101.34882543418875,15.886474952505525],[101.33881919512035,15.873869141250594],[101.33512266101066,15.862021249752974],[101.33151965429374,15.850833425147828],[101.33682151245671,15.842512756388523],[101.33002584723447,15.83212301872102],[101.33697316147548,15.825826746053282],[101.33672344275145,15.813956618259672],[101.33282618037681,15.803963777240607],[101.33481495447103,15.793364538315894],[101.32423354235748,15.787037061820934],[101.3218211692466,15.782805384109041]]]}},{"type":"Feature","properties":{"Province":"Kalasin","Suit_mean":0.6833,"Suit_max":0.8651,"Candidate_km2":0.0},"geometry":{"type":"Polygon","coordinates":[[[103.10069921478741,16.91487301581577],[103.10810137539083,16.90770724996262],[103.1176393747603,16.902597088970122],[103.12443503925068,16.893875066253205],[103.12371264179693,16.886571111804415],[103.12243737254313,16.874870396343148],[103.12104169047385,16.864516345611857],[103.11478999219396,16.857283752077016],[103.11455363881126,16.848583989933573],[103.10925177191825,16.8413602537618],[103.10604126099209,16.832633816166936],[103.10883265304619,16.822248594834363],[103.11668954393265,16.81559555372632],[103.12703911835737,16.8153012755414],[103.13663515150292,16.82520051215413],[103.14313650512679,16.834256956136414],[103.14853643575165,16.843210822301945],[103.14683752709892,16.855865755371966],[103.14213764849215,16.864618981957694],[103.1525362527294,16.86334807492585],[103.16647991392078,16.86114531691406],[103.1744393848243,16.854755410174437],[103.17303475593737,16.843661131888314],[103.18008463771298,16.834952518591994],[103.1809407855124,16.8250533229441],[103.18583681798539,16.816532029508124],[103.18513676946252,16.805223752449866],[103.1837856183064,16.793835168363593],[103.18165418784353,16.78347667816618],[103.17411834550758,16.773100364225332],[103.169641394405,16.763584617056075],[103.15982246522653,16.757105540471873],[103.14894671482065,16.749221880408665],[103.15422177711109,16.739505488302438],[103.16043780841842,16.73088608164725],[103.15905551236537,16.718440651645036],[103.15164000234266,16.710708652628735],[103.14868363629917,16.70080940930131],[103.15039145700084,16.691231280542958],[103.15274135472634,16.680667672284017],[103.16137864792934,16.67208391185475],[103.15654051047792,16.662376446535493],[103.15470783465442,16.652798292176048],[103.15600543461655,16.64036187221429],[103.17053768692635,16.63770424334289],[103.18138663948726,16.63760163268398],[103.19225352622267,16.634355427786026],[103.1910763054637,16.62313633009964],[103.17941128794844,16.612492415720965],[103.17288312631469,16.60019422118056],[103.17624084616298,16.5872183048064],[103.18065088447672,16.57512515718133],[103.1799151338213,16.563634089991467],[103.18563174930247,16.553543094638396],[103.18532405890002,16.54330505892944],[103.18024516497617,16.53307138265494],[103.17602681675554,16.52391239491811],[103.17308826196565,16.513397880482582],[103.16913750220762,16.501277988656916],[103.16505293569797,16.490335389987585],[103.16968601087524,16.47512540501971],[103.169378271958,16.463527229450403],[103.17627657643716,16.455438447064758],[103.18484694665487,16.44718913696814],[103.1864477134347,16.435118364619463],[103.18453036903644,16.425451026407107],[103.17801109119253,16.416358875304255],[103.1780334449326,16.405960266733214],[103.17112624266854,16.399378631335352],[103.1670149469867,16.388632179956854],[103.17065358501797,16.377199104090245],[103.17557649375006,16.36674694271113],[103.18462401326332,16.361003630465547],[103.19822869830533,16.363201920311045],[103.21071415475375,16.365400243112454],[103.2223301602864,16.367371225833395],[103.23279560498705,16.368842693699982],[103.24477274535501,16.37185704652162],[103.2557154214779,16.374082168742525],[103.26642619673069,16.3754511145855],[103.27807784214627,16.382759584699954],[103.28552446867316,16.39087069541785],[103.29618624885958,16.38803465025288],[103.29933876313301,16.37693149877821],[103.30464959797514,16.366225229008492],[103.31680952479851,16.36391986266798],[103.33141313055278,16.361721528880878],[103.34261888062127,16.358073995085654],[103.34948581807431,16.348446821436667],[103.35102866747278,16.33707158695818],[103.35388255199456,16.32637421125959],[103.35856014231922,16.316100455366286],[103.36340272014104,16.30579989814677],[103.37348031449234,16.299365458109065],[103.38081548789161,16.290581043658953],[103.391160600804,16.283669449797216],[103.40282565316855,16.281582594487244],[103.41361216882376,16.2781134073334],[103.41155206202752,16.26762108242219],[103.41270250833813,16.25752575468438],[103.41271141358055,16.246779238794595],[103.42173221289497,16.23514992950315],[103.4331965187738,16.23218465949033],[103.43993427871098,16.223814929037164],[103.4447991638979,16.217144107542456],[103.44932511951079,16.222749141341403],[103.4462572630497,16.2142144298225],[103.44644899642401,16.206709776985896],[103.45157695592273,16.20172897498443],[103.44878553836479,16.195999018831344],[103.45733813914735,16.191446335250262],[103.45317774874246,16.188949178159287],[103.45778849601572,16.181199273836935],[103.46791065074676,16.187852242888876],[103.47588354111771,16.19351979696945],[103.48072164170306,16.201416835639318],[103.48820401084281,16.20259407608636],[103.49769744545502,16.203445714446822],[103.50634813663065,16.20234881908567],[103.51043708935552,16.19496896744859],[103.52018020599051,16.192989183005835],[103.52803717646252,16.19800563757486],[103.53243834273988,16.20663394920251],[103.53683498029031,16.21626567860495],[103.5405805969413,16.21410748487362],[103.54661379023733,16.209697382578057],[103.55641045760498,16.21214094988916],[103.56183715553708,16.211735184024946],[103.55346743465697,16.204796827358127],[103.55973690719165,16.199646541690228],[103.57174081123995,16.19859425249296],[103.58023989129771,16.19602576688282],[103.5932381795789,16.191976902529582],[103.59993568251221,16.198366797702395],[103.60453750548066,16.190376133301484],[103.612006495115,16.19724762788252],[103.62133937643267,16.20038681502745],[103.61593494252607,16.209175671384916],[103.60604022330669,16.20836862246696],[103.6078818663687,16.214187744861878],[103.62053679540914,16.214789664446418],[103.62825097767433,16.207962826169638],[103.63484153895094,16.1974437752424],[103.63652707694303,16.187575825714216],[103.64524021355604,16.188454228215218],[103.65396664479384,16.18660367884299],[103.65636564862201,16.197479477059876],[103.66083366401516,16.19181641410088],[103.6688823729299,16.19591873398452],[103.68003903822604,16.19806804564684],[103.67189220623645,16.203677598681534],[103.66451240989778,16.208052011154734],[103.67043856545416,16.217362581729848],[103.67623988344349,16.209585940437634],[103.68446243706063,16.213380600486133],[103.68783356079918,16.20814558216979],[103.69623444013601,16.211628204425487],[103.69353667470715,16.21998455794395],[103.70379706355092,16.220158478021155],[103.71977856430696,16.21624784875553],[103.73644221873637,16.223105895762014],[103.737936001853,16.23572072712159],[103.74080764784857,16.24702900809677],[103.75039029381742,16.252995248148647],[103.75604887329925,16.262149781479714],[103.75724831666138,16.273886196717534],[103.75525511431108,16.283134302658375],[103.758742154908,16.292721376233626],[103.75515698873495,16.30373982336374],[103.74704596471449,16.31029022303312],[103.73621479392925,16.31801345168963],[103.72893307343868,16.32729729094323],[103.72974461850158,16.340415975803758],[103.72212846818273,16.351594914506695],[103.71493597850171,16.358667003161557],[103.70946462922885,16.36577484255936],[103.70613811408457,16.37992802915414],[103.71963583387956,16.384351466841725],[103.73083705679463,16.391575168693777],[103.73913545989178,16.40058708991012],[103.74633694195444,16.409465134880527],[103.75425627002049,16.41508808293308],[103.76383890462742,16.419752249146832],[103.77330109665776,16.425665037250873],[103.78238879086672,16.432879847038702],[103.78956792206182,16.440553931289383],[103.80174127477345,16.447742020904442],[103.81084229461553,16.452660397427895],[103.81923876583471,16.46058874049107],[103.828741108733,16.46886925602174],[103.8377172759929,16.463692235080966],[103.85224952347315,16.462840538175975],[103.86445407846162,16.467491427905006],[103.87494630687172,16.4638081556202],[103.88366829639324,16.457989100924205],[103.8911417980557,16.45089014668636],[103.90213794494099,16.446515790484558],[103.9107796270766,16.449249243317478],[103.91763328633132,16.442810242501416],[103.92484363673478,16.435533049437506],[103.93784196984817,16.434534225493163],[103.94911009756672,16.438649933599542],[103.95989220607093,16.435541969649112],[103.97174890303891,16.432402753554175],[103.98515296911735,16.429504297519003],[103.99314817607603,16.435934312819075],[104.0003808054241,16.44175797120037],[104.0136198904167,16.439943076763218],[104.02682329924384,16.438774825174725],[104.03785062986509,16.43622420334373],[104.04267093731676,16.426463183811872],[104.0401604836989,16.415783709399733],[104.04384817923444,16.40527355175402],[104.04434312166602,16.39382709682213],[104.05712293493355,16.391481557374174],[104.06914466509662,16.39627067512009],[104.07355464866167,16.404658235247492],[104.08394436695924,16.407690416579687],[104.09494057281522,16.412247624604642],[104.10384534071754,16.41715262994998],[104.11514471947645,16.419034353459836],[104.12714419875851,16.422994002552848],[104.13954937633413,16.42150470212473],[104.14885102527964,16.428750724994007],[104.15574485551204,16.436812812707785],[104.16588039318813,16.440674395315135],[104.17648856256292,16.44043800959953],[104.18608012287507,16.433521985909127],[104.19724123536147,16.42717225314115],[104.20804561770028,16.42797489485246],[104.21741418589822,16.431773976219457],[104.22765230138666,16.432933368153368],[104.24260809001039,16.441494856080528],[104.24050792635003,16.45360128863338],[104.2319776246436,16.462064694414128],[104.2296678302651,16.473190092877978],[104.23567866000434,16.483102760527064],[104.24137295160222,16.49238207067252],[104.24349991923698,16.504408311547664],[104.24437835824969,16.51461522580452],[104.23690940270151,16.522975989129407],[104.22818736024739,16.528326961196232],[104.22400025866509,16.537735589316927],[104.22796444838058,16.54905730335784],[104.22104840960775,16.557065795141984],[104.21324052598892,16.562679857198773],[104.20957953815554,16.57367150379814],[104.20647606027514,16.58536778148559],[104.195693878818,16.595530059185943],[104.18219175916558,16.597344854769297],[104.17899905110903,16.609348806025878],[104.18424291565913,16.62590543121953],[104.18004690410095,16.643327099525383],[104.18239686461837,16.65449270059188],[104.18897405160408,16.663089861174935],[104.18144263462551,16.669988067709443],[104.17166828624296,16.674144014388325],[104.16671872178942,16.683410011737124],[104.1732334704561,16.693532126280846],[104.1629017288752,16.696840799124715],[104.15437145304647,16.703690001141524],[104.15197691850534,16.715577909574144],[104.1443696258497,16.725557385308147],[104.13629867725705,16.73382013978481],[104.13473354591456,16.74500802947011],[104.13348498136199,16.755397700401126],[104.12272074680607,16.758791138314635],[104.11538553576364,16.7680660028144],[104.10590989797547,16.78058720567187],[104.09752680485052,16.791498637683045],[104.09671077584768,16.803145772429822],[104.08806459777637,16.807194615426123],[104.07446880879968,16.823626409220292],[104.07052698433247,16.836736176772902],[104.0561062053708,16.839001401368648],[104.04610444704754,16.84045952855779],[104.03686522197775,16.843893000998953],[104.02701506914231,16.855170089027805],[104.0176152889529,16.847808093623282],[104.00948183785141,16.84017418502111],[104.000313942325,16.832763137361816],[103.98513074289558,16.830475610003642],[103.97936957858755,16.819693507004743],[103.97278794865062,16.811412981500986],[103.96354864138493,16.82203452774256],[103.9587462200822,16.81349537195806],[103.95787664404875,16.80227623833144],[103.95415334116841,16.788863281206368],[103.95666383278977,16.776917307638655],[103.94151180684038,16.773465961662],[103.93688320930205,16.78411880017701],[103.92656042578297,16.78997807704884],[103.91737466816144,16.799315406740163],[103.8777599907648,16.81823980741493],[103.84107048857447,16.849417844355447],[103.81197934612399,16.8756775423396],[103.78662935887935,16.90848315866553],[103.78707969330937,16.951616045506192],[103.76366500796343,16.96364218285698],[103.7560443647986,16.97051366712026],[103.74513299967109,16.976283774727293],[103.73757033281153,16.987043534280915],[103.72763100555123,16.98148756432524],[103.72682839997253,16.991101365369936],[103.73130974240846,17.006083907165987],[103.72363119457168,17.012513969732762],[103.71301852393985,17.015011066531073],[103.7075962986522,17.020629538398843],[103.69896787103434,17.029248989616953],[103.68947444561708,17.025204589553464],[103.67925863042771,17.022765463812686],[103.67162469414386,17.016692163631372],[103.66055274676488,17.016531600163034],[103.65324424911257,17.024696200479635],[103.65651723306263,17.034791602154225],[103.65538909917602,17.045792182025945],[103.64611864281204,17.05261022225789],[103.64263163548229,17.060966573202442],[103.63497084166906,17.072805478936843],[103.62951736226468,17.08101914718624],[103.62123243010942,17.08996856972091],[103.61107451498081,17.095221329583563],[103.60597337857715,17.09414672708907],[103.59593142594484,17.091810147976197],[103.58607679537084,17.09773628146742],[103.579909883069,17.09294717181992],[103.57099167706112,17.089919513989837],[103.56364313305596,17.084764801922663],[103.55297693728248,17.085723475856145],[103.54715783900315,17.076519896352245],[103.54202088757611,17.069612700208793],[103.53692420661665,17.061238512415486],[103.52839838225199,17.055802903590493],[103.52113898263148,17.04907854394364],[103.51446369675627,17.04492712787817],[103.51756273324422,17.04053491705505],[103.51818704979873,17.03236586860248],[103.51949357977644,17.02440639257193],[103.52080453512137,17.013909633435564],[103.52159820958572,17.002788647349814],[103.51552496724179,16.99140460128026],[103.50941600823293,16.983021408879907],[103.5010239823704,16.977130935549198],[103.49845101068169,16.968132542101127],[103.49489717866051,16.95911173942889],[103.49426838640869,16.950033040236605],[103.48972903278154,16.941065776705774],[103.48811481799517,16.931888943389097],[103.49451365649033,16.922939527336254],[103.49050046111289,16.912969016061133],[103.49065211825264,16.902927086101734],[103.48271933853029,16.89625183015751],[103.47950874735008,16.889366934996016],[103.47170085260674,16.88303500737558],[103.47113012760629,16.87252043442139],[103.45979959766217,16.866188579403055],[103.45354342024092,16.854808939996033],[103.44602090399339,16.846113693590986],[103.45004303581997,16.836263561813254],[103.44731850292419,16.826854796800088],[103.443024385051,16.818083744655763],[103.43480625420344,16.81069503358721],[103.42607094367162,16.800470344563553],[103.41676477386422,16.8037299117508],[103.41798210310945,16.81226461629393],[103.42630726603915,16.8185519370806],[103.41895422896282,16.825481454895556],[103.41504804714069,16.83675398324448],[103.41220760707635,16.846706702084216],[103.40647313437177,16.855210283810585],[103.41392429574755,16.862251156447172],[103.4105220651377,16.871820427225384],[103.40579090439157,16.88059591443564],[103.39741673516939,16.885072856296592],[103.39132562869688,16.894379001523557],[103.38200162265547,16.902498967006075],[103.37040792814453,16.90305636502978],[103.36246627134605,16.91011068379932],[103.3536238904567,16.91559988173335],[103.34343040121506,16.919889534329634],[103.33342858924183,16.921022115181056],[103.32181712137087,16.920692105759368],[103.31111080104195,16.91959969514919],[103.2989508940079,16.921820286508297],[103.28792350640752,16.92558375916933],[103.28174763588561,16.935732719440466],[103.27098782010809,16.942354486693343],[103.2615568607818,16.944316461955918],[103.25416360919692,16.950416524990697],[103.24470591243418,16.95772048929538],[103.23287141219993,16.956347136892468],[103.224885229555,16.959383780605286],[103.2146158796152,16.95714529484511],[103.20505554122533,16.955263511279878],[103.20024862390991,16.946568334660157],[103.18945321134795,16.94630079757307],[103.18168094271083,16.95126372845804],[103.17105936119366,16.948623908229052],[103.15905102470198,16.944864902037235],[103.1480102810117,16.948574927955],[103.13474444228542,16.953658282842667],[103.12359669968662,16.958737219591033],[103.11612772393788,16.953136551505814],[103.11581554418319,16.943830385587663],[103.10988049687973,16.936009114022156],[103.1038072078303,16.927510079888407],[103.10178278609558,16.917436966271776],[103.10069921478741,16.91487301581577]]]}},{"type":"Feature","properties":{"Province":"Khon Kaen","Suit_mean":0.714,"Suit_max":0.964,"Candidate_km2":0.0},"geometry":{"type":"Polygon","coordinates":[[[102.9336389718134,15.792740234981922],[102.93363010086182,15.811013640671064],[102.92553681555428,15.82619690565164],[102.92303522581916,15.841201742658896],[102.92763708801877,15.857794065224574],[102.92031079698064,15.875046310418405],[102.91452727683004,15.889685558098105],[102.90561801974765,15.900962626046319],[102.9011767224476,15.916890547089972],[102.89402879102198,15.930789506273955],[102.89973642481432,15.944978366183348],[102.90393250440387,15.95947493972863],[102.90717869019804,15.97460912743952],[102.90548867459543,15.990104532173433],[102.89369883059368,16.005778208850437],[102.89645452852552,16.019467724685477],[102.88433028284756,16.030740304360357],[102.86972671462566,16.037861506241175],[102.86094675093244,16.04933025625321],[102.8565366913652,16.063706445861534],[102.85783427228012,16.07864891152284],[102.86331897429491,16.092168851807415],[102.86972671462566,16.11301073753762],[102.86993625624162,16.129072356004713],[102.86431782390586,16.144585630516957],[102.86227554132371,16.159242633869642],[102.860848615196,16.173841782214122],[102.85462374420162,16.191013754479282],[102.8495314202252,16.204783448706387],[102.85333058682963,16.218963387003686],[102.84863073224676,16.23415110057355],[102.85092714018286,16.248134883551323],[102.8499148861165,16.266225446209504],[102.85729023981655,16.28029831919965],[102.8695929312306,16.289180911288202],[102.88143184891173,16.301652997268445],[102.89929054455604,16.313942302180564],[102.89750695229526,16.32861714094599],[102.90680856368206,16.341495065090832],[102.90963569182192,16.35533606468728],[102.92105095869931,16.362938828123273],[102.92273653856766,16.369226215024266],[102.93403588169195,16.37284253160185],[102.9377190639639,16.383834195693986],[102.94996825056515,16.38631788988948],[102.95803919319754,16.39782683862824],[102.9520417169652,16.405523289776852],[102.95913616831031,16.417134783180753],[102.95157798615242,16.42111226464515],[102.95089130941594,16.436674564206996],[102.9638360467444,16.448303875029797],[102.97814079687221,16.45410068557389],[102.99314126687706,16.46156975500192],[103.00910927869452,16.46365213874478],[103.02253565972637,16.470590464665083],[103.02692340369309,16.48500679311374],[103.03663529550603,16.49586020734039],[103.04593696843855,16.488030008175127],[103.05983602978684,16.49506650611064],[103.07218326362751,16.500707245812322],[103.08469548615012,16.5084081200195],[103.08931068388617,16.522788739596265],[103.09687776716504,16.529339100639994],[103.10604126099209,16.544125525025304],[103.1148390749406,16.556062486158908],[103.12173284405414,16.57250323600281],[103.12333807352054,16.58781581804296],[103.13633638039607,16.595703971134277],[103.15539011343118,16.609491505726226],[103.15293757016788,16.625200852744495],[103.15355745462514,16.640504481192394],[103.15399889871966,16.6567490386336],[103.16163726565267,16.67104045243878],[103.15158201817525,16.684556011728407],[103.14812624602813,16.699440499858056],[103.15333448943969,16.71332606891234],[103.16050019645154,16.727657658221354],[103.15159539236623,16.741173159299507],[103.15663862116857,16.75506326206253],[103.17163903117364,16.76567592899579],[103.17853728521912,16.780065471098425],[103.18357166391672,16.79490532639483],[103.18522592553647,16.811903484527498],[103.18064199559711,16.825490317470162],[103.17803784527561,16.84103028568214],[103.1744393848243,16.854755410174437],[103.1611557566666,16.86202373495849],[103.14256127955994,16.86485077241743],[103.14849631417432,16.85158948802024],[103.14414874321349,16.835318200258115],[103.13283599109481,16.820919754070015],[103.11854012866543,16.8148910094966],[103.10733878953367,16.82431309786225],[103.10948811513042,16.838519815715742],[103.11724248215938,16.849208253544088],[103.11746098404491,16.86348186307287],[103.12371264179693,16.876943860034164],[103.12666453998499,16.89201118463481],[103.11631948309716,16.90314108879658],[103.10220196891954,16.91127896484948],[103.09043883062182,16.89757169486763],[103.0755364858316,16.896015503641785],[103.0618381304434,16.8873558825219],[103.04640079594547,16.88424786974773],[103.02803814207492,16.871967512473862],[103.01246700946008,16.864373657885295],[102.99533955385418,16.85582115036787],[102.98103927505635,16.84779923616863],[102.96588277976267,16.842800566843014],[102.95096711861693,16.836807525734354],[102.93392881514536,16.836138653133673],[102.90943055924107,16.851237195178193],[102.89662846844294,16.859330467578886],[102.88626108932039,16.871922935486037],[102.87522925708852,16.87751020803507],[102.86121429850206,16.879311653454362],[102.84679356754171,16.870036710587833],[102.83422784695543,16.863709265493043],[102.82492609463574,16.867798307446638],[102.81786292870827,16.882348321162983],[102.81603018771327,16.897535993982142],[102.81575817896545,16.915020129613254],[102.82143469201093,16.927287152136927],[102.81743034066834,16.941712308327112],[102.80972948448833,16.95540174537165],[102.82360623269695,16.96473470416461],[102.82207675209536,16.973224807167448],[102.81014423313164,16.982923390879865],[102.80106545646663,16.9942717477528],[102.79477818158081,17.00825106429335],[102.78272963791164,17.014797020266787],[102.7699275693289,17.02157932392171],[102.759506684447,17.033230958941534],[102.7452331069587,17.039808084576904],[102.73053144609136,17.045368584216725],[102.71852751978228,17.056895361307784],[102.71703367973073,17.07186907238339],[102.7054311386504,17.085625381713943],[102.70123515702765,17.068524693024706],[102.68882543116726,17.055820771080626],[102.68317572802306,17.042461270390593],[102.68289929320959,17.027871068787945],[102.6837331572213,17.01497088141775],[102.67848922099955,16.99856585086466],[102.67772673485024,16.983378140833526],[102.68462943182223,16.96959060930814],[102.68073218614836,16.9509827777179],[102.6752341410477,16.93496123826825],[102.66853207018579,16.92208338480737],[102.65862843399631,16.90535732810504],[102.64983508975504,16.889576491936644],[102.64212970755577,16.873019866823046],[102.63452698873068,16.85532170611194],[102.62902893619436,16.84095894381361],[102.62293326917829,16.824469199684355],[102.61823342154585,16.808291571179844],[102.61673070537563,16.79340268206974],[102.61713198255697,16.77777352680151],[102.62043177581181,16.763312639808763],[102.5995319293737,16.76366486016006],[102.58193184122452,16.771124973192503],[102.56233414963567,16.777983070739406],[102.54583094915773,16.784850043718535],[102.52693332773205,16.792613409429013],[102.51183476745415,16.796341153792802],[102.49593368720693,16.796702340656807],[102.4831315432294,16.803279587448024],[102.47102957559136,16.799440291135824],[102.45812937235354,16.80137102649354],[102.45713058948282,16.785759721930273],[102.44722686171842,16.78846198634459],[102.43163337437129,16.787035088129354],[102.41963395890687,16.796412512315847],[102.4153309549141,16.80580787835726],[102.406029282178,16.8131787705547],[102.39212576846403,16.81044082752891],[102.3803314293228,16.807930403211166],[102.36492976108632,16.81378969245898],[102.35333158814099,16.82491956330115],[102.34652697566443,16.818520789543157],[102.34393183404264,16.830350756665748],[102.33263247869374,16.841837356297987],[102.33522762070004,16.84905220654997],[102.3237321230563,16.852075524395485],[102.32813323922818,16.864480748124702],[102.31443042929322,16.866558664047353],[102.30663143200972,16.877915964212594],[102.30142768620162,16.881157767924467],[102.3003307113136,16.888595507206283],[102.28553099178909,16.88974593652523],[102.26892973552914,16.890334616028976],[102.25682774992502,16.889175172424036],[102.25112899433356,16.87775987507822],[102.24133231805435,16.87788026928382],[102.23133057232225,16.87166433310693],[102.22042811537342,16.86162690723521],[102.19663428788967,16.85635175652886],[102.18713198262813,16.86491771203395],[102.17832967830262,16.863348103634905],[102.16552760881152,16.869425859511853],[102.15512900594736,16.879476671834503],[102.14412837491342,16.87683688423041],[102.13033191214177,16.88048447053996],[102.11852875077015,16.888096073424954],[102.10413473281736,16.893415855780482],[102.1002285564688,16.88132718725379],[102.08531735125958,16.88710617956085],[102.07052648032561,16.886013730147003],[102.06122479943711,16.87123623546439],[102.04822651612983,16.865408165704526],[102.03851908821326,16.860066188934102],[102.02552074390485,16.865769369977745],[102.01341881051164,16.86749951152877],[102.00491976913595,16.856284917687436],[102.00262330041626,16.84818715988605],[101.99642070140418,16.84014738777518],[101.98402441506296,16.840276695586248],[101.97732679599024,16.839139667613136],[101.96782004379607,16.844477208088247],[101.95872340758419,16.845110415334],[101.94572521172475,16.847130382157445],[101.94882421825659,16.837498672241573],[101.9364235071291,16.83146108644791],[101.92371946830455,16.82322957008053],[101.91122514331673,16.816380366327323],[101.89771846713312,16.810048493688402],[101.88252187273532,16.8077208151545],[101.87182448723792,16.795832821743588],[101.8599231516067,16.78798925701981],[101.84572535991396,16.782388658820057],[101.83082749637127,16.776012185991096],[101.81652273460604,16.7715307823925],[101.80261928205897,16.766014824470506],[101.78992414212895,16.75712342397337],[101.78152326151768,16.74647510271954],[101.78402030401138,16.731296308492322],[101.79062871609014,16.719747210568073],[101.7797261718339,16.708247212265317],[101.77732276894572,16.693777361645736],[101.77172214189166,16.679985430827173],[101.75812629699747,16.67445167849898],[101.75512091091738,16.66098962157653],[101.76012396736746,16.64969916325131],[101.7766271511212,16.64649753372357],[101.77802282488017,16.63273230526159],[101.78722195699136,16.634038793511667],[101.80062158551213,16.643122057473747],[101.81422632276461,16.648999103945982],[101.82852216278474,16.651389203584326],[101.84292501679752,16.65301674255161],[101.85582079759159,16.65255750321049],[101.86822595652819,16.645668182957227],[101.88222314227423,16.64265829486143],[101.89612661545682,16.637940544736317],[101.90682400996407,16.631960928272992],[101.91408343146186,16.63074801770514],[101.9245221697112,16.62846045474399],[101.9386218320323,16.630640989733802],[101.95332347510036,16.627992257085026],[101.96392279668672,16.615903659241653],[101.97272498348013,16.610039906168637],[101.97962324718827,16.601121736826567],[101.98532195393098,16.58967074470521],[101.98919698233442,16.58163097545302],[101.9939190998226,16.575740540959664],[101.9939190998226,16.563513671965588],[102.00923171502697,16.55789965943874],[102.02402702092182,16.557574150846595],[102.0280223819054,16.545525636395794],[102.0355225892924,16.53336568019886],[102.0369271496961,16.521678416239293],[102.04462353735394,16.509946509759875],[102.05942334036892,16.505447288489705],[102.07102143242544,16.501086280421564],[102.07163232393381,16.494228211022516],[102.08302981158765,16.492729917632847],[102.09793215847459,16.49635961255978],[102.11273190064544,16.494446701265975],[102.1278303590674,16.493327406680905],[102.14212631716273,16.496698489282252],[102.15051833468911,16.498000612801526],[102.1608277750203,16.4978266471744],[102.17233221152094,16.494228179069914],[102.18183009691886,16.497871267620617],[102.19322756024411,16.499935835430087],[102.20613217628924,16.501206626452376],[102.21913047915496,16.496609310610392],[102.22862838350241,16.48441816561113],[102.24353070182313,16.477707213321093],[102.25122713485877,16.465788068233028],[102.26093457001272,16.458310138851175],[102.27423160810994,16.454310335089694],[102.2863291134303,16.45339175412703],[102.29823497594955,16.44429067895506],[102.31422975601394,16.450301605707114],[102.32292945265353,16.444981890108334],[102.33862996920489,16.44436201863564],[102.35272962232085,16.448482222257837],[102.36612919438178,16.45011878644615],[102.36903208046108,16.435702505516264],[102.38542816810437,16.4411291878606],[102.40112868079362,16.444763354720664],[102.40073183319896,16.45884962959146],[102.4068319344006,16.458212002065483],[102.41092537459403,16.444571616711485],[102.41383265009917,16.428982567458064],[102.42403506890135,16.415600876999598],[102.43862976512698,16.406321420340525],[102.45053104057128,16.396654128205768],[102.45833003972082,16.385613422303425],[102.4507273210584,16.369413501674433],[102.44812759428756,16.351108838612625],[102.44293278004191,16.337325780764953],[102.43692632397385,16.323649712108033],[102.4289311540188,16.310067293920746],[102.42302731686522,16.296038986924707],[102.41953138585251,16.282220181734903],[102.4154290646237,16.26795998939875],[102.41712798503218,16.25029303168601],[102.40373283650274,16.23580095688005],[102.39623257614069,16.221991168937183],[102.38632893297203,16.208653999796486],[102.37322807727104,16.190955789020254],[102.35852647409338,16.17284740467235],[102.34403433824428,16.148777179672418],[102.32823136026502,16.12598223940965],[102.31143390891097,16.106750129342924],[102.28973591169331,16.086751043392105],[102.28523219985638,16.068071918197454],[102.29422617947183,16.05218858309522],[102.30162833646268,16.03995280509401],[102.31472912475499,16.03753147000405],[102.32983215204179,16.027792848395567],[102.34413247321571,16.032323314650725],[102.35272962232085,16.019494396336523],[102.35752761032441,16.00325440139657],[102.37222925762335,15.997876736295428],[102.38863429092494,15.992307324124905],[102.3875284195758,15.97659790737533],[102.37673297559934,15.966056530438625],[102.37432952506099,15.951898905233877],[102.37183242441577,15.941616276012546],[102.36303016743064,15.92907720540148],[102.36373025319277,15.916457964676955],[102.35772827381734,15.903740670257278],[102.35173081014337,15.887643300211602],[102.34282596560375,15.876169977798758],[102.33083539995764,15.866212855414652],[102.32383015286139,15.852104240144854],[102.32502967068926,15.838035781079576],[102.32592593182851,15.82452466885564],[102.33103164685676,15.810095016156193],[102.33693101024328,15.791456027424541],[102.3471289955845,15.779795456938311],[102.35682756322933,15.767836111029984],[102.36682929945339,15.758137628991268],[102.36282949446364,15.741808415676505],[102.3677300028422,15.727659634240881],[102.38472812212206,15.726379869109348],[102.39633066925676,15.713832004353138],[102.4068319344006,15.701123566817976],[102.4213328550453,15.692660209480344],[102.43543254338647,15.70164973872377],[102.45143179936278,15.708900212274457],[102.46433202974832,15.714211017311769],[102.48142822234601,15.715780598834824],[102.49802942349626,15.722660980610813],[102.51563398863672,15.725381058462887],[102.52773149440667,15.715080544548595],[102.54163496314276,15.71075073335503],[102.55493199993992,15.703999686928087],[102.57143510556745,15.703861397626966],[102.58823254816363,15.70417357249954],[102.60243034355787,15.711838735321459],[102.6150273294389,15.724021065895684],[102.62953275434693,15.716329099362264],[102.64572819932353,15.71090233649448],[102.66193256112491,15.712739486495185],[102.67703112395873,15.71804141097311],[102.69332915695244,15.720881788339474],[102.70133324797409,15.711428499582334],[102.69923294505197,15.699201693016901],[102.70303210153651,15.68470509818354],[102.71523222459604,15.670904224132952],[102.72733427719704,15.662614729423009],[102.74362782253141,15.664634744060656],[102.75502970997296,15.65732626271378],[102.77002562991665,15.649246397800066],[102.782533408002,15.641304681302348],[102.79972778698672,15.633144566796052],[102.81523206316928,15.630504798138324],[102.83202943419337,15.630125741244628],[102.84803767918385,15.636872352490359],[102.86444264777703,15.644492952747697],[102.87503752722331,15.66067506435252],[102.87954115332019,15.677280696685049],[102.8820427143202,15.693115025890904],[102.88024129365857,15.71006400660392],[102.87803843334052,15.726179213473051],[102.87913538107097,15.741380330830493],[102.8806381148293,15.755127698652164],[102.88503923076993,15.771069020038972],[102.89833627154289,15.786207630718703],[102.91463432611238,15.790568663841475],[102.9336389718134,15.792740234981922]]]}},{"type":"Feature","properties":{"Province":"Loei","Suit_mean":0.5243,"Suit_max":0.7801,"Candidate_km2":0.0},"geometry":{"type":"Polygon","coordinates":[[[100.98139548118009,17.569370908049763],[100.96281447171037,17.570659640584186],[100.94981170626424,17.57025828674709],[100.93781223063992,17.565580703409932],[100.92581279349336,17.567087899691863],[100.9166181948109,17.574119870395062],[100.90751712220391,17.583390394319416],[100.89691335558335,17.589008821021782],[100.88601533074278,17.58198576178169],[100.87501474417883,17.569870390168692],[100.8703148594976,17.55800917758969],[100.86791138087061,17.544248331060093],[100.87381522076547,17.533872033651058],[100.87471598183333,17.523210297654327],[100.86781326517124,17.51204917321509],[100.85771340334165,17.504210118025835],[100.84981639120126,17.494301978329855],[100.84331499294252,17.48438047691251],[100.83811118134504,17.474044306607663],[100.8439169714828,17.459842086915025],[100.85331677219044,17.450295124767166],[100.86591368250211,17.450883705308904],[100.87711498036062,17.44610805037348],[100.88921255056815,17.452096564835887],[100.89821545309707,17.460203223242317],[100.91031742612535,17.451717592139563],[100.92121995165894,17.44556397930128],[100.91991340320716,17.433742904964898],[100.92596440947608,17.42436990744174],[100.92641477673214,17.411318138473458],[100.92751169923355,17.399795780657794],[100.9235163449929,17.390297870973964],[100.92081416901489,17.380960568017322],[100.91887000449533,17.37066447631804],[100.9205154354847,17.35944981560863],[100.91961467249287,17.34752179582264],[100.92221881521452,17.33603955687347],[100.93571651990328,17.33233846874161],[100.94684644041315,17.33564714199179],[100.95881462696474,17.3329583031212],[100.97251746922176,17.335892405876773],[100.98621579716249,17.33476874268586],[100.99821528384726,17.336552379476505],[101.00931396999898,17.330278367002663],[101.0118199538512,17.31920201593351],[101.02111719788294,17.30914223197551],[101.03261717732798,17.304344253012307],[101.04071938411083,17.294021463132676],[101.0503153500339,17.283765488779924],[101.06032605883328,17.27726415406504],[101.07232102267481,17.276345606519158],[101.08440967521763,17.27717496402308],[101.08891333662216,17.265804225949765],[101.09401902765826,17.254955259418608],[101.10101536354671,17.24391896923185],[101.10872067870652,17.23326619622543],[101.11011640338505,17.220646953079804],[101.10701728607332,17.209316354921132],[101.10011464076324,17.19753095368032],[101.09011735864401,17.19003077330315],[101.08351782597819,17.180729055307363],[101.08082005341274,17.16963041046685],[101.08021365196369,17.157078033266192],[101.08261709244981,17.14420454182403],[101.08071757613685,17.13255296954835],[101.07551373737635,17.121811004752484],[101.07471554886314,17.110725633490475],[101.06811611236982,17.10260560366305],[101.06381306801987,17.092425487582926],[101.06381306801987,17.08259320800505],[101.05601412471454,17.0760115272085],[101.0593183384242,17.064056733166996],[101.05957693531381,17.051856611913067],[101.05851570847767,17.039946361284063],[101.06021902850273,17.026916867861953],[101.0593183384242,17.01519832414374],[101.05341447248107,17.00335045777366],[101.0467168916301,16.992028877020683],[101.04741698175785,16.979561211804825],[101.05171109938608,16.969140233103847],[101.05241562730059,16.95949967853512],[101.04951270832471,16.950211367405657],[101.0390160616878,16.94232326946109],[101.03181459607067,16.935282341097587],[101.04001485497844,16.927242529471137],[101.05261180510183,16.92599400283131],[101.06601584034941,16.925053178129435],[101.07711902604083,16.917334431308007],[101.07461748072897,16.90491135478434],[101.07721709670001,16.898624031088413],[101.08781639012511,16.895765724951612],[101.09731434501806,16.89188192048183],[101.10608092935577,16.890432663884965],[101.10971949808389,16.902333981152207],[101.11431682441241,16.91465450642092],[101.11941365525735,16.925445528955812],[101.1209163708068,16.93805139573917],[101.12021626951824,16.950412032960024],[101.12002004168389,16.962161787172867],[101.11831671083277,16.974201319748015],[101.11881159093413,16.98638809040125],[101.11871356474617,16.996331847288264],[101.11591325291998,17.003907852189993],[101.12171001501555,17.01634881948495],[101.13281324596862,17.02298834626684],[101.14661414625076,17.027349365313373],[101.15821675270827,17.028918967461006],[101.17001550501223,17.031705907718603],[101.1785145720497,17.040855963367953],[101.18432031272656,17.053145293763556],[101.19181602336012,17.065216063462593],[101.19671661580362,17.078562177649168],[101.20482770234995,17.086013292990803],[101.20513984679404,17.095395282416078],[101.20551881274328,17.105793895779172],[101.2033160935528,17.116223718656858],[101.21441473087312,17.119973836889695],[101.2262135678324,17.123973624199202],[101.2378161409459,17.121842186278542],[101.24851799074911,17.113784624987726],[101.26061998538145,17.11001223316897],[101.26972102235963,17.102012579053035],[101.28212172872794,17.096692860377765],[101.28642474719565,17.088626321503913],[101.28872119695572,17.079213163779617],[101.29942308921932,17.085656589047893],[101.31102116205894,17.088015459115503],[101.31892274642898,17.080475075424047],[101.3278186300321,17.07051791199126],[101.33822617895416,17.06890824289519],[101.34371978476507,17.078776205320974],[101.35492104469064,17.079436178882],[101.3675224879886,17.079525312012453],[101.37952636596407,17.08092546405208],[101.39112004720954,17.07455340679058],[101.4022231831911,17.07682758296742],[101.40462666529831,17.088425722301864],[101.41332191353544,17.083467179932757],[101.42442507173953,17.076845441710862],[101.43321837178893,17.06918916748117],[101.4452222852911,17.071258147066583],[101.45412268521501,17.08038596634647],[101.46262173729552,17.08695417774184],[101.47252535684166,17.089116860296343],[101.48162188958173,17.07941828787778],[101.48641994419724,17.068676286754805],[101.4957216259036,17.069287215920994],[101.5056208437821,17.061974332772508],[101.51272419948243,17.05204391164145],[101.52412606637638,17.04988119411159],[101.53342330010327,17.04904740321044],[101.5341278662859,17.03888954029899],[101.53842197441107,17.028999245724645],[101.53882770029279,17.01788712487218],[101.54672033443488,17.00834025551618],[101.5508182428403,16.996719825929638],[101.55962499887804,16.989879531651788],[101.56912283117866,16.98236153186956],[101.58172428910251,16.982080616448354],[101.58971949726896,16.990958610899153],[101.60001998661748,16.99457056651026],[101.6132189007981,16.99671090895909],[101.61791880022545,17.008309033614687],[101.62071910441644,17.01992941010271],[101.62631976730553,17.030796240879013],[101.63322244999468,17.03982598521932],[101.64532446080156,17.03750720366861],[101.65142006159243,17.03345830118564],[101.65061735999598,17.02003647182687],[101.6574264120004,17.008719283454212],[101.66022674505764,16.997000739938077],[101.66642048233105,16.987921989908926],[101.6718204081933,16.976801007148048],[101.68092142434955,16.967441381092986],[101.68242863951474,16.95469275086143],[101.6891261713105,16.944771282054543],[101.6913245553108,16.932410692439362],[101.69402226445207,16.921004321633966],[101.6891261713105,16.916313266240472],[101.68691897455061,16.904487732510514],[101.68452439455123,16.891556370852093],[101.68282103668011,16.880163349110617],[101.68422118924768,16.8701170119607],[101.68162595829902,16.862955743084107],[101.69082511590658,16.854835709910255],[101.68832352519372,16.84376816692801],[101.69362539506368,16.839607809606832],[101.70062177551446,16.831300580032458],[101.70941960286962,16.82648024574323],[101.71622417111544,16.816019170332922],[101.72292170607292,16.805812310190966],[101.71822182247793,16.800287488834147],[101.707123104938,16.807359658039857],[101.6942229146866,16.805718665506824],[101.68572393586916,16.79983716516252],[101.6948249545756,16.791159736824994],[101.70152250334783,16.779699847978545],[101.70832264631991,16.768801743485042],[101.714623332224,16.758742091940938],[101.72552587369627,16.750992116930483],[101.73952295401484,16.75033217782441],[101.75121913956302,16.752744530228284],[101.7636244150751,16.75241461624945],[101.77692593066915,16.757110042896166],[101.79292513485669,16.761720699122097],[101.80532142803845,16.76670155716364],[101.81652273460604,16.7715307823925],[101.82792465942693,16.77563307882815],[101.83852393160907,16.78101082295064],[101.85162473799167,16.783610447842847],[101.8639230018462,16.788332644607692],[101.87182448723792,16.795832821743588],[101.87942722948637,16.805089984316485],[101.89192165162096,16.809250247896024],[101.90431797369209,16.81097146474625],[101.91371776336686,16.81715185216687],[101.92371946830455,16.82322957008053],[101.93362321141011,16.83073865102344],[101.94322357300888,16.836566702164244],[101.95082191998476,16.84009833461686],[101.94762472699728,16.849016575979142],[101.95872340758419,16.845110415334],[101.96582237345146,16.845569637546184],[101.97252432602076,16.841217604949964],[101.98122409441557,16.843308866609945],[101.98592399916936,16.841610008070003],[101.99642070140418,16.84014738777518],[102.00302019807643,16.84553844722178],[102.00871892462492,16.85365843012535],[102.00702889415659,16.86080640206548],[102.01572413473836,16.868137174857825],[102.02552074390485,16.865769369977745],[102.0355225892924,16.861595642339946],[102.04832464934691,16.86022674474389],[102.05462531921589,16.867749196874563],[102.06152359281342,16.87481686810001],[102.07052648032561,16.886013730147003],[102.06992448632619,16.894276432441163],[102.05641789551453,16.899654115746472],[102.05012609818495,16.909807445504043],[102.04601923946642,16.921334279957097],[102.04202391041598,16.933333732401298],[102.03622260151214,16.94384381312256],[102.04202391041598,16.95388566109166],[102.05392527510601,16.960351346438006],[102.06812305709998,16.961475116376008],[102.0806219270989,16.9636020700573],[102.08942412837247,16.971771104433465],[102.09832007604872,16.981211055850437],[102.09973355858612,16.99385260130026],[102.10323399264442,17.002587955675367],[102.11653099898379,17.004920063630287],[102.1305326005452,17.00521889883726],[102.14302702927195,17.0125674622004],[102.15193188221131,17.022087648931528],[102.14793205402592,17.027286959829805],[102.13742635312678,17.03307928062942],[102.12702780194547,17.038978705331076],[102.1229253636787,17.050799832990215],[102.11132723138361,17.057747045594542],[102.10413473281736,17.066206026378534],[102.10643117436602,17.076805296584013],[102.1017223703053,17.087516061870183],[102.09742827749447,17.09963582601157],[102.09082877676299,17.108683353013557],[102.07802666746623,17.110034453652098],[102.06792239650652,17.116691906907075],[102.05572672994356,17.122176613345903],[102.04342855525684,17.126559920085],[102.03142465028922,17.126996933877123],[102.02142283582229,17.13422960082948],[102.02181971556799,17.14761133632034],[102.02001821562932,17.159552779644276],[102.0241250450421,17.168301577868654],[102.03632516810507,17.163240461608773],[102.0465231433338,17.15948142479768],[102.05302451534259,17.169652671172884],[102.06492586845141,17.17907032754914],[102.07452181412745,17.186320785907974],[102.08312344293094,17.18264203011475],[102.08092513278899,17.193490987087298],[102.06752107643285,17.1955288661001],[102.05472345823125,17.196688221218206],[102.04242077868825,17.198676960966775],[102.03062646475941,17.199680260214976],[102.01241993910911,17.198966765718307],[102.00172253283951,17.199689158066487],[102.00482167535472,17.212308443360712],[102.01742754485184,17.214578100056876],[102.02922181196838,17.21367736037309],[102.04231820631412,17.21043561564182],[102.0548259552019,17.207577284342285],[102.06892570318446,17.206926325684318],[102.06782424554339,17.21924682036173],[102.06262054113401,17.231424558078327],[102.06532273347061,17.242006046086768],[102.06332499961361,17.250406970529706],[102.05081722802112,17.252114849310242],[102.04242077868825,17.26059599221215],[102.03412684834436,17.26875615958047],[102.02402702092182,17.281772321997245],[102.01232183850051,17.290944634011062],[102.00422858448431,17.301334410237622],[101.99682646147059,17.313133127631243],[101.99502503086568,17.32454402872535],[102.00322082534753,17.332753200068368],[102.01531839061597,17.33394380347093],[102.02312624877291,17.342661306158703],[102.0170217071948,17.354433354481795],[102.02132472702561,17.36696785047593],[102.01602288954611,17.377139095356327],[102.00672119106474,17.38370735015323],[101.99592574239844,17.396727939214102],[102.00202133594904,17.407866775573876],[101.9961263564483,17.420517243112897],[101.9917207733339,17.430906905245227],[101.99481988920614,17.44241587804826],[101.99412423976459,17.453434281630688],[102.00871892462492,17.4570194238079],[102.02022340526838,17.456506673902034],[102.0323254045129,17.458254599934666],[102.04542618370019,17.45470520377556],[102.0562217016616,17.449175892194855],[102.06702605313043,17.453683988644222],[102.07972112001481,17.457674966903546],[102.09081988376721,17.46099245345373],[102.10032664949932,17.46764546486268],[102.11052017388457,17.475355299416513],[102.12222086811013,17.48138392358884],[102.13182125389677,17.490311052158358],[102.12882035044063,17.501155590003517],[102.13822008972733,17.508290158501588],[102.14073060311489,17.520004217813792],[102.1374219047291,17.53132146213503],[102.1363294360693,17.542380005399167],[102.1369269998103,17.55408960896013],[102.12682267201218,17.562338922973677],[102.11992444295718,17.5735892763353],[102.11922432720004,17.585486131645307],[102.11482324147556,17.596067622966025],[102.10702421453958,17.60950732865965],[102.0968263088805,17.618385340422993],[102.0897229121579,17.629247776593033],[102.08496060384309,17.64097075271696],[102.07278281073997,17.64402524956885],[102.06201850384032,17.652305742524888],[102.04835584980223,17.64620125038902],[102.03728391338471,17.654499615859198],[102.0347823223695,17.666690790010964],[102.03274454490924,17.67763341870629],[102.03172336141205,17.68980236147205],[102.02942693196294,17.701302342068356],[102.02872687662693,17.713020914908064],[102.02653298104327,17.72444957990455],[102.02432126781517,17.735820239205353],[102.021989184971,17.746624649467567],[102.02751847712074,17.75931077498081],[102.03303437142299,17.77163573921458],[102.03863499006066,17.78074574153975],[102.04913168077582,17.78646678642818],[102.04390116073245,17.797061556103866],[102.046768385532,17.8107332095876],[102.05397878927444,17.82281732257249],[102.05322070340581,17.833973971403893],[102.05351947471512,17.851404595432786],[102.055320922805,17.862712943423364],[102.04976493448697,17.87357082426995],[102.04542618370019,17.886172217810888],[102.04532814026055,17.897930862742246],[102.04092255194145,17.909011719212746],[102.0380241102932,17.920391361504965],[102.03471992929724,17.932729741101664],[102.03212027901539,17.9446800744583],[102.03004673828926,17.957343967044633],[102.02955624315373,17.970565217681568],[102.02345177361154,17.98023694331672],[102.03381915511513,17.987817448965654],[102.04567142341284,17.986693736913047],[102.04200604527766,17.998291878566416],[102.04262592372828,18.009537766906007],[102.04462353735394,18.020886128691764],[102.05514704327842,18.030990452040772],[102.0566408474676,18.04300325375366],[102.05802319467864,18.054173304635643],[102.05742562804599,18.067501604206555],[102.05932519709727,18.080111964333287],[102.06159044663664,18.09595513912751],[102.06647315338691,18.106353716063783],[102.06945630013593,18.119097873261357],[102.07239480992487,18.132608914628392],[102.07581948149888,18.143368750370986],[102.08432740621612,18.1519614283558],[102.09651861213021,18.156656888234505],[102.10561961881083,18.163372220971297],[102.10453601365396,18.17446647974391],[102.10554384370538,18.187121390722083],[102.10662292454114,18.198336032411483],[102.06162165091246,18.205033643105633],[101.93156750240455,18.062605479603715],[101.8213072967692,18.05532821369978],[101.75447428485907,17.99859064246112],[101.691708039543,17.912543398222216],[101.56582310176111,17.84380630377254],[101.5218341270957,17.772808515502078],[101.47722078770303,17.74494804768148],[101.40361889175075,17.73549030929706],[101.38078831557814,17.697039477136048],[101.3016704321011,17.63389416587688],[101.23263914600635,17.550861205551065],[101.16336253086953,17.491559675678296],[101.12208909057892,17.48389446856931],[101.06510180331514,17.514550759855055],[100.9895690303718,17.567422307803515],[100.98139548118009,17.569370908049763]]]}},{"type":"Feature","properties":{"Province":"Maha Sarakham","Suit_mean":0.7328,"Suit_max":0.83,"Candidate_km2":0.0},"geometry":{"type":"Polygon","coordinates":[[[102.84783256443372,16.23840062239404],[102.84988372782111,16.229393206955912],[102.85352236961727,16.221638822239925],[102.8509449576166,16.213804194564165],[102.84935754882336,16.205291824579554],[102.85275093949194,16.198027888661414],[102.85481991774216,16.189930221490773],[102.85821328829566,16.178956353568275],[102.86209269790515,16.170836352122517],[102.86222647289922,16.16285900039767],[102.86232908649691,16.154507130511462],[102.8639522188737,16.146208707314344],[102.86593650645212,16.13827148878365],[102.86993625624162,16.129072356004713],[102.87081919683955,16.119846465367832],[102.86885721301914,16.110687551468136],[102.86433564333942,16.09755988995816],[102.86080850070086,16.089301657300936],[102.85896245851004,16.081627527937936],[102.85433391703783,16.07442166455075],[102.85552895392735,16.064709730121738],[102.86273041272348,16.05815926478382],[102.86070149952045,16.0486257190364],[102.8631272635405,16.038922724707557],[102.87233086808808,16.037585041772573],[102.88033488012583,16.033232918101902],[102.88822748511514,16.028421547563884],[102.8971412458416,16.0217819836407],[102.89161644828503,16.013042128035984],[102.893190545804,16.006085937334763],[102.90315214384279,15.997083027726802],[102.90596136023714,15.988682083851936],[102.90805268505005,15.979848597363274],[102.90583649307081,15.971438699203805],[102.9051498137883,15.963505932827772],[102.8996874288325,15.95524772797978],[102.90003970863114,15.947020632960136],[102.89610225925888,15.939230605834773],[102.89402879102198,15.930789506273955],[102.89778336213884,15.922888047270574],[102.90174308210348,15.91443803544261],[102.90453891839888,15.906991310234469],[102.90751755673249,15.89769851837331],[102.91216396208833,15.891504867180457],[102.91778692193057,15.883919894822638],[102.91964634149211,15.876232454230081],[102.92523803426705,15.867880545897624],[102.92773519062683,15.857151947688248],[102.92543871473825,15.847413283218687],[102.92293712704289,15.838682395895193],[102.92553681555428,15.830682717114156],[102.92398056136733,15.821666466832665],[102.93203817087179,15.812690235622748],[102.93463788027286,15.803455436095417],[102.93383966628869,15.793694483114677],[102.94023843812079,15.782939145992943],[102.9426820608868,15.774836980253767],[102.94443452551819,15.765669061497766],[102.95158246621047,15.760086204934327],[102.95993876648467,15.757669413640885],[102.96788939716001,15.754704122046197],[102.97534940335989,15.751457845800365],[102.98175713973937,15.743774805644907],[102.9868004127579,15.735984761486089],[102.99428724290028,15.73020133664859],[103.00383860620175,15.729202492881646],[103.00849838468194,15.722776935278597],[103.00853854838624,15.714059385743257],[103.0098360980402,15.706255964751113],[103.01318488419757,15.698363342580786],[103.01141912033437,15.689494234603012],[103.0091226373664,15.682979476802114],[103.0004363829624,15.677833697945271],[102.98971667240536,15.671911946951917],[102.9828183922835,15.66846951495141],[102.97883641476835,15.660893576162072],[102.98409370010742,15.652523784916802],[102.99154046870498,15.64714614164225],[102.9990406852184,15.643213198393509],[103.00003951878108,15.636087545239873],[103.00860542933246,15.628533804173172],[103.01540998881606,15.623593133946192],[103.01598971624041,15.614077430435735],[103.02199606927955,15.60749137998721],[103.02694124716204,15.600557440380483],[103.0341426625273,15.5957594193882],[103.0441132361517,15.594158640578557],[103.0508330923915,15.590239110936192],[103.05525209789413,15.583059951595942],[103.0508330923915,15.575127214522489],[103.05106941102808,15.566431932051621],[103.05453415139297,15.558989726860904],[103.06091959203334,15.554704542741781],[103.06586476340308,15.550129460294746],[103.07403379409502,15.546562160903685],[103.07934012192308,15.54061821280379],[103.08461079959578,15.54210750487079],[103.09043883062182,15.535508035725377],[103.09423800336278,15.526451649245999],[103.08763853409259,15.522331418657759],[103.08813347539603,15.514813411950321],[103.08015617573268,15.509168186916234],[103.07714181604236,15.500900983042612],[103.07969688098657,15.492196799187804],[103.0877009732729,15.488593910145358],[103.09644523426788,15.48543686308229],[103.10604126099209,15.482235228972936],[103.11635510811143,15.478899792154541],[103.12540261158384,15.477138481727321],[103.13778115126244,15.474150867435629],[103.14685090077735,15.471925775056771],[103.15413713078965,15.469914714143824],[103.16412544385429,15.467373042577886],[103.17473815982427,15.464987424143189],[103.18383023985655,15.46261512426495],[103.19323007779744,15.460037779662148],[103.20213927507072,15.45813375825605],[103.21008993587125,15.457241942723506],[103.21886986876596,15.455382495597435],[103.22687397976777,15.450883242529242],[103.23313898297347,15.44374869248574],[103.24250757828199,15.444145561995683],[103.25079260927583,15.443775484076774],[103.25718693978075,15.43925395136226],[103.26537386309596,15.433559613347795],[103.26729570626378,15.425154214507279],[103.27464428394181,15.420084263017083],[103.28367395707679,15.419326215247237],[103.29550839854652,15.416739903161456],[103.30473434621294,15.413056706551695],[103.31547624905431,15.40986398281238],[103.32793503512363,15.409146074936999],[103.33967580711352,15.406024659295872],[103.348268525148,15.404227658320602],[103.35952776179938,15.407407042167593],[103.36798670332792,15.41070678477132],[103.37536651452228,15.41690491415609],[103.38295143753756,15.422715080305197],[103.39156197510492,15.424458612279793],[103.40007884780029,15.426862095868337],[103.4043863402645,15.436440250549023],[103.40644192346105,15.446045091639789],[103.40934033862528,15.455266532178642],[103.41181965802087,15.46546009308883],[103.41413837646141,15.473196631640526],[103.41742916297626,15.48128982420688],[103.42054165358083,15.490203582613393],[103.42414907699599,15.499317988784387],[103.424764388645,15.509529380061101],[103.42414008278053,15.520213320177296],[103.42143787865743,15.528471618754772],[103.41443710253631,15.53513349954305],[103.40656235882517,15.533376610871814],[103.3974078309911,15.534968477070768],[103.38713846446456,15.534830285596838],[103.37912551172055,15.532993094299306],[103.37263308049606,15.526884208941382],[103.36498125789224,15.523285686973782],[103.36060238417092,15.529608636705772],[103.35583561782083,15.53761274912052],[103.3475416623934,15.54159027877476],[103.33803484283487,15.543859972121503],[103.32923707385598,15.546441766655077],[103.32103675288022,15.551525166092484],[103.31304162319414,15.555872773803388],[103.305037572702,15.561589369328233],[103.30217923826079,15.569972468012494],[103.29648496221985,15.577833883122553],[103.29692197823304,15.587536827586609],[103.29141054284217,15.593306909277828],[103.28454798989164,15.591719470203033],[103.27768537035757,15.59797564786767],[103.27775671275958,15.606496933149865],[103.28493590280063,15.611843465128397],[103.2954504356868,15.617243408715824],[103.29967324945646,15.624578607340888],[103.30313797030104,15.63409431469088],[103.30484578758931,15.641973557291506],[103.30722695650543,15.65221613905087],[103.30801173279988,15.661040667190333],[103.2977290656047,15.661205713719774],[103.28821779597716,15.660255904878559],[103.28005765902058,15.662980367875113],[103.28514104614564,15.672045773169536],[103.29442490268562,15.68371521898937],[103.30220152607727,15.693623293584933],[103.31304162319414,15.699393394823163],[103.3234402538987,15.700641973977747],[103.33313877641692,15.703192587433229],[103.34583829239114,15.710162129197936],[103.35113574316757,15.718291077522363],[103.36111515313328,15.719138285888171],[103.36921740606303,15.715526434525108],[103.37683801496492,15.711450801087206],[103.38543509361965,15.709132098271747],[103.39454062967458,15.705912627521622],[103.40433282412812,15.708271451158515],[103.41230565256909,15.708463210102812],[103.42233860704069,15.719209627542256],[103.42389485838416,15.728190317784138],[103.42239213069827,15.737028185426666],[103.41730430870122,15.743984430686243],[103.40713314993229,15.74815816795876],[103.40023930277628,15.755207969620136],[103.40533605703634,15.76343951593097],[103.41443710253631,15.767078143075297],[103.42385923431091,15.770578521641157],[103.43175629268909,15.777851253715426],[103.43693331584157,15.789792723688475],[103.4388372951508,15.799437825625827],[103.43651416197979,15.80675517343694],[103.44050054424673,15.812494063903324],[103.43908704571002,15.824506873855714],[103.4388953233095,15.834174179141757],[103.44236003987595,15.842289742977687],[103.44450927462455,15.852474369636878],[103.44700638301671,15.861290002386658],[103.44823264201784,15.870453442257244],[103.45314211655355,15.877922442466762],[103.45559908490884,15.885730358488365],[103.45794011475147,15.894479112159956],[103.45913516593374,15.902951354636194],[103.46238141446443,15.911677846051974],[103.46491415190964,15.921291635457468],[103.46958283160708,15.926691628618487],[103.47935269245528,15.928345972342301],[103.47927241556187,15.936408008889659],[103.47550898490839,15.946441001038066],[103.47086258459129,15.953437304539714],[103.46709463576444,15.961771398133335],[103.4650122376086,15.969771005158735],[103.46383503773163,15.978457372937129],[103.46321971559159,15.987611836303735],[103.46424078501482,15.998866618560147],[103.4670010470881,16.00719180847277],[103.46583714834442,16.015093338434983],[103.46683601010604,16.024604611434846],[103.47074217718384,16.03148493177379],[103.47343544867942,16.038713154384276],[103.4723341221401,16.048295771903344],[103.46845463419851,16.058489280140716],[103.46499441987716,16.06735841044714],[103.46013847415684,16.074430553545135],[103.45851086960221,16.083723310144087],[103.4579847448496,16.092369554049572],[103.46103471063678,16.101791598804333],[103.4634382004821,16.111677402191532],[103.46544030493578,16.124399228166485],[103.47034531869235,16.13054831786031],[103.47616441488024,16.137054166067603],[103.48270592928993,16.141896753734216],[103.48584964023001,16.151345637317696],[103.48833334499221,16.161828955539736],[103.49463849737573,16.16757675422286],[103.493140238242,16.17612485892322],[103.49303322039576,16.18675533956244],[103.5023349276456,16.18895369432258],[103.5043415166137,16.196404819848738],[103.50641051864046,16.203967455524637],[103.49769744545502,16.203445714446822],[103.49017491497318,16.20269213450501],[103.4820995154922,16.20453821041509],[103.47936160231137,16.197091547725293],[103.47445659892209,16.19077296614449],[103.46661302086854,16.186590347871103],[103.45826116955664,16.1813999762138],[103.45319565303912,16.186434236252005],[103.45842619556575,16.187887930847335],[103.45365049356792,16.193751610486387],[103.45050677307752,16.197880774988235],[103.4506004379755,16.201800341662725],[103.44532973263202,16.20573327140285],[103.44712676825446,16.21186006680148],[103.44939197199068,16.21778172247117],[103.44683246402963,16.22393528592447],[103.443024385051,16.216444044202856],[103.43993427871098,16.223814929037164],[103.43506049441972,16.23102977434559],[103.42646775386518,16.23464605451779],[103.41579266461375,16.240411726588164],[103.41076726395427,16.250498209443563],[103.41332234995696,16.258551343752668],[103.41158327418377,16.267054790908574],[103.41369690150954,16.275531589278334],[103.40715986449965,16.281943770990935],[103.39741673516939,16.28156468662765],[103.38901578652361,16.285033928459907],[103.38030272778589,16.291178563240987],[103.37428295314236,16.298616296090067],[103.36598902919215,16.30400735823958],[103.36030360774619,16.31128017409669],[103.35703958711241,16.31972573349797],[103.35291938193876,16.32821139515547],[103.35102866747278,16.33707158695818],[103.3499228408009,16.34618156643792],[103.34610583867365,16.355313829463853],[103.3374418027552,16.359844260762777],[103.32848344582743,16.362934423229827],[103.31487873322217,16.363959992003114],[103.30530512090883,16.365797158867313],[103.3005294222005,16.373988502175614],[103.29788067034632,16.384382717157862],[103.29285525962018,16.391352249512135],[103.28380775249602,16.389345646712357],[103.27739559731327,16.382148705192623],[103.2677772725232,16.375870231155208],[103.25905529092456,16.37453699250407],[103.25005239452179,16.373234914350153],[103.24000603610827,16.370537182408576],[103.23077568104573,16.368601937245295],[103.2223301602864,16.367371225833395],[103.21276086809958,16.36579716429509],[103.20226418105752,16.36386190082723],[103.1918700370862,16.362198639718507],[103.18096305177048,16.360343629345966],[103.17457763967603,16.36784386792508],[103.17068482560029,16.376440988301475],[103.16711306596541,16.386246573737886],[103.16914199023596,16.395231698722053],[103.17278509077794,16.403217922900392],[103.17769004264517,16.408622370581],[103.17826085486313,16.4168360510914],[103.18395063891191,16.424478886189554],[103.18733955048681,16.43250972971505],[103.18715674669365,16.441584004662285],[103.18222052976688,16.44974862766867],[103.17495667524986,16.456637924692657],[103.169378271958,16.463527229450403],[103.16980190817169,16.47276651026114],[103.16483892557929,16.486224052152046],[103.16687678855628,16.495601608858436],[103.17034144363143,16.504537603745955],[103.17336916899237,16.51453044258862],[103.17563000087337,16.523448656283495],[103.17893859876922,16.530926577757104],[103.18326397861134,16.539595078442474],[103.18673753997238,16.547099742246434],[103.18436983624011,16.555866323326818],[103.17977247262537,16.56412902941435],[103.18045022477513,16.57351987925708],[103.17843026849131,16.58381147374424],[103.17402470919653,16.593951468037154],[103.17381068360778,16.604943223106872],[103.18230519524579,16.61540867604219],[103.1910763054637,16.62313633009964],[103.193671486904,16.632932950983836],[103.18576103934686,16.63721371365177],[103.17637021444578,16.637704236685526],[103.16713541774362,16.638328510123845],[103.15391416456077,16.641008362855736],[103.15313827336935,16.632380044092734],[103.15311592411469,16.6241084108358],[103.15512253370038,16.61492710588746],[103.15350386903289,16.60680713274075],[103.14193696312832,16.59765256575499],[103.13053951932879,16.594272598855216],[103.12403812478281,16.589251583322195],[103.1222589748877,16.58112264470344],[103.12173284405414,16.57250323600281],[103.11920892510355,16.5621626174149],[103.11315347202074,16.55478274317215],[103.1074369491093,16.548758493036914],[103.1041104737708,16.539554890480044],[103.099432802916,16.53150180096966],[103.09372518425985,16.52512080303649],[103.08923936158057,16.524086307358402],[103.08882910522604,16.51638992391664],[103.08412026948824,16.508078106544],[103.07638373105394,16.505705886824966],[103.07023463116396,16.500368332701672],[103.06413903478933,16.49656918860566],[103.05423540389461,16.493479082929692],[103.04753786650573,16.489942946372846],[103.04103646942025,16.48848928851042],[103.03713917291017,16.495820071785356],[103.03153853255807,16.490308595667436],[103.026437323992,16.483651211868455],[103.02419443848467,16.47566935968204],[103.01939202304187,16.469337426740122],[103.01244468580329,16.46615365124028],[103.0050336340153,16.464579587460264],[102.99513893303282,16.461881862095446],[102.98673802518037,16.459389213773264],[102.97814079687221,16.45410068557389],[102.9691379270857,16.453512113413044],[102.96246264567307,16.446729848478952],[102.95247874469771,16.441370026619957],[102.95249209712772,16.432977984120548],[102.95189457733083,16.423894793938068],[102.95523886392219,16.4214110581238],[102.95923420869467,16.418432386824293],[102.95623777557532,16.41015180978517],[102.9515378413259,16.405331534926464],[102.95213983943597,16.39906201893572],[102.95798569318445,16.39546798390877],[102.95178310270633,16.38942593590684],[102.94496955450391,16.38643830196334],[102.940095792513,16.3833258713904],[102.93673804798452,16.37798384754459],[102.93473598858463,16.372775614275096],[102.92673633943029,16.374563764453416],[102.92343210073592,16.367616487976687],[102.92626813901927,16.36203368690858],[102.919891625783,16.365025727440486],[102.91353740480156,16.35721778965172],[102.91043831153746,16.35065852634922],[102.90834255453562,16.34299776513981],[102.90274190119014,16.33595679860393],[102.89750695229526,16.32861714094599],[102.90013778870937,16.31989068317877],[102.89764963518769,16.311957913520384],[102.88614063249479,16.304448869649356],[102.87773081571093,16.299686533123964],[102.8708504483861,16.29286855489356],[102.86612822171652,16.28530149410645],[102.85813306109048,16.281078694551557],[102.85323245735779,16.27397087462597],[102.8498391407534,16.265587765648757],[102.8504322027801,16.25422149040743],[102.85013790953346,16.246128249859087],[102.84783256443372,16.23840062239404]]]}},{"type":"Feature","properties":{"Province":"Mukdahan","Suit_mean":0.6697,"Suit_max":0.7887,"Candidate_km2":0.0},"geometry":{"type":"Polygon","coordinates":[[[104.07479878335167,16.821682255755498],[104.08312841679619,16.80999493186012],[104.08806459777637,16.807194615426123],[104.09394173616874,16.807319501004994],[104.09676430323498,16.803984050241088],[104.09645660965741,16.79860197838303],[104.09716115095674,16.792938925423503],[104.09917669028152,16.788060610788833],[104.10377399682433,16.78283008489905],[104.1091294091696,16.777126935076957],[104.11353940624385,16.77108484435382],[104.11699078136917,16.765453021240454],[104.12018794328489,16.76090028399349],[104.12446426385108,16.757966130926615],[104.1296635647423,16.75699857532782],[104.13421630111539,16.75413135119814],[104.135130411801,16.749163906225967],[104.13464436869857,16.744499683374464],[104.13468000412009,16.738934732406808],[104.13629867725705,16.73382013978481],[104.1394334242895,16.730016555680884],[104.1437900241441,16.72612820708748],[104.14811528590582,16.721481807532257],[104.1512901895231,16.71690226778599],[104.15347964844295,16.71198833396186],[104.15389429832028,16.70625396508192],[104.15702907996574,16.69996664721164],[104.16066770513336,16.69767913414441],[104.1652828820403,16.696225471883224],[104.17018788539187,16.695329159624045],[104.17340735131972,16.691552290585584],[104.16963938908536,16.68677657643384],[104.1661211184517,16.681920614627522],[104.1678557710433,16.676262074386567],[104.17228808010718,16.673831849880937],[104.17721540438556,16.671459604168085],[104.18144263462551,16.669988067709443],[104.18848356760783,16.668463110979033],[104.189103345985,16.6636963444079],[104.1871815008496,16.658407794028143],[104.18318164177548,16.65529978668207],[104.18081836718537,16.651326768832476],[104.17984623571006,16.644927939881413],[104.18093878674277,16.639411999179696],[104.18340466115758,16.628808261627096],[104.18456844669086,16.622694881606606],[104.18332884339607,16.617022866634873],[104.17808492382942,16.607123738305596],[104.17985519173914,16.602285558270957],[104.18313712661656,16.59608298212336],[104.18993276601948,16.595650446959542],[104.19640290445041,16.59524461689713],[104.20082634613028,16.59147227324888],[104.20647606027514,16.58536778148559],[104.21002991700011,16.57999004715524],[104.20977129045596,16.574469739028554],[104.2092362117142,16.567375233419778],[104.21205885669102,16.56296078794094],[104.21722242335488,16.562256199401663],[104.22036170251991,16.558590845338298],[104.22309063314064,16.55516621315116],[104.2271127206751,16.552718221009464],[104.2284237554231,16.545757530093983],[104.22599799575674,16.540642965915712],[104.2237104729005,16.53601437429978],[104.22596677258471,16.530574269927346],[104.22907475338285,16.52767590221008],[104.23307900134658,16.525111871238032],[104.23745789118729,16.522686186668267],[104.24141757359786,16.52032286539584],[104.24437835824969,16.51461522580452],[104.24414654989744,16.510049095996212],[104.24355341319824,16.50506828830398],[104.24296489200697,16.49942746507874],[104.24176088842144,16.493661835734684],[104.23976319798355,16.488930737020624],[104.23686034666054,16.48472584053675],[104.23361408045076,16.480262252331563],[104.23059976248945,16.47553115953276],[104.2294181273901,16.470889236185375],[104.23055966781259,16.465587341326213],[104.233034470649,16.460410319505623],[104.23726610183272,16.456749408250207],[104.24124360999139,16.452098591316133],[104.24232270227843,16.446056533330335],[104.24257695193687,16.440353289436253],[104.24400381007624,16.427800989449075],[104.24744628341219,16.43179184038648],[104.25169572781586,16.434770505711988],[104.25882138528154,16.43528334565719],[104.26365063020039,16.43490874472133],[104.26934931183754,16.435644542574778],[104.27426773006843,16.43853401516914],[104.2795472903075,16.44245357785958],[104.28334644988237,16.444402195430513],[104.28749791834375,16.44694831574519],[104.29024471671224,16.450792091706454],[104.29084665348643,16.456464055703076],[104.29063260757083,16.46041031837012],[104.29065044471838,16.46500764548958],[104.29194803654318,16.47034073872404],[104.29782958699985,16.468579390350836],[104.30234667340916,16.46612248047694],[104.30577127926419,16.463259685165625],[104.30844671179096,16.459982273557763],[104.31085016115571,16.456165267100513],[104.31264274493068,16.452361659671496],[104.31464490531827,16.44748341326884],[104.31660244807264,16.442315326936416],[104.31793124898577,16.43799892017398],[104.31802932741877,16.432456249812887],[104.31929574339496,16.426302673910946],[104.32204252290053,16.4206842018459],[104.3222432122121,16.41670226371461],[104.32108381586414,16.412046954012798],[104.31979963232797,16.407253426698304],[104.31874729906836,16.401554658760976],[104.31814533520736,16.394544994578112],[104.31864913139148,16.388306713572636],[104.3202455626209,16.382848774879527],[104.32193556564067,16.37802844023596],[104.3230458834672,16.37274887737366],[104.3242497655153,16.366247544428116],[104.32623406679254,16.359010403797285],[104.32814702808781,16.35286571761761],[104.32997080459555,16.34721608201121],[104.33055941368076,16.342333383475676],[104.32934651407446,16.338128467566786],[104.32700995326321,16.334409535930345],[104.32395107970079,16.331127617487603],[104.32515496924368,16.325910501194933],[104.32927523523324,16.32476893737042],[104.33414455688091,16.32386824624572],[104.33904067284215,16.322878301052963],[104.34524327730564,16.321500449859133],[104.35114260991345,16.319698943932053],[104.3594187319351,16.32869739243714],[104.3629236114491,16.333370562756922],[104.36692783222958,16.33695120081906],[104.37161887376877,16.339867489134843],[104.37559633910983,16.34189638661404],[104.37994401560768,16.34324302147923],[104.38462153244197,16.34421068341258],[104.38920551221433,16.344928536654994],[104.394957778592,16.345387860762028],[104.40048256403944,16.344571819710122],[104.40577557974653,16.343898479269],[104.41256675178849,16.34287738494778],[104.41811387026225,16.341008971371437],[104.42525291163126,16.342168398046628],[104.43010890061984,16.343885128186557],[104.43613307503423,16.343243049949823],[104.44060557353016,16.341338987378705],[104.44544367790158,16.339042512565253],[104.45072773443309,16.336643571679744],[104.45687241948649,16.335292449912235],[104.46321770813726,16.33552429256707],[104.4689253235788,16.336821877035096],[104.47448583941863,16.33850299152042],[104.48094259653911,16.339608845764264],[104.48632921742141,16.340139480608627],[104.49102014369456,16.340563122551863],[104.49582709893852,16.34030888433287],[104.50063403137872,16.338837410780272],[104.50486123125827,16.336625723284403],[104.5076749280841,16.333254597646874],[104.51109507191828,16.327653996432687],[104.51180847456828,16.321165999848443],[104.51251308189755,16.31624763508656],[104.51724411549813,16.31378619633056],[104.52276003665077,16.31285423033945],[104.52760267807587,16.312992495802305],[104.5325254750735,16.3102857950717],[104.53717633916884,16.30826132468266],[104.54173356489925,16.308065166097283],[104.54645574227156,16.308475372753282],[104.55195824703937,16.307824375849226],[104.55432156694798,16.30262061253202],[104.55528916620435,16.297862745279716],[104.5572913269787,16.292752574162485],[104.55963232684904,16.285114169860893],[104.56143388669712,16.27970975781127],[104.56347613695945,16.275986421051616],[104.56662869454924,16.272325442368103],[104.56948702655953,16.26825873471565],[104.57226503684431,16.262435163190027],[104.57501180090665,16.257155618804738],[104.57784335060481,16.2528258434576],[104.58051881641387,16.248536185585813],[104.5826636690561,16.244585377124903],[104.58577608025809,16.239591196693773],[104.59088173644011,16.237669328392897],[104.59622375078825,16.23747313564061],[104.60155688289457,16.23714312204447],[104.60644403287411,16.235087548490874],[104.60936030156314,16.22995058609424],[104.60975712191527,16.224555122847327],[104.61796634222021,16.21816078233152],[104.63395667375933,16.209193541438932],[104.64101989707113,16.207597141173142],[104.64577328271753,16.20866731661489],[104.65105282150974,16.21067843531228],[104.655418297345,16.21322903450074],[104.65886073554101,16.216167540259992],[104.66187061949756,16.2218930145686],[104.6637657389459,16.231654008748063],[104.67025818225278,16.23166289985004],[104.67337069542498,16.228024302010688],[104.67914516913207,16.225892865544374],[104.6857535791631,16.224733511643212],[104.68992731324933,16.223600913609015],[104.69469405258982,16.21985524243941],[104.69797595447034,16.214214422967263],[104.70105726154695,16.210156664234205],[104.7070859527364,16.207989595762136],[104.71171448400824,16.20745443969527],[104.71605765731871,16.206005218357287],[104.71981668388705,16.203998683910463],[104.72514976748644,16.201942995961733],[104.73101794753929,16.20028422719886],[104.73785368406816,16.198852893820916],[104.74416330815968,16.198143858112047],[104.75128011280293,16.199053493444527],[104.75854394847998,16.198371272217784],[104.76258834315414,16.19611495098623],[104.76601296808094,16.191722784065373],[104.77295574555251,16.192592255187012],[104.77860992332012,16.193649055163792],[104.78446027124986,16.19541046612956],[104.79011442142043,16.19875924483563],[104.79528252458545,16.197769262613143],[104.79892557784983,16.19499576186162],[104.80410706235871,16.189707251365434],[104.80857953661676,16.18560043023584],[104.81337753074756,16.1840263161828],[104.81870171316426,16.18444547598599],[104.82360225458511,16.1866928648637],[104.82812373389027,16.1879904900671],[104.83392953285532,16.188721759119083],[104.83916445655191,16.192681484753482],[104.84388669842954,16.198286595114762],[104.85051735040075,16.19964212893794],[104.85502553019954,16.19828655934577],[104.86096059431217,16.19724762202891],[104.86628033106928,16.200235196151247],[104.87147517326474,16.203213866014774],[104.8783199047759,16.204270699990044],[104.883889323981,16.207097695026235],[104.88609211165067,16.211922462813103],[104.88568184290882,16.21719317626669],[104.88633729339104,16.2237301456887],[104.88957021762994,16.228898287731074],[104.89301258336042,16.23188591254064],[104.89836796856623,16.23443205503105],[104.9049853135553,16.237856648473475],[104.90868187317537,16.24087991317473],[104.91380093849176,16.245388052660985],[104.91928115586215,16.248901824343235],[104.92659856492789,16.248719027570054],[104.93359485829605,16.24917384102164],[104.93840181860644,16.251835869776794],[104.94282524472416,16.255077663122805],[104.94715057606734,16.257320558396287],[104.95163636711082,16.258957125517583],[104.95572538262014,16.260566857235617],[104.96091574928164,16.264727162084885],[104.96360013113406,16.2711883870835],[104.96368489900479,16.277301834003733],[104.96743942080525,16.27974983590731],[104.97241132695186,16.27662403044493],[104.97828845998123,16.27273570177476],[104.98414771117012,16.275420110985202],[104.888919119361,16.357387267404892],[104.83753242630901,16.46057979778816],[104.73568662648674,16.57624442838459],[104.75763871001713,16.724888577706288],[104.73120966197197,16.803350854660643],[104.72611293367557,16.80683349243892],[104.7236693406125,16.813486400129253],[104.72100275685334,16.81851187422766],[104.71627614077697,16.823251828770633],[104.70919957002728,16.82390731377199],[104.7036211639428,16.822409056804418],[104.70001380857337,16.818190789358432],[104.69683001265592,16.81369151958766],[104.69385574709473,16.80995927919424],[104.69031526709206,16.805897062153146],[104.68722509955279,16.801915053332714],[104.68445602273053,16.79774136271541],[104.68148626761337,16.793968968414017],[104.67620665710608,16.790401660358814],[104.67309417528746,16.785269282017016],[104.66826049174537,16.785991648272862],[104.66568766065285,16.79047305165878],[104.66316380333468,16.79653291536071],[104.6598194829717,16.800608518646126],[104.65688534513787,16.80418026983843],[104.65208295331692,16.807502311767276],[104.6493093526061,16.81210856099685],[104.64623255530877,16.817562021923095],[104.6455324831723,16.821847214618646],[104.64566182281429,16.826770053242182],[104.64656257772229,16.83191587172636],[104.64714220911222,16.83718653814762],[104.64502864671294,16.84173034878828],[104.64211240566539,16.84523073815205],[104.63899990648406,16.848494839541786],[104.62882421872678,16.859272476908313],[104.61911231548028,16.85930371973164],[104.61482267556318,16.85822456274769],[104.61052853226604,16.8574710493647],[104.60536049575606,16.85858578501395],[104.59995155231752,16.86111408807243],[104.59466756308288,16.863312419461465],[104.58888410948177,16.864288964631914],[104.58193232441188,16.86363792392818],[104.5742359481332,16.862393830636698],[104.56594197033175,16.861622393862802],[104.55673844310121,16.861996983909055],[104.54762846465833,16.86144853053545],[104.5387325557096,16.85906294638045],[104.52924359244612,16.85525483402487],[104.5205617319505,16.851785623963984],[104.51281623826738,16.849016530557677],[104.50735382980727,16.8463901661088],[104.5024622544215,16.846185041264743],[104.4957334341223,16.84870888050377],[104.4907169427226,16.851638525845026],[104.48566480958492,16.855535786881777],[104.4809783171375,16.85917435196881],[104.47517249963221,16.862420606670042],[104.4695183986297,16.863303511437312],[104.46343173975642,16.862558856898172],[104.45747433069272,16.861698232623265],[104.4521502332343,16.86323666122391],[104.44873011147453,16.866130535103192],[104.44586733714863,16.86979597270809],[104.44246059679632,16.87347475533687],[104.43897354184004,16.876061019067716],[104.43514315284213,16.878946040647513],[104.43081782850254,16.882540086779482],[104.42493634389555,16.884947957127316],[104.41840368862722,16.885795231476962],[104.41331591810949,16.885099614458543],[104.4093918742849,16.88044874063084],[104.40535194675343,16.875869217339527],[104.40102216778749,16.877238203607746],[104.39605914905768,16.880916936755646],[104.39177839696563,16.88267830969313],[104.38789453319394,16.88497026783761],[104.38248565865942,16.887271173196616],[104.37694743216457,16.88658892962843],[104.37153407799426,16.885335930565127],[104.36601375678785,16.885563377987395],[104.3620852951515,16.890107146536156],[104.36116228268192,16.8963320836823],[104.35656044753577,16.899948429906395],[104.35071460708953,16.90001085352673],[104.34642044370679,16.90056825503057],[104.3411854995315,16.901344133320894],[104.33544218246438,16.901023061337938],[104.32970326386798,16.899288483744144],[104.32420964482937,16.896505949994054],[104.31932698676574,16.894655446365807],[104.31426138801793,16.89484270077112],[104.30734085444627,16.89607348335442],[104.30046937372717,16.89733092790234],[104.29281763013488,16.8994846743897],[104.28540659554973,16.903475568540987],[104.27932882436578,16.90954886211088],[104.26790463431715,16.91506918646862],[104.26390926509791,16.911336985634385],[104.26064517589573,16.90788113920949],[104.25739446888548,16.904786494309946],[104.25348828772816,16.902396410978778],[104.24956429180477,16.899515878748833],[104.24712965829858,16.895560613421022],[104.24408853133275,16.890379174044963],[104.236129032189,16.889786093760243],[104.2251819378129,16.89034350472776],[104.22062025950379,16.888947816507358],[104.2173473084603,16.885340350762114],[104.21429279905031,16.88033285013788],[104.21193841087525,16.875173605775974],[104.20741245348283,16.873907236970773],[104.20111173989176,16.876016441106245],[104.19547988590762,16.877902639733872],[104.18908108747897,16.880225835859203],[104.18291410765327,16.88267830574646],[104.17857546069891,16.884622448269948],[104.17444629612515,16.886526525542667],[104.16909985024692,16.88800690237142],[104.16461399882137,16.888412703987218],[104.15303813675652,16.887806251494393],[104.13436345197117,16.88672716450231],[104.12747411950872,16.886027107769408],[104.12409862872705,16.880279262282137],[104.1247719299214,16.876092206050043],[104.12566373097988,16.8715484040642],[104.12618989713114,16.86616629387246],[104.12574847054438,16.860735028892396],[104.12363487179304,16.85612881468923],[104.12071417767362,16.852628384822022],[104.11720926494206,16.850372117849993],[104.11406118421996,16.847603044551885],[104.11198321290006,16.84322863099393],[104.11054296496984,16.83850641368796],[104.10842932806398,16.833744170761747],[104.10422439453014,16.829499089186296],[104.07479878335167,16.821682255755498]]]}},{"type":"Feature","properties":{"Province":"Nakhon Phanom","Suit_mean":0.7075,"Suit_max":0.8622,"Candidate_km2":0.0},"geometry":{"type":"Polygon","coordinates":[[[104.73922262999385,16.801687660045378],[104.73459407497958,16.907671539247094],[104.76937063197371,17.101606769549687],[104.8032419855898,17.338790808583262],[104.69868498688592,17.530202160058842],[104.5281734095397,17.620614962008517],[104.38300290790627,17.77752627230074],[104.27652846100064,17.860831187414952],[104.19138197915936,18.019472567371785],[104.1846754792574,18.01585631938316],[104.1830657427752,18.011473013301526],[104.17736703343915,18.008596893297955],[104.17628346562117,18.002479006304792],[104.17145424074909,18.003981661383662],[104.16775318442649,18.008917936162696],[104.16260736805962,18.01413502468415],[104.159164987738,18.020163766958326],[104.15621749486212,18.025831301682093],[104.14961354218477,18.02410114387281],[104.14579656606392,18.018152739377573],[104.13892954815903,18.014679082984706],[104.13565661318293,18.00820001264746],[104.12930234826355,18.006398511543757],[104.12218564118866,18.007504337725933],[104.11903301768977,18.002367473686473],[104.11654486320785,17.98999791156833],[104.11589827994538,17.982787558994875],[104.11611233014217,17.97441339722839],[104.1174679002944,17.969062489871355],[104.1202102796213,17.963938968221484],[104.1236660725176,17.95869057301583],[104.12876278563758,17.950927305686275],[104.12986868292785,17.944145008903476],[104.12674726664676,17.936430807925678],[104.12336727268007,17.930433311345535],[104.11752143556704,17.924052279450102],[104.11181827052964,17.91972254509053],[104.10528560882898,17.913328181439073],[104.09951115402492,17.906635035103996],[104.09523931240045,17.900352168319692],[104.09116371196883,17.895407021498656],[104.08802002391712,17.88899482530908],[104.08432788644075,17.883108797145958],[104.07820995405757,17.877597434508544],[104.07211435125882,17.876451385032755],[104.06564422700421,17.878667533059506],[104.05823323048348,17.884121041463622],[104.05285557315051,17.88552566795623],[104.04486924907718,17.884736410814394],[104.03835901588968,17.883599351249035],[104.03096576492761,17.882083273565698],[104.02403190346152,17.881472331245597],[104.01767773180482,17.88294381542204],[104.01268797202376,17.88538744354841],[104.007644720875,17.88871395372954],[104.00102295849678,17.89052435642556],[103.99568983939783,17.88543651431944],[103.99324629593768,17.877856021672162],[103.9911504601655,17.872473841246038],[103.98589325487644,17.869905397733937],[103.98685634069231,17.866458548011554],[103.98750294730178,17.86183447330576],[103.98445288911992,17.86161149282369],[103.98283428867195,17.855547114563226],[103.98616076820349,17.85160079836803],[103.99258629066048,17.84871133588117],[103.9986328994707,17.84658432258662],[104.00306518619358,17.843449587451893],[103.99977886157166,17.83899938603411],[104.00311424962224,17.833835750632264],[104.00822438033636,17.829769092213134],[104.01180955475995,17.824462716365563],[104.01347277762267,17.818768472411918],[104.01101129633521,17.814755310735283],[104.01222422936875,17.809506956737447],[104.01701327044067,17.8043388087317],[104.02027732788173,17.798064867600743],[104.01754841756099,17.793454162132893],[104.01081954848928,17.792455307136457],[104.01138141913785,17.786551489946742],[104.01433783142667,17.779474910785087],[104.01829746755806,17.772639110001148],[104.02157492978056,17.767074103243772],[104.02296616731317,17.7615224868618],[104.02507089776736,17.755395692007006],[104.02917327375124,17.756363317994104],[104.03009183844905,17.76320810423815],[104.0363167131593,17.76556690142601],[104.04247471653088,17.765236930630728],[104.05062152160679,17.761308512360678],[104.05754208552995,17.75410261177695],[104.0589689434631,17.74843951705515],[104.05317654878985,17.746183237632216],[104.05000173078827,17.741617130952317],[104.05176755715104,17.735352046811883],[104.05825998683669,17.736738856481647],[104.06096665760747,17.74208973896869],[104.06505564596998,17.743409692251713],[104.06756610350644,17.736440043652628],[104.06765080808866,17.72189896147355],[104.06385164529338,17.72454766700252],[104.06060101035102,17.72405715459337],[104.06376694300836,17.718808797945087],[104.06794071788305,17.712762234429018],[104.07289922511787,17.708298730570956],[104.07758126880573,17.7040402724594],[104.07408974661777,17.69990217817158],[104.07137413895809,17.696901242646355],[104.07740732861969,17.693851169877416],[104.0725424959487,17.69030179563044],[104.06723614597779,17.68872320429533],[104.06780240815388,17.68300665623853],[104.07103531193566,17.676768401058258],[104.07757674972532,17.67735701506862],[104.0817772534505,17.68055418356925],[104.08202253187476,17.675243418919468],[104.0812376955924,17.670904662236183],[104.08064913771832,17.66830055465308],[104.0750484799706,17.668987269539105],[104.07259149520704,17.662998656766167],[104.07139646754587,17.65769236660802],[104.07211887016325,17.65201148255871],[104.07213667996447,17.64657137658258],[104.06724509486936,17.64552348999981],[104.06493966664794,17.641809002600922],[104.05888424413212,17.63954386409228],[104.05314536371061,17.63686390112033],[104.04802632093056,17.63755063802649],[104.04373221749722,17.641541480501303],[104.03787295310173,17.637095738950478],[104.0314429456245,17.638353223044987],[104.03383746603355,17.634799317178643],[104.03598231163518,17.628917823766447],[104.03414068157986,17.623161047837353],[104.03457765682359,17.616236104476197],[104.03764555744165,17.610528451361063],[104.0405751541239,17.606047094679464],[104.04577002207641,17.601525558813954],[104.04981887707523,17.596830093580245],[104.05284219549011,17.591077855787194],[104.05450537628444,17.585330065830668],[104.05481758480262,17.579649213099902],[104.05334602918589,17.572929285630725],[104.04962716442752,17.56794850494574],[104.04445013647644,17.56417605563491],[104.04082487826619,17.558624534402487],[104.03894757313368,17.551904690631023],[104.03845264983065,17.543071191183266],[104.0393132523344,17.535941097978025],[104.04050384241643,17.529921250263943],[104.04099877299309,17.52241214725264],[104.03817174819625,17.51599997828895],[104.03441714599317,17.509137372898337],[104.03217426563737,17.503786485123893],[104.02686342474811,17.498609455776993],[104.02240876717248,17.49425295805867],[104.02085261132655,17.486957831143545],[104.01400782255249,17.48516977654555],[104.0107660539873,17.480964773244754],[104.01351289927833,17.47392388976028],[104.01518057100726,17.467159456106558],[104.01771333752869,17.4575367384695],[104.02184251185386,17.451240424210955],[104.02716662512407,17.445862757495842],[104.02977968521498,17.43909830678966],[104.03073838052936,17.433319293914355],[104.0364995491925,17.427219302615864],[104.03778826655626,17.420606374063087],[104.04168549539665,17.413369314026905],[104.04727277028992,17.408892396232073],[104.05389451628751,17.402582760548658],[104.05575394875153,17.39465446107732],[104.05391684208816,17.388411698174],[104.05482644430535,17.38249890457805],[104.06246939191797,17.38339518133208],[104.06839551951167,17.384429734141012],[104.07104417246451,17.37740217569368],[104.07652442821887,17.37334438104123],[104.07575300252908,17.379769970433074],[104.0787049293749,17.38598146192578],[104.0819556296609,17.388692669546963],[104.08725748523443,17.38341306227641],[104.09232301729654,17.37975213741778],[104.08922396616293,17.373692224320326],[104.09428504946409,17.371886236272168],[104.100327110641,17.37721046515238],[104.10218210683304,17.383716307314128],[104.10035830620885,17.38817535279461],[104.09471760414043,17.385129837304756],[104.09504753764274,17.389383765015772],[104.09661267189766,17.394792725533538],[104.09442329666531,17.39875236710303],[104.100327110641,17.397829358416455],[104.10619527809206,17.39772233078794],[104.11137228008906,17.397552891889543],[104.11003015162794,17.390752739325496],[104.11390067103416,17.38794793763321],[104.118150122002,17.392317907801356],[104.12501719459513,17.39421742361327],[104.12675621932391,17.389914399622324],[104.12675621932391,17.384728502336557],[104.12820992887823,17.378186976447292],[104.13343596091252,17.37720595217491],[104.13921490635963,17.380470082845516],[104.14375873032934,17.384447558425904],[104.14122599323221,17.38929017504117],[104.14550676199588,17.392308973318947],[104.15057225720246,17.388942346368353],[104.15410831735424,17.393905304950817],[104.15090223255957,17.397976449847324],[104.14491811315935,17.400152479855997],[104.1470273312715,17.405864646004197],[104.1512901895231,17.40203870394006],[104.15341271234588,17.40622134769021],[104.15658764589311,17.41185766253271],[104.16376672762105,17.413150824842436],[104.17091912842376,17.411264567285567],[104.17559670780163,17.412151989805825],[104.17221226826636,17.41645945976929],[104.17076307284732,17.42164540207337],[104.1747762382792,17.42569422364936],[104.17922197526832,17.422238482578745],[104.18440350851046,17.419643254995275],[104.1894066295608,17.42168552475399],[104.19434279344674,17.42114150931409],[104.20169139783884,17.423683223889586],[104.20508035088949,17.41817171791132],[104.20811249079019,17.41306611776588],[104.21489929642884,17.41141170661334],[104.22022342129198,17.40750562118518],[104.22683632272792,17.404785514497085],[104.23343577966554,17.40574872840339],[104.23899620720678,17.408330499341393],[104.24688888528297,17.411799650625333],[104.2544113250602,17.41056008299484],[104.2610999737468,17.41001162971826],[104.26753446132287,17.4110416784302],[104.2729434114334,17.413962321655973],[104.27827643010451,17.418470547249267],[104.28450137372424,17.419487167449237],[104.29125247192279,17.419531802056568],[104.29929222436081,17.421395656734763],[104.30433103036825,17.424196001500647],[104.31010995131128,17.427825736259834],[104.318154211094,17.427798965253128],[104.32520405527077,17.42703642868845],[104.33202202569093,17.425194839442337],[104.34017775285056,17.42218938734049],[104.34763330789363,17.421516118115687],[104.35458505535486,17.422100249624567],[104.3616393256249,17.42169885792089],[104.36769931812185,17.42100776599107],[104.37433440671906,17.420263035492933],[104.38114792293052,17.420539509727693],[104.38735053761505,17.421342207409268],[104.39504249910397,17.422653116931563],[104.40186941005705,17.42399089553529],[104.40845550854067,17.424187065459012],[104.41348085067311,17.420004455564577],[104.41728891690745,17.414778385681515],[104.41437719177543,17.4088210203373],[104.41118442336412,17.40258273014745],[104.41297255344013,17.39626421393583],[104.41349870283567,17.38856335188442],[104.40970405673261,17.382521269266768],[104.40785797122605,17.377379887729024],[104.40833951790316,17.371186245839873],[104.4118354412385,17.36569708314742],[104.41366372442076,17.359333934245225],[104.41390450705438,17.35335868500116],[104.41783293440137,17.347740211105748],[104.42149384685533,17.341715998271088],[104.4236208718863,17.335513376757298],[104.42277368214457,17.328597316150415],[104.41960320342557,17.32275148095069],[104.41408729251077,17.315032769940398],[104.40947660311139,17.309146716648055],[104.4044512200278,17.302574017662607],[104.40502192239893,17.296023591407444],[104.40712668406175,17.289803182849425],[104.40704195658775,17.28372980885802],[104.40700625383029,17.276287592658715],[104.41149208002008,17.27079398209605],[104.41492563940157,17.26586668514754],[104.41831904348655,17.261077594442668],[104.42420950196971,17.254732343729017],[104.42636765471423,17.248529681256514],[104.427816922133,17.242732902174883],[104.43261934317057,17.238585909243422],[104.43366272342921,17.233199289069933],[104.42691614693092,17.22707699389889],[104.42040143463741,17.222145222962606],[104.41416758318137,17.21633498039784],[104.41192017147088,17.210239417078327],[104.41172841832072,17.20413045313282],[104.41040853460564,17.19682201185881],[104.40686806114923,17.19019131060932],[104.4030376177272,17.183440251560487],[104.39972902261913,17.17701461619627],[104.39750838471394,17.169313780945558],[104.39687519156993,17.163244901980885],[104.39714720674763,17.156690028600156],[104.3977581104459,17.15073719374961],[104.39926970616051,17.144984961796222],[104.40194516476605,17.139018622885956],[104.40207447183893,17.129832905830696],[104.39856075242494,17.1249278500309],[104.39103822065537,17.117093287071874],[104.38064408855534,17.10704690159641],[104.36579081025893,17.09494489288618],[104.36229482938245,17.090525904554113],[104.36379309666845,17.084711222886316],[104.36451546675359,17.078022599593275],[104.36374852576974,17.071325022869395],[104.36199162634453,17.067120099326697],[104.35576673618621,17.065942899268904],[104.3555215210909,17.060034562542462],[104.35879449290829,17.05594109869679],[104.36295477538633,17.06022188266504],[104.36710176913567,17.056293446297826],[104.37037473378108,17.05116988344793],[104.37583714815828,17.047464362279673],[104.38180342523248,17.04362952339965],[104.38811307328491,17.040900613545833],[104.39083752562212,17.035384697742927],[104.39189881472419,17.030854194548645],[104.39788741383657,17.032254424168926],[104.39931428785754,17.027429631305903],[104.40048256403944,17.02087030104629],[104.39556867318872,17.01766425225624],[104.39283969286711,17.01414151942849],[104.38624470365077,17.01213049264085],[104.37989935099601,17.01115388329009],[104.37579257359218,17.005954625603394],[104.36814965680082,17.004411751271903],[104.35814788317069,16.99448131971796],[104.35653816318737,16.989125991083743],[104.35560621879996,16.983989080826362],[104.34988514988984,16.982736068678825],[104.34400806178131,16.980158709215658],[104.33825140658142,16.976997241117584],[104.33258836238195,16.97466511547728],[104.32605130223715,16.9756326955899],[104.32173043870111,16.971334106539636],[104.32300567435163,16.963093692291558],[104.32023659784636,16.9580861695007],[104.31571061122081,16.95284224095501],[104.31341420979133,16.94629184279684],[104.31051573494547,16.93799793801014],[104.30774663033546,16.93083661799596],[104.30339906525056,16.92680554784308],[104.29755314212215,16.926925937346216],[104.29052558473178,16.926457777902737],[104.28122838879496,16.92211903419408],[104.28210235476999,16.90668165808923],[104.2895891826376,16.900817893108545],[104.29968457683776,16.89749594043832],[104.30830408589586,16.8958950883495],[104.31629925133105,16.8946063974102],[104.32229673532608,16.89554280840366],[104.32899429219535,16.898980769345386],[104.33616450101653,16.90114341234663],[104.343263422031,16.901138939733123],[104.34919845202876,16.900100014318657],[104.35568203838409,16.899988546216225],[104.36145651668986,16.895596282275395],[104.36293692937018,16.888345779669493],[104.36946063680993,16.885237812577742],[104.37613594017166,16.886303591658017],[104.38306977304937,16.887199828868997],[104.38923677054429,16.88406955283513],[104.39452520743134,16.881585847785733],[104.4003086763542,16.877808951560844],[104.40629726280604,16.87594062048561],[104.41038624207465,16.883039451349752],[104.41638820598975,16.885741678296565],[104.42404890973577,16.885130829897477],[104.43137521999897,16.8821298142902],[104.4367083415504,16.877670698590766],[104.44110055208239,16.87458952915473],[104.44547938995738,16.870290933052242],[104.44909123806296,16.86572924092658],[104.45362169699423,16.86244286486665],[104.4609925616657,16.862139722782484],[104.46879604685955,16.863272318047212],[104.47589941395816,16.86213076746573],[104.48285108370155,16.85779203926149],[104.48877725309484,16.853074357527532],[104.49503334924694,16.84904327354187],[104.50322920474227,16.846015555501204],[104.50914196405736,16.847223953173756],[104.51746266867374,16.8507467223898],[104.52811545633132,16.85477326385269],[104.53989197285428,16.859468655146184],[104.55098169042726,16.861845425650916],[104.56255311571584,16.861733917182775],[104.57324155361965,16.8622332931213],[104.58284648354085,16.863771705378173],[104.59118051576458,16.864128459415344],[104.59797621514122,16.862032628167384],[104.6046826664762,16.858862254878197],[104.61111265099031,16.857475507761844],[104.61637889226314,16.858670517786233],[104.62297836027174,16.85959352010929],[104.63848266012822,16.849034378502356],[104.64245567309055,16.84485176328886],[104.64590262256367,16.840410448534257],[104.64690585516264,16.833690615452138],[104.64574650742608,16.827421135024927],[104.64558603368478,16.82127647686275],[104.6470931947704,16.815114013406443],[104.65103947787907,16.809094191129653],[104.65627445159492,16.804479048842232],[104.65980604961274,16.800095731634872],[104.66510795890902,16.794009041053904],[104.6667042791884,16.78757905902536],[104.67262156544862,16.784841140069357],[104.67684877060267,16.790927836349297],[104.68266341447122,16.795248707650916],[104.68617275371835,16.800381160542905],[104.68990497923915,16.805402055474758],[104.69428829115934,16.810463191127056],[104.69824798120413,16.8157471816294],[104.70185983350905,16.820567459911782],[104.7083835221894,16.823679910930426],[104.7171099405749,16.82276135291723],[104.72186337076778,16.817223163521565],[104.72502934988506,16.808960472642486],[104.73040702625369,16.80362294389827],[104.73922262999385,16.801687660045378]]]}},{"type":"Feature","properties":{"Province":"Nakhon Ratchasima","Suit_mean":0.7066,"Suit_max":0.9622,"Candidate_km2":0.0},"geometry":{"type":"Polygon","coordinates":[[[101.41662605167565,15.03979869033945],[101.42072399868253,15.023549782785416],[101.42822417964088,15.006899448337117],[101.42851848391997,14.988679585608942],[101.43672322158352,14.970633639747707],[101.43652255499424,14.95340368114006],[101.44112438371086,14.936994156607472],[101.45032347023493,14.917726397634032],[101.45451949571599,14.9025074713344],[101.45831869484977,14.882789329429851],[101.45992395131287,14.864208278899289],[101.44412087073059,14.852489766343394],[101.42492000807384,14.844846814058197],[101.41102546143756,14.832878580676264],[101.39462490562724,14.826560034164276],[101.38062326451784,14.818159104197626],[101.36452594214366,14.807889791971371],[101.34492371808842,14.79691150632048],[101.3385248938537,14.783574290746134],[101.33912691398903,14.767601842293834],[101.32582090771162,14.757154189743055],[101.30892097443186,14.752512251826031],[101.30042194047,14.73777488364865],[101.28612601537287,14.742822570391485],[101.28052537089162,14.725177896456445],[101.26262651839308,14.73045752909009],[101.24442450781694,14.7321162919084],[101.22862145705082,14.739995555119643],[101.21472241021662,14.750822262247702],[101.19992264353361,14.750304936404802],[101.19112483629604,14.740994380092069],[101.1948259459643,14.723858063578223],[101.19932518438564,14.698860334766975],[101.20682540930372,14.684015963944292],[101.20782419152425,14.664556496653624],[101.20902371174854,14.649172553517978],[101.21342487268083,14.631251439628828],[101.21121756792361,14.61238945900314],[101.21732211853625,14.598860555948985],[101.21852158140119,14.583494496130255],[101.20812294642118,14.570224140891236],[101.19722044905564,14.556124463443933],[101.18881950282793,14.540896653958045],[101.19611908967829,14.527577320763863],[101.21042829967608,14.516344818399132],[101.2275245022849,14.498878523203617],[101.23822186569065,14.479289725174167],[101.25422562712946,14.488149945775428],[101.26852595546191,14.499886336074468],[101.28132800183687,14.506476870882222],[101.2865228539328,14.490647013864772],[101.30112643773843,14.490941310266438],[101.31642119251619,14.489839952089316],[101.32211992162455,14.472650099729572],[101.33752609375101,14.462612657712617],[101.35192002775801,14.45141145129962],[101.37092478303748,14.443242342139971],[101.38372239024248,14.42964210415774],[101.39602501244893,14.42097357908792],[101.4106196399367,14.422222144027181],[101.41931939028798,14.405322121334251],[101.42712277709938,14.38662512319263],[101.43782022331126,14.401375874725426],[101.44472283029765,14.423372582722982],[101.44172632543808,14.440821050207667],[101.46002205451404,14.45063108993017],[101.47982047802506,14.455990931569708],[101.49322451871274,14.45338234857435],[101.50401998013434,14.437561422009217],[101.51752658263369,14.427180640594532],[101.53802509661219,14.42022449968858],[101.55361853995176,14.43126076376199],[101.57192319491341,14.430333223667002],[101.58892126740393,14.433940675891739],[101.60752018385021,14.4321213187936],[101.62261874033054,14.42589200479814],[101.63291922123484,14.40411371136129],[101.65002434594227,14.402914256599509],[101.65752453091729,14.387784550077981],[101.66982277973776,14.375927746650571],[101.68532701131605,14.360075614689087],[101.69582378735214,14.347336017065446],[101.70902267475368,14.332727995460065],[101.7253251631497,14.318601564335202],[101.7403255600788,14.301768445630227],[101.75192371427764,14.311721150058927],[101.75121913956302,14.332447087463853],[101.7596201134814,14.33864969549111],[101.78082318224001,14.344036295039174],[101.79282262828883,14.354296628484093],[101.80862564266829,14.3458689181253],[101.82522689125517,14.346256937546947],[101.83762315695564,14.356066936065291],[101.85342627250138,14.360106855108171],[101.86972873000822,14.368378460531801],[101.87102627266498,14.384395636545074],[101.88472909310399,14.379116059730075],[101.89632277805826,14.350876502450397],[101.9016335784259,14.332647715391495],[101.92643062285538,14.329526318074807],[101.94083352309809,14.317406500463822],[101.95652954605501,14.312568355637799],[101.97383087060184,14.31873084016921],[101.99143097075684,14.308358995830801],[101.99533270053365,14.291820203072781],[101.98403329927932,14.275700540473615],[101.97183317542138,14.263973117192133],[101.95573583449679,14.251893405258164],[101.95822844815723,14.239104704199407],[101.9701297903732,14.224741938186382],[102.02423213104944,14.198076517213357],[102.04222905470344,14.18895767311352],[102.06223257665748,14.173546959226238],[102.08022945221468,14.160249933656502],[102.10043372359259,14.154506595561015],[102.12172585760206,14.14604768445596],[102.13403297605285,14.135938964584334],[102.15363524690432,14.134578902754662],[102.16992872717302,14.141169446717555],[102.17022755662842,14.160588875430093],[102.17462868887017,14.177756426029392],[102.1855311542787,14.19263637718096],[102.19972894494697,14.183307944479447],[102.21463129287238,14.168628642494024],[102.21423440963655,14.152937076040242],[102.22633191537625,14.141998827534907],[102.24552840523367,14.139657818694245],[102.27023179771616,14.142721203140391],[102.27733070647326,14.126128893915697],[102.29863181044503,14.127190162125862],[102.31713260830068,14.118401282277498],[102.33413075081437,14.117830508236276],[102.35143201592817,14.121821410004594],[102.36113060589662,14.138329005992237],[102.36242814960512,14.155808687260116],[102.38333241406006,14.144999809243059],[102.40132933460303,14.141548514996941],[102.4152283857633,14.151278211215176],[102.43222649146453,14.148509181661403],[102.44332960077507,14.16781701930711],[102.45252876143245,14.183058265727531],[102.46842990922728,14.18766895468412],[102.4846253384507,14.191405692350525],[102.50003156574567,14.182425051381454],[102.51242786508135,14.193786894041239],[102.54032845412529,14.196868129054028],[102.55632771338219,14.212474918899572],[102.57772692012603,14.223034138177772],[102.59943383667101,14.238565120507646],[102.62602788634636,14.261534015264994],[102.64053337305357,14.2776313016524],[102.65083388374423,14.295530137804331],[102.6718273639045,14.302999165995374],[102.65943101648412,14.31337991430091],[102.63903063078497,14.319961597282957],[102.61692692019564,14.316568215586507],[102.59802919333357,14.323947979227924],[102.58973086555278,14.336246214050458],[102.58302882903209,14.355625429747898],[102.56593261078329,14.363799018935238],[102.55922609227464,14.38043589671336],[102.56053264110196,14.39875388369572],[102.57183202245153,14.413995090130557],[102.57983606044832,14.431260742365922],[102.5863329909659,14.44295249296145],[102.60253290564236,14.456882729382613],[102.6061313946895,14.477599731226613],[102.60212712467363,14.499007885522248],[102.58622597705622,14.506396569780115],[102.56912980992716,14.505678724409757],[102.54792672353612,14.501647644734705],[102.52733017841355,14.499957633746568],[102.50682721026799,14.498477273194597],[102.48873217314312,14.503957503600084],[102.49922895450565,14.529418943157983],[102.49903276539422,14.549435816281099],[102.50163234222994,14.569073752116228],[102.49262941490642,14.590954492844968],[102.47622891149797,14.614181980834866],[102.47253231061914,14.632410801263818],[102.47733477429018,14.655821103644163],[102.47203285483008,14.675588288927553],[102.45722864791334,14.694347675678541],[102.46833184113456,14.715617632546222],[102.47773162767007,14.733784018268356],[102.47782970386177,14.75130381645075],[102.46083158851492,14.763026792908791],[102.44793140576316,14.775222400924935],[102.43853163530676,14.78533123775954],[102.43833100294408,14.801223479791123],[102.43932979529289,14.824138740946701],[102.44363283677414,14.841359835262574],[102.46543340290913,14.83378823335843],[102.48722948689338,14.819300645475415],[102.50143614898951,14.805660224969017],[102.52013316272384,14.806739348082813],[102.5338271188246,14.815149171201039],[102.55583279436325,14.84741084908377],[102.54942950660114,14.867097739216527],[102.54702599108947,14.885745735880443],[102.55383510468631,14.905584269574042],[102.56982985209503,14.920736265471412],[102.5672302172578,14.934514904739906],[102.5624322107853,14.94660353702854],[102.58093302832054,14.951521877362651],[102.59842611413733,14.941814464324473],[102.61723455767188,14.933413527458189],[102.64233481447366,14.93202227630918],[102.67033350690961,14.930635502970448],[102.693525325668,14.930617659886801],[102.70822699453655,14.940646134966048],[102.71212866322973,14.958424549591358],[102.71423340557602,14.977161700162123],[102.72773111281201,14.98797059667368],[102.74503237943834,14.99263034318902],[102.75444107169707,15.00190079269192],[102.76183434336933,15.01542082220637],[102.7735349895487,15.026229711383877],[102.78543188935143,15.034429922298903],[102.77854256409233,15.049907501430539],[102.77613914040074,15.066557800828482],[102.76923193792797,15.076367771610052],[102.78633262431465,15.086324980580278],[102.79513488875364,15.1026141103793],[102.80833380936369,15.117462870800459],[102.82703978214455,15.136382833424856],[102.84034124690103,15.150281840468738],[102.85504286256027,15.163141888529003],[102.87473878391144,15.16634356113927],[102.89054177511025,15.177210400194602],[102.90744177488754,15.181691787843112],[102.92513993369461,15.177861443758218],[102.94194185403883,15.178949392107615],[102.95774041920775,15.184220102809643],[102.97233508693635,15.193548496628502],[102.97573740057214,15.207938076928878],[102.96363987073705,15.226028636217082],[102.9644246645298,15.243164961413536],[102.96563748976182,15.258936761512313],[102.96303342269232,15.274004065250224],[102.96973992500807,15.290935267463913],[102.95893991208098,15.306145325175505],[102.96223519656976,15.32063294677555],[102.97863582124785,15.329760652883165],[102.99443882784061,15.338924175141004],[102.99103651646834,15.354731688524891],[102.98813815073423,15.370231460030642],[102.96943664138384,15.374177760715725],[102.95774041920775,15.385151619594469],[102.95954194708446,15.400138654303388],[102.97074317367604,15.406296685250233],[102.97983525770738,15.42278646271455],[102.98663987464802,15.418198061921132],[102.9960396642412,15.411999888176032],[103.0075530913497,15.423713972478703],[103.01273902442595,15.431909762202803],[103.00254103268277,15.446785341261082],[102.9941400519075,15.461705455551112],[102.98383958644041,15.47428464209269],[102.97153688728996,15.475675845113745],[102.95613964977485,15.47356667241404],[102.94123731344804,15.4733348049903],[102.9458390804872,15.488304005772884],[102.93303706605543,15.486832539937154],[102.93283637291745,15.49805165303549],[102.9229192988943,15.501712556524495],[102.91034022304163,15.511040988601804],[102.89524169753953,15.513092165233756],[102.88373722808927,15.516712932981026],[102.8695394705851,15.505832714999148],[102.85343758139943,15.507843780607871],[102.83664017145541,15.507014398540722],[102.82283929618744,15.507161558329468],[102.81282859652282,15.520342631466775],[102.8026261630611,15.533831461291022],[102.7954425561332,15.548903190069401],[102.78585997445428,15.561116641821037],[102.7859268190303,15.578319943359041],[102.78312648473252,15.59464914037989],[102.77742777291344,15.611165603420623],[102.77712901171756,15.62695531661641],[102.782533408002,15.641304681302348],[102.76823309875014,15.649696747686292],[102.75253257789893,15.659912571750613],[102.73742515537474,15.662712869758412],[102.72042713247556,15.664224521548622],[102.70783013725641,15.678993015465872],[102.69663330262198,15.694573128056279],[102.70023181146084,15.709372923434398],[102.69383299040224,15.720841648612186],[102.67642911757795,15.716922158184245],[102.65853029130507,15.711633647576884],[102.64063150055703,15.712391728719734],[102.62303138179882,15.720141572695962],[102.6075271148059,15.7186611986173],[102.59332930626492,15.706171286817526],[102.57473044153193,15.704360874752407],[102.55602899320998,15.703121199464219],[102.5412292215641,15.711210051115378],[102.52642943263014,15.717363564066979],[102.51022955982342,15.725162560071595],[102.49102867717576,15.717751499507559],[102.47183225076597,15.71466133300114],[102.45542713298458,15.711892245881424],[102.43913362198559,15.702242778689058],[102.42362930858492,15.692883165541469],[102.4068319344006,15.701123566817976],[102.39472989119173,15.715901023382143],[102.38072829250764,15.728141224895616],[102.36422521034103,15.731320592646542],[102.36512589285773,15.7497188138454],[102.36242814960512,15.7656065958319],[102.35053126848437,15.776959481594186],[102.33892872929813,15.78927552165894],[102.3236295500724,15.803277107736184],[102.31133134721678,15.792905200413797],[102.29512691013012,15.783407362396707],[102.27663509171612,15.78043757294961],[102.2615276579685,15.773427905667834],[102.25523586537636,15.758298096909563],[102.25263175881746,15.745776968088725],[102.23593240673665,15.740278920854136],[102.22392847474569,15.74827856938365],[102.2084286607296,15.750820209086829],[102.204727619284,15.73717094852466],[102.19013299860963,15.74082735987058],[102.17382605061881,15.740408189104413],[102.16223238218048,15.737389435331528],[102.16393128293302,15.722937483555516],[102.1556328914146,15.709930307191991],[102.14962645874435,15.697110360065084],[102.14962645874435,15.679670797645912],[102.13723018768309,15.67026208506581],[102.1301268632236,15.65928379830658],[102.12792847692043,15.650905176972191],[102.11952755316693,15.642776182010175],[102.10942771269774,15.636132131353158],[102.10292627779036,15.626656527597335],[102.09282649334304,15.629635225519296],[102.08793039612377,15.62026664742714],[102.08022945221468,15.613506652868956],[102.07742916500906,15.597288874029287],[102.06732930802517,15.583015345827985],[102.05922714107533,15.566347187720766],[102.04553320366283,15.549670209636286],[102.04572946530247,15.533100115856726],[102.04802589236961,15.515611600774797],[102.04032943696544,15.49893002481078],[102.03962495375873,15.477793895041183],[102.03323505451857,15.463872570780238],[102.01193388021873,15.455364647610166],[101.99413321192384,15.45996643373377],[101.97452647578118,15.451124076873784],[101.95642252744483,15.449326997706214],[101.93803319890021,15.452733779906213],[101.93462204622945,15.43673453723532],[101.92062493287217,15.42727680812595],[101.91202331156623,15.412298632344566],[101.90012191151696,15.39646886009199],[101.88462214649849,15.390899447890277],[101.86791830474105,15.398047374619518],[101.8537205721575,15.40655977387855],[101.83752504291479,15.410898464991003],[101.82092385938127,15.417199232235971],[101.8075242552575,15.423838828032643],[101.80032282553638,15.406947730888096],[101.79302329433553,15.391960684398699],[101.78212076240004,15.37828016665625],[101.7636244150751,15.37438736994868],[101.74422284065136,15.377067328613949],[101.72642655616652,15.382288940701379],[101.70802388903031,15.38773793430459],[101.68981738478413,15.385401309563589],[101.67392063864094,15.394096587535808],[101.65792143590944,15.390828091139317],[101.64292103118402,15.383867377977156],[101.6339270067148,15.367279584482855],[101.61952404867812,15.361290977854019],[101.60332419953455,15.371417642086012],[101.58241990354712,15.369402138041172],[101.56372290338528,15.369040925710316],[101.54362576082897,15.370708600277045],[101.5259230590959,15.37023151631441],[101.51232282608878,15.359507370752532],[101.49642168344934,15.351320470558774],[101.48132318348213,15.346058708421827],[101.46262173729552,15.34957245886161],[101.4425201107021,15.350290418103894],[101.42922301563553,15.341100142503382],[101.42302041180902,15.326010574755957],[101.41622029424828,15.311951052250045],[101.40212063220211,15.316133710014773],[101.3883197298499,15.325881312290004],[101.38582709301116,15.31495202248562],[101.38532316925445,15.29741437339712],[101.38562193797513,15.279404063431796],[101.38812348972158,15.260796211826898],[101.38942114117539,15.241046881034599],[101.38002134136005,15.237256650598555],[101.36822702563968,15.246255106641781],[101.3646240390943,15.234804092445934],[101.37092478303748,15.218688911435965],[101.37081776146265,15.200339781558466],[101.3747238631405,15.185838741622936],[101.38232219499086,15.171899616036029],[101.39211886181864,15.157572525841525],[101.3958199232092,15.14168024392498],[101.3951242857946,15.124584038164],[101.40032358166116,15.108665101386052],[101.40162563459879,15.092616739714844],[101.40251749818057,15.076055645694215],[101.40672245082186,15.057126794681947],[101.41502529440427,15.044208784100018],[101.41662605167565,15.03979869033945]]]}},{"type":"Feature","properties":{"Province":"Nong Khai","Suit_mean":0.6486,"Suit_max":0.8439,"Candidate_km2":0.0},"geometry":{"type":"Polygon","coordinates":[[[102.05932519709727,18.080111964333287],[102.06816315439598,18.075643902839225],[102.07681824088755,18.066462594720075],[102.0834489737595,18.057695986977613],[102.09559552709739,18.05497593612337],[102.10664969460151,18.058048321142],[102.1152200269518,18.051248189787973],[102.11550100426508,18.040907480276676],[102.1091021913781,18.030633734422114],[102.11452447604516,18.024141275354495],[102.12468670969677,18.028016209016947],[102.13723908446305,18.030740726906842],[102.14763773413206,18.027650638641717],[102.14567573802752,18.017033479427475],[102.14465462769734,18.007045125793457],[102.14892641449052,17.998358719650696],[102.15495514157207,17.98829014580246],[102.16502376513021,17.988816323303954],[102.16870698121997,17.998719984698848],[102.17388843614074,18.008467517205453],[102.18253907701941,18.013216472618605],[102.19362000445213,18.009881049758256],[102.20206552970255,18.015414796915444],[102.2075635458965,18.013903164616675],[102.21069385885764,18.004093174973598],[102.2210835732312,18.002536956464247],[102.2307910720895,18.002367496765274],[102.24337904861056,17.998719986608574],[102.25189150658878,17.991032470939473],[102.25972613691441,17.985641438155255],[102.26997313062641,17.98072744562297],[102.28115216754635,17.97796725867112],[102.28717641429093,17.987514255323195],[102.29743231414898,17.978448859772882],[102.2999427806686,17.96858086282778],[102.30814307087918,17.96210178218777],[102.32107442974913,17.95382570159359],[102.32845870782447,17.944345690101397],[102.33140622949354,17.93604724532852],[102.34193411315887,17.92860504764009],[102.34983117764503,17.921827224824014],[102.36040370479441,17.917327974273896],[102.37009336747455,17.911370590013846],[102.36874224298879,17.90222050847735],[102.37803498262842,17.89785958117664],[102.38802339401092,17.892000292472552],[102.39465409303415,17.884161183571198],[102.40094586318901,17.87505122703321],[102.40074075110711,17.864817606053293],[102.4048832830603,17.853830357539728],[102.40331368446945,17.843146369412235],[102.40944050608616,17.837501133089965],[102.415161492889,17.82890843785686],[102.4230362365332,17.822523044288246],[102.430380422537,17.815914626767],[102.44366406129426,17.816347176510533],[102.43911131964714,17.807362121477254],[102.43517393243549,17.796495280763775],[102.43578928228852,17.789271514072972],[102.4414211655333,17.78191400306906],[102.4520962207015,17.773539810398606],[102.4543079250623,17.764590433649364],[102.4592798467411,17.754873974824765],[102.4693083266628,17.75110163206791],[102.47945282897912,17.74796236072873],[102.49047121551558,17.750544189962365],[102.50154763431317,17.752470579979498],[102.51394838646131,17.75393760522486],[102.52576501570921,17.756711144547545],[102.5358738297907,17.751262134940333],[102.54233501298864,17.741898062003703],[102.54810513750738,17.733443546138677],[102.55864641065213,17.724663582662764],[102.56940623632603,17.71664165412925],[102.57962651073598,17.709587352405446],[102.5871980383081,17.700330320299297],[102.59182665090545,17.690725412642294],[102.58810328865843,17.68151729555232],[102.59205846736717,17.671823280080403],[102.59826557649889,17.659538416513136],[102.60334000498176,17.650080680414703],[102.60407134782669,17.640948448072844],[102.60199784961989,17.630184192505894],[102.59865347715359,17.61985241589852],[102.60696970062301,17.617444545923693],[102.6172390250786,17.618817876166904],[102.62664776580795,17.615237228435134],[102.63804069942537,17.61325293129456],[102.64854636991053,17.607545300916783],[102.6521092226897,17.595251531949028],[102.66101849694958,17.592353131226268],[102.67221971705847,17.598720775425544],[102.68506644049323,17.604276806030086],[102.6933514209456,17.611313264838046],[102.70337099859769,17.61199106243918],[102.71114328368695,17.60657765342671],[102.72390073190941,17.601721757207763],[102.73702828701133,17.60405382560046],[102.74175940287182,17.613065655198803],[102.75048143319609,17.613333194125932],[102.75766055208732,17.619647297895092],[102.76710498549795,17.621341738984754],[102.76535249321803,17.631441613010157],[102.76830449424502,17.640515866503385],[102.77724497237386,17.644939342736127],[102.77857379137886,17.65404484478147],[102.7811511235726,17.66546903901301],[102.78568154699148,17.67492233715495],[102.79553168946124,17.680545214048852],[102.80719671522581,17.679577597002545],[102.81753739070588,17.682850640555902],[102.82942089566218,17.686966394966205],[102.83580636590001,17.695202299561284],[102.83626561204296,17.708120372079417],[102.84494747901041,17.715919299294306],[102.85111444279677,17.72465915301715],[102.8484567743901,17.734420087328083],[102.84870208839358,17.743021681997323],[102.85151573129943,17.751650123080985],[102.85100745031164,17.759083375284632],[102.85567606322559,17.765624873802178],[102.84987477529829,17.773611181123798],[102.84885366549177,17.778895166151017],[102.8471369147268,17.784370999803556],[102.84332434198673,17.792655952484406],[102.84168341103202,17.800883012632454],[102.8306427113124,17.80428083790217],[102.83439722058756,17.806314179433542],[102.84121080394137,17.810260538050503],[102.84154518313734,17.819040468898713],[102.85243434650441,17.82164454717706],[102.85005312372247,17.832466791729175],[102.85938159211113,17.836529032895516],[102.8700031481126,17.84028811099764],[102.86973566863776,17.849464932183714],[102.87532731684995,17.856461268240537],[102.87571525504718,17.866431782569343],[102.87408327189024,17.8771960621417],[102.87790472843456,17.886475442815406],[102.88726882252539,17.893079405234417],[102.89556270626984,17.887113096741118],[102.90574736503926,17.885619349545546],[102.91677910799669,17.884727537760575],[102.92563043735662,17.887398534499198],[102.93393777395036,17.881111125796018],[102.94013145389913,17.871238669538577],[102.94577223419213,17.860773209995926],[102.95248313694427,17.852858309728756],[102.9590157263341,17.84559438651358],[102.95999226736245,17.835097738346807],[102.96289962325085,17.82456972580224],[102.97105533427596,17.81787665734561],[102.98242158572387,17.822879796374075],[102.98722851542327,17.83256936343411],[102.99597279021157,17.839503266315546],[103.0009758777807,17.84832784025121],[103.00851622545048,17.854280771442653],[103.01353274911621,17.861945936411807],[103.01900406209788,17.871310045205426],[103.02973259558331,17.870569891957953],[103.04111673038658,17.873312190111264],[103.04236530947497,17.882801143020398],[103.0464944232051,17.884303888623116],[103.05444500182766,17.874475976156678],[103.06395175332818,17.872398071643946],[103.07411407670946,17.874007815136036],[103.08562299681508,17.869851904260337],[103.09341306131536,17.863742940652607],[103.09941055133426,17.864380629113008],[103.10434680711427,17.855743319870314],[103.10933647544383,17.852969773394456],[103.1163417377345,17.855645222560792],[103.11965042246428,17.845951152777868],[103.12620524757618,17.840288123019807],[103.12959865035661,17.83206549532746],[103.12942472893893,17.823539711193988],[103.13618479568488,17.817074017555758],[103.13778115126244,17.81152243485683],[103.14491120459354,17.80739773240252],[103.1499187904076,17.799255486184954],[103.16061617316069,17.800272096847912],[103.16939613610649,17.80809785002072],[103.17076957121952,17.81842958951215],[103.17545161455027,17.828270770262215],[103.17638359130993,17.838330566502396],[103.17888509022099,17.848755905625342],[103.18740195203571,17.856590522811704],[103.19670814230926,17.862173394071792],[103.2066519023416,17.86531256357667],[103.2181875938732,17.865620234029233],[103.22890282106867,17.869120606257304],[103.2398855829622,17.86865240675661],[103.25146590381546,17.859975047520695],[103.26132938723951,17.858913761258847],[103.27013616359943,17.851128205623834],[103.27234784031984,17.839048475319544],[103.27773442926424,17.831410054750048],[103.28767378802101,17.83003216336829],[103.29902665304382,17.826299909067163],[103.3094788405764,17.83097747205523],[103.31713057737097,17.839489944860595],[103.32970530706676,17.847667918209428],[103.34418394181348,17.85812006770339],[103.3470467494935,17.86830460194664],[103.35578212204844,17.87409255843568],[103.36940021001884,17.876594114621604],[103.37980777564181,17.878114632285858],[103.39224862516905,17.875162752097566],[103.40319126943585,17.87282611126274],[103.41419189669575,17.87394985646792],[103.41637240234971,17.881771148205736],[103.4142855351167,17.89178625293821],[103.40759241203277,17.899491531433654],[103.39972655285588,17.905725442275052],[103.39976666647051,17.918291133702038],[103.39820153953718,17.92736987731192],[103.40880524572594,17.925572821128792],[103.41245280911943,17.933804331499736],[103.41063800770551,17.941429403439834],[103.40441305425855,17.94948257728812],[103.39475467796503,17.952679714953195],[103.39058088912644,17.96226681673334],[103.39255629214149,17.972692156378695],[103.39094655853398,17.981815513324037],[103.40065851439151,17.9799426819798],[103.40853774419867,17.988151909181873],[103.41560988244619,17.98144537083999],[103.42708757384227,17.97848898067909],[103.42935727450308,17.971497100972158],[103.43938582985542,17.969499440415152],[103.44942319334544,17.96487982599707],[103.45158586386079,17.973650902260108],[103.44065214262285,17.975755612118007],[103.44375567140125,17.985449680205356],[103.45490345214546,17.98853089129045],[103.46644807259035,17.986341520242327],[103.47164739664954,17.996490437768124],[103.47999482118064,17.99869762334069],[103.48567125784228,17.990211989974362],[103.49629284898002,17.985231171636556],[103.50235725035796,17.99324413927392],[103.50649081236061,18.000503586812997],[103.50321778061421,18.01102261072374],[103.50293693636846,18.021697703358655],[103.50163480816342,18.03228359882128],[103.50181762412724,18.04538447826913],[103.50251774459669,18.057098508673047],[103.5070347815648,18.061544196883077],[103.51554279193032,18.069864948744993],[103.52740398769278,18.066493808177764],[103.53821733329401,18.065481627717162],[103.53946581462263,18.073053184254782],[103.5435949963158,18.083969063761295],[103.54977979045934,18.074243725853137],[103.54318026293414,18.06666777892328],[103.55314640890403,18.05967140860926],[103.5633710740416,18.05755781561545],[103.57137966199777,18.049353001356405],[103.57936146031798,18.0410189843699],[103.58680809311515,18.03384872071334],[103.59216347465842,18.042370093894345],[103.59906621426454,18.04096993474612],[103.60703459786075,18.033063963841578],[103.61053496914306,18.020953028593997],[103.6146462582654,18.010242280098097],[103.62664573632809,18.00948872004109],[103.6371781045318,18.011143006339676],[103.6400854663454,18.006661618848685],[103.63064554021456,18.00215345271426],[103.62427350166155,17.994064619837378],[103.6269891093742,17.982742958229093],[103.62662348069856,17.971630884612544],[103.63114047900689,17.96916501248755],[103.64080787844522,17.970886239637746],[103.64256477219008,17.960576802256284],[103.65327551927682,17.960880034255815],[103.66051264101736,17.970306600088158],[103.66796819011866,17.964277882573533],[103.66319250903607,17.955052005302264],[103.66718343616849,17.94647715649034],[103.67878604109048,17.950414501183428],[103.68997835179346,17.95094963648613],[103.69946288834824,17.944929842743704],[103.71012900548017,17.937884411492206],[103.71928355992979,17.931721972498988],[103.72667673537,17.922799301838882],[103.73687028754271,17.918215323880588],[103.7464662647389,17.90993475973587],[103.75440787746793,17.91547742088662],[103.75202231215935,17.926585052249376],[103.75648584497478,17.936439662039337],[103.76068183559234,17.94735557740418],[103.76645639930284,17.947886195484415],[103.76286236329007,17.937795249761617],[103.75783699196836,17.92574673116642],[103.76225147602234,17.917345801307743],[103.77293550803515,17.92372680261895],[103.78146569652928,17.929211473237533],[103.78125614438582,17.917742716425725],[103.77650275826852,17.905738731966178],[103.783766635882,17.89523762080413],[103.7819294533819,17.886738582608956],[103.7700057954011,17.888290340479408],[103.76675513306523,17.878444626346774],[103.77402352391748,17.867921154242676],[103.78030193469904,17.858200255092815],[103.78790909778876,17.84967895899754],[103.7957527046496,17.84064038997945],[103.8057633985645,17.846410442735856],[103.80924148875667,17.857250511377373],[103.79867342694348,17.865553326737587],[103.79993532869824,17.873521782719962],[103.81046325009208,17.86925440337898],[103.82086188958522,17.86865686258617],[103.833490053436,17.867559995541978],[103.8430236483564,17.870988977837936],[103.85080029811644,17.87911348401269],[103.8623582600268,17.878787950920973],[103.86843161276691,17.87107819596666],[103.86500694674513,17.8611433276437],[103.87173576980027,17.86775613364456],[103.88324029333835,17.873717942738836],[103.89636786418302,17.876393408488116],[103.90629384224974,17.872625468950105],[103.90158050144458,17.86234278682824],[103.9018391783079,17.851698906884288],[103.90345780036337,17.843757252649265],[103.9127059948438,17.850124852096606],[103.92219494134848,17.851395689465534],[103.92273007548559,17.84009634572104],[103.92427733826932,17.829247378757575],[103.91913597198185,17.818599005344915],[103.92588710840327,17.811723097768883],[103.93467598752129,17.803076892651095],[103.93901911846838,17.792812051000762],[103.94240358749252,17.78187385160893],[103.95252128495903,17.77598788833864],[103.96227336235923,17.775314536575966],[103.97292164831215,17.781361075272446],[103.9729305911418,17.77302259464081],[103.98132267338075,17.773142909901665],[103.98719974492234,17.780946337880057],[103.99535544696984,17.785472316301625],[104.00116563006273,17.7928834233921],[103.99981897927259,17.80250168893416],[104.01038255923652,17.808557155018118],[104.01084186739354,17.816454236375076],[104.01180955475995,17.82502010769867],[104.00394363673932,17.832975139417293],[104.00057253886041,17.841888913939737],[103.9976206703396,17.846892001809394],[103.98668694123997,17.85129313323398],[103.98487651413447,17.85873984154357],[103.98550974031282,17.863198984586408],[103.98589325487644,17.869905397733937],[103.99287613292383,17.876357775466534],[103.99717920614147,17.88735837650453],[104.00821100695866,17.88838845756117],[104.01663427557061,17.883354054464498],[104.02729151942349,17.88147235141997],[104.03976362018606,17.88388469468166],[104.05209304855093,17.88544096448037],[104.0623935504508,17.881106666864312],[104.07397384842724,17.876406820066713],[104.08432788644075,17.883108797145958],[104.09021833842755,17.894113898280306],[104.09738855459962,17.903402170421163],[104.10603477386219,17.914112941196784],[104.1162416467538,17.922852813912566],[104.12482546796346,17.933171160536205],[104.12988206791918,17.94565662669738],[104.12400050571665,17.958240264649557],[104.11841771122712,17.967042462278894],[104.11593843095135,17.976732167764727],[104.11654486320785,17.98999791156833],[104.1208345461992,18.006492156090303],[104.13214282000149,18.006331625444233],[104.13962517072653,18.015245357309666],[104.1486727417768,18.02306662591307],[104.1584336278782,18.023062197923288],[104.16352148451422,18.013100559450507],[104.17112873970618,18.004472184375935],[104.17703256301647,18.00625583244962],[104.18472451740297,18.011642465077337],[104.19138197915936,18.019472567371785],[103.96896197955652,18.33826266308191],[103.83081013865348,18.3296655106665],[103.64660471834229,18.377908512515223],[103.37426065265916,18.43915424175388],[103.24350636002278,18.366305969895688],[103.25737865232225,18.287005311715046],[103.14365375291523,18.168076629923092],[103.06387596156945,18.010897753698092],[102.94614678473829,18.0030586548837],[102.76734574581769,17.901707714891113],[102.697230854997,17.820079425826776],[102.58769300453481,17.874306584465472],[102.5525954304172,17.96966445089413],[102.3460989483712,18.045094582418486],[102.1992518244982,18.134990122918182],[102.10748349371502,18.205894241570846],[102.10607889206763,18.195366343568804],[102.10590501850143,18.185538438477845],[102.10466986145853,18.175014930579373],[102.1052941088631,18.165347608793272],[102.10115604050286,18.156714849855337],[102.09000382371954,18.155965651120724],[102.08175001695525,18.148238050390486],[102.07412055682619,18.14208900371809],[102.07240378858455,18.131957913819214],[102.06984873608697,18.12018137410526],[102.06742292583276,18.10922987172119],[102.06496596456576,18.098532488232046],[102.05975333251838,18.090198397411037],[102.05932519709727,18.080111964333287]]]}},{"type":"Feature","properties":{"Province":"Roi Et","Suit_mean":0.7146,"Suit_max":0.829,"Candidate_km2":0.0},"geometry":{"type":"Polygon","coordinates":[[[103.27674004331048,15.600428087239196],[103.28537737098846,15.591322596371807],[103.2943356688478,15.591478708697133],[103.29724306836673,15.580647579100756],[103.30339661689094,15.568884412022532],[103.30843980266006,15.558401088088264],[103.31964105332025,15.551979962443436],[103.33063719675299,15.54580863379167],[103.34384061367476,15.542633748940219],[103.35544766381686,15.537862451158505],[103.36125784393566,15.52749505406686],[103.36972121933591,15.525738206287382],[103.37912551172055,15.532993094299306],[103.3904426614263,15.535093417661637],[103.40394040253342,15.533599571038843],[103.4149410059792,15.53475000225835],[103.4229361862774,15.5251941279662],[103.42473767040809,15.512833532878588],[103.42393497956762,15.497833146977362],[103.41864208979021,15.48591395962105],[103.41455754541875,15.474320245099817],[103.41123994088323,15.463373169802225],[103.4076771407362,15.449260095546029],[103.40447997151573,15.436908446120865],[103.41239928961151,15.435093616744373],[103.42363623136428,15.440306283739895],[103.43493562299152,15.44691464019718],[103.44616809919053,15.450446253384992],[103.46203803364197,15.449554434735184],[103.47544211888822,15.448216685460697],[103.48723639083056,15.444658329947641],[103.49343897113161,15.435940790346754],[103.50701254628254,15.43497317604015],[103.5159396124857,15.42854761908335],[103.52428265479438,15.42659454103772],[103.53465447026605,15.423816536705443],[103.54323383663363,15.431446020934407],[103.55273614673195,15.436886165221917],[103.55583971322076,15.447984849928087],[103.56523948295089,15.451458452553739],[103.57144207515415,15.458677759819606],[103.58103357420285,15.463386533273273],[103.59132522505762,15.464407674748113],[103.59948536311154,15.464131259502173],[103.6118370356626,15.464545924913402],[103.61884227750649,15.464189214111007],[103.62423782264548,15.457473779331483],[103.63694625673179,15.454905397485813],[103.65016753076199,15.454133968077276],[103.65844800647704,15.44750769719353],[103.66768734608519,15.447182196635929],[103.67694888700757,15.443877960699714],[103.68721815690256,15.445180061298817],[103.694045014323,15.442268279125907],[103.70307916848103,15.441336300274406],[103.71184581216878,15.444105377630267],[103.71944405391707,15.443904747130167],[103.72774696438155,15.436988655192682],[103.73744994597807,15.441701921909075],[103.74714850416,15.444796588870979],[103.75644571035328,15.437599569653607],[103.76794574267574,15.437238368614072],[103.77918265677143,15.43365776189026],[103.78747662195896,15.44082354401534],[103.79864663266133,15.441086573292274],[103.81047218230032,15.445287083127543],[103.8235863614072,15.449665955273131],[103.83413664454325,15.458129246099281],[103.84474931670762,15.455877455550237],[103.8544701007297,15.462120203159587],[103.86014657797064,15.451578885131907],[103.86804364831845,15.452136284538676],[103.87418379083678,15.461219460309609],[103.88395817476693,15.463886010788714],[103.8870795384222,15.453366939271792],[103.89204254285688,15.462253992171522],[103.89584168230509,15.460497059080128],[103.90058172837915,15.448230109083543],[103.90764489003062,15.439646312471893],[103.9209687255404,15.436440214537043],[103.93404281750452,15.434085774094042],[103.9457613165092,15.435976477529502],[103.94422292999955,15.42772271057173],[103.94802652409979,15.417364147921566],[103.95588793664702,15.412080138093811],[103.96378946185105,15.416512477058449],[103.97262742068477,15.422550113157453],[103.97711766979961,15.415419988596858],[103.97694376644603,15.404869787410476],[103.99384378363361,15.42363813477608],[103.99838316246347,15.437010968506861],[104.00644520101612,15.444274880658908],[104.01555070490774,15.453237638827913],[104.02387140477656,15.464554850604383],[104.0309435313764,15.476696974663298],[104.0397814258686,15.485271876452611],[104.05303391254672,15.49157703265614],[104.06205022656604,15.506657716268519],[104.06573344912303,15.516387436609534],[104.07622572842776,15.520940219398556],[104.08053766467411,15.529283165877866],[104.08104593994057,15.539744204146459],[104.09014700144321,15.547552067656573],[104.1008444084928,15.545331469146902],[104.1046435085256,15.553072462834988],[104.10334593422397,15.564661640007749],[104.11564416777313,15.5607912138005],[104.12565034638806,15.570418392893147],[104.13414937412018,15.579367767050844],[104.14724577260101,15.586578150525561],[104.16074351081599,15.594907737771901],[104.1719447547603,15.600499470234782],[104.18715028615536,15.601930818467874],[104.21233974949932,15.60556945835978],[104.20864756532684,15.613306021712045],[104.19801261411725,15.610211377274734],[104.18805099245175,15.606389907051181],[104.18521951098546,15.617582302641274],[104.19266617060333,15.625443709976944],[104.18401998364097,15.628591796064253],[104.17514634898569,15.63116919108633],[104.17803145434873,15.641059409512934],[104.17469599159513,15.652595161487257],[104.18360976835676,15.652447999399602],[104.18965182859588,15.65953350686227],[104.17936021679782,15.660902458020274],[104.17474502630388,15.669557527528504],[104.16118043605394,15.686328283939867],[104.15254316655407,15.693962197269144],[104.14724577260101,15.705043132506944],[104.14376768408299,15.70961369742305],[104.13644583027863,15.699634205460187],[104.12808060130644,15.69237035917188],[104.12074085728642,15.700762391848345],[104.1318261848873,15.704329621036774],[104.12974378595057,15.717091585988703],[104.13814474958791,15.724703247886374],[104.13845244542541,15.731686207353508],[104.13730641257995,15.742553064254396],[104.14134194674486,15.751029793115494],[104.13278043591986,15.757745206391391],[104.13123316078295,15.767394708288052],[104.13836769824815,15.774810170250328],[104.14065526929923,15.78584199405623],[104.13654396192688,15.796160335701629],[104.12328253454396,15.801341823736632],[104.11253166317945,15.805448697763469],[104.10294463779591,15.817287606746197],[104.09234534921598,15.826357361523872],[104.0811440330255,15.833648005831549],[104.07066963839796,15.831150917831211],[104.07248897779095,15.821599500774571],[104.07915533539207,15.815740300672976],[104.0686050672228,15.81061678086743],[104.05553990190306,15.80469958617358],[104.04461065884581,15.79552266975286],[104.03294562816045,15.794407899936264],[104.0223464107724,15.794448045145979],[104.00794345110978,15.791826119064215],[104.00145106219564,15.809386022927153],[104.0099857805619,15.813439412520916],[104.01364220977051,15.822558219255496],[104.0180433551939,15.827298298244328],[104.01463214757013,15.835681402827197],[104.01894404345971,15.835926632321135],[104.02323375206028,15.845536022178168],[104.02961023342581,15.853754126587562],[104.02354589062755,15.860295573988976],[104.02834382477462,15.862832833044491],[104.03743596753543,15.867309777247577],[104.02674747713048,15.8683264342398],[104.031144164945,15.873944938259893],[104.02124942100043,15.88142285839952],[104.02094171625751,15.889863944317273],[104.01970656402392,15.89909873506035],[104.01784716907474,15.907923306862665],[104.02854897209701,15.913140417282964],[104.03387316447,15.92314665726607],[104.03694990796296,15.933629950451456],[104.03658423495574,15.942017570761331],[104.0327449919994,15.951760731411461],[104.0264219562599,15.955002460610828],[104.01814140407134,15.948737387517102],[104.01824848734162,15.960130404575185],[104.02354589062755,15.97086793232094],[104.02911977219456,15.976080627935133],[104.03624540362796,15.980388148109647],[104.04904742131102,15.982506238420692],[104.06231770902473,15.982938748687646],[104.07510199910504,15.980539744406315],[104.08614270632138,15.976169852515902],[104.10054565700882,15.975117429869993],[104.10864336692396,15.984700098578125],[104.10723869298502,15.997756310694514],[104.11074805537677,16.007196227786494],[104.11603654835835,16.016979473883215],[104.11834635995983,16.028158477299094],[104.11659396643067,16.037509230783698],[104.10908482863853,16.043676129398744],[104.10557550766129,16.054052513866935],[104.10252996011323,16.06442435249874],[104.10274399001071,16.076704709821335],[104.10644503048206,16.088802244080696],[104.11528741880937,16.100150660563394],[104.11894385038136,16.109541496972366],[104.13104142571893,16.108471370693735],[104.14315235862624,16.106210609773143],[104.15379172178922,16.113327296720254],[104.16031093132953,16.126044670362937],[104.17044652882336,16.135399823522864],[104.17953410514706,16.14360016952495],[104.19702271723499,16.14416640304767],[104.2037827445099,16.154462508552506],[104.21304876903774,16.156972947631488],[104.22374613062136,16.156058881887216],[104.23334654064926,16.166515475427662],[104.2403473592167,16.177337670726477],[104.25145051125989,16.191615747270426],[104.25274810549425,16.204047757046823],[104.25618164986267,16.215329247593843],[104.26645092109747,16.221335610352366],[104.28874197114354,16.22697637492423],[104.30244483005829,16.23425369618816],[104.3183459303779,16.24691309752551],[104.32258654158395,16.258908027806335],[104.32829420048284,16.26717966399778],[104.33743089733069,16.275223915389592],[104.34321432991594,16.286153144899846],[104.34485089061646,16.297060141610952],[104.34671917560566,16.308435256417],[104.34994312207436,16.320158209570536],[104.33604412913738,16.32352041664431],[104.32515496924368,16.325910501194933],[104.32795085763591,16.335698214200406],[104.33034539794696,16.34582926646052],[104.32594425326475,16.359906664959745],[104.32254642135699,16.375584867581537],[104.31884094008777,16.387619996514257],[104.31894789507004,16.403133225974138],[104.32190875976714,16.415016661712478],[104.31929574339496,16.426302673910946],[104.31756565222484,16.439492677005987],[104.31310205537265,16.451233527080944],[104.30814353208463,16.460454958111963],[104.30048277468349,16.467286298943407],[104.29065044471838,16.4658504356534],[104.29089572790555,16.45551428829041],[104.2847600459839,16.44509780318985],[104.27426773006843,16.43853401516914],[104.26214789521228,16.43500240617383],[104.2479456635808,16.432710411569875],[104.23000224651938,16.43106945761403],[104.21894811809562,16.43266134476105],[104.20864756532684,16.428081853653122],[104.19667046388146,16.427212386051714],[104.18515708246325,16.434632300368662],[104.17374624670906,16.442730026192613],[104.16174228771173,16.43913152268333],[104.150719425053,16.434065989453675],[104.14340199905983,16.422213704303125],[104.1295476208002,16.423756571564443],[104.11657606236551,16.41935545011338],[104.10384534071754,16.41715262994998],[104.09399517388267,16.411971113009596],[104.08146516208646,16.40764580947344],[104.07184685009733,16.402094235706176],[104.0634459430772,16.393684384335845],[104.04774540003675,16.387784933422054],[104.04394624626384,16.400930432946343],[104.03995531929556,16.413625449616617],[104.04266198999728,16.42597719983881],[104.03737803361015,16.436817267718208],[104.02486575556654,16.438846173471987],[104.008951238635,16.44051380036413],[103.99698747739365,16.44065652780444],[103.99014271334073,16.431283513528015],[103.97635077890489,16.43133255216877],[103.96267018146571,16.434543109040394],[103.95034975501449,16.438649973133533],[103.93784196984817,16.434534225493163],[103.92324733249569,16.436010164989668],[103.91684849409489,16.444830237236822],[103.9087596516572,16.446056502643717],[103.89674236957126,16.44975307097936],[103.88624572251803,16.454939036275356],[103.87834865970721,16.46234117253954],[103.86594343942842,16.467718809378816],[103.85289160371615,16.463094689343354],[103.83704395438565,16.463901816394305],[103.82533884735264,16.468704251568866],[103.81734361306424,16.456624586488093],[103.80718136680676,16.45038626042136],[103.79418753691466,16.443782384044187],[103.78524706352046,16.435234283808526],[103.77453632496355,16.428081905795125],[103.76504734678893,16.420153555241175],[103.75425627002049,16.41508808293308],[103.74533807571257,16.40868481311962],[103.73813664736433,16.39757272320097],[103.7266321905544,16.38878826161102],[103.71283567920297,16.384708191825073],[103.70652605448501,16.36978805276248],[103.71333958541102,16.36079399428326],[103.72093791221832,16.352566985731038],[103.72924073876646,16.34114720386196],[103.72903559900789,16.326409870128526],[103.73803853432342,16.316559737607452],[103.7493913973644,16.308756309183753],[103.75838544625246,16.29889276969069],[103.75496524626224,16.288061605549323],[103.75720376167493,16.277899315426247],[103.75671321578841,16.264798488960167],[103.75204458879026,16.254150185668394],[103.74080764784857,16.24702900809677],[103.73703080264947,16.234445442388775],[103.73544333792172,16.220796131973085],[103.71503407458145,16.216145213303818],[103.6984417514729,16.220871913336698],[103.69892775368182,16.214375021177506],[103.69063388330709,16.207285007526774],[103.68596067426833,16.214165428264764],[103.67688200638497,16.20938082065833],[103.6699614135937,16.217384922555674],[103.66603294916099,16.20728951584072],[103.67443836881077,16.201345540763494],[103.67589647086693,16.194924362703972],[103.66564062150512,16.190393927180818],[103.65939339521,16.198714625637745],[103.65521075048957,16.18866378029809],[103.64614090172876,16.18928359035195],[103.63652707694303,16.187575825714216],[103.63453833163955,16.198514004911242],[103.62702920494766,16.209634955486354],[103.6173395900658,16.21581530035269],[103.60333802792071,16.21257352281676],[103.61154721546878,16.210361785007297],[103.61952006438905,16.203138051488686],[103.61363858007624,16.19742594361768],[103.60517963312543,16.190376146868203],[103.59933375592738,16.19837577094178],[103.59133855719284,16.191834232029304],[103.57773386246646,16.196864104493148],[103.5673976405818,16.199334455100807],[103.55453317167354,16.200533901191758],[103.55883619320039,16.20822590764924],[103.55782400075489,16.213741784562917],[103.54814329326769,16.21045095134036],[103.5405805969413,16.21410748487362],[103.53583610853656,16.215413966320007],[103.53030238487787,16.20407004968283],[103.5248355232564,16.196351311581292],[103.516242898215,16.195927722579633],[103.5043415166137,16.196404819848738],[103.50018120102412,16.187522304387652],[103.49163749698039,16.179767933673343],[103.4950175203347,16.166702753424822],[103.48764221161773,16.15824386948285],[103.48407932502352,16.143060585534727],[103.47588354111771,16.135823443387597],[103.46855281079785,16.127105895992603],[103.4624393650299,16.11480770001348],[103.46013847415684,16.100208655921524],[103.45823885445778,16.08696061484529],[103.45989318111317,16.074907684288277],[103.46694300626542,16.06459381129674],[103.47068872162357,16.051582150905954],[103.47343544867942,16.038713154384276],[103.46913243355444,16.02879165478885],[103.46433895840794,16.018486713875344],[103.46683601010604,16.006594285376764],[103.46393762110898,15.993047528171273],[103.4636388681985,15.98054866283117],[103.46517727225782,15.968642821245863],[103.46889612075121,15.957165110235238],[103.47484006162432,15.947457622940103],[103.47983426664605,15.934116015738264],[103.47335076484768,15.927672666107112],[103.46514154854513,15.921701894193786],[103.46178382834087,15.909443862135934],[103.45830579976595,15.897185768183379],[103.45559908490884,15.885730358488365],[103.45203179073505,15.875028495793957],[103.44730959528141,15.864344496598447],[103.44433535901256,15.851653863760006],[103.44119168966047,15.837777140156376],[103.4384226326879,15.827075294743864],[103.44034003888912,15.811486272383489],[103.43683075397713,15.802661711734935],[103.43773591155521,15.791527317780782],[103.43063257129447,15.775826852131466],[103.41864208979021,15.768616480652115],[103.40584001283808,15.763577668034308],[103.40163500507111,15.75289371345907],[103.41373261093082,15.74526864641505],[103.42239213069827,15.737028185426666],[103.42360060736283,15.724868231575778],[103.41503914173586,15.709970401999149],[103.40373973987789,15.708311617973916],[103.3904516532747,15.70632286997092],[103.37854135919335,15.711053935608637],[103.36820960921519,15.715843001894882],[103.35523808806634,15.72079264443754],[103.34713593237362,15.711513207264877],[103.33031619804751,15.702269521567485],[103.31774149579486,15.699763479000906],[103.30301754477047,15.694434880624174],[103.29264120688556,15.68147670965289],[103.28078448633889,15.665838667370771],[103.28821779597716,15.660255904878559],[103.30143008801416,15.660942556333763],[103.30780664036565,15.655176938432628],[103.3047477367921,15.6414964314593],[103.30194288193515,15.629554976959785],[103.29693536798361,15.618527653481381],[103.28354024988077,15.611018503862176],[103.2770387986545,15.602078025570737],[103.27674004331048,15.600428087239196]]]}},{"type":"Feature","properties":{"Province":"Sakon Nakhon","Suit_mean":0.6958,"Suit_max":0.8779,"Candidate_km2":0.0},"geometry":{"type":"Polygon","coordinates":[[[103.40726689915877,17.872607639443338],[103.40730251862037,17.85544459528741],[103.39736322194881,17.851181647093654],[103.40232170923743,17.841001535113133],[103.41381284695078,17.83826366174713],[103.4163054788787,17.82987165475162],[103.40502844748109,17.83349689622137],[103.39975776212859,17.835962759097647],[103.38783857824508,17.83694373094333],[103.38828445981042,17.826919668773613],[103.38299604154712,17.817279089897898],[103.38134614432268,17.805194972832794],[103.37892039251871,17.793677111106643],[103.37057292919533,17.787157921958816],[103.37162084951068,17.77601017881634],[103.38073077699454,17.766182268532045],[103.3811945279743,17.75449500594086],[103.394380093692,17.749817369586257],[103.4046315273303,17.751850704715263],[103.4093225286098,17.740109898166175],[103.40951429499592,17.73043810322472],[103.40947858675054,17.718648246714526],[103.407454165944,17.70560987885826],[103.40747647222246,17.69200515481083],[103.40652665140304,17.67695126108819],[103.40833257778304,17.66085836119339],[103.4060495835658,17.649099671209505],[103.40311994464675,17.637381123112544],[103.40231280471767,17.623343950139432],[103.40181785545452,17.60919960371485],[103.40832367284509,17.597654985854273],[103.41301912976334,17.589521668622645],[103.40092608761293,17.589584011234642],[103.38810612462821,17.588348896525282],[103.37971407432121,17.58397449178131],[103.37599966133726,17.576197830887132],[103.36804910636025,17.58444717793575],[103.3570618845796,17.581009215372585],[103.34586948847014,17.57481548255891],[103.3412722032092,17.561081454367418],[103.33547985559402,17.551877864486276],[103.32693620064785,17.547075400783445],[103.32216497149278,17.53622641840804],[103.3204570964819,17.522608383250933],[103.31205171634856,17.511193019217146],[103.30410111439312,17.502992736083012],[103.29251189454538,17.494788013252993],[103.29312278200545,17.482471977786528],[103.29019319175886,17.470548390014976],[103.29057222535488,17.458089582148784],[103.28333951319092,17.447468026194006],[103.27887150910105,17.437863167085606],[103.28284458719466,17.4253955126414],[103.28518112356633,17.413975693242346],[103.29281068729242,17.40458935031288],[103.30073450281847,17.39348166805227],[103.30051603206864,17.38151346556962],[103.29381400891886,17.37075365908367],[103.28676414783895,17.360256924180202],[103.2792505967145,17.347677830181453],[103.27601773121225,17.336084119008483],[103.27197326522462,17.326046733807484],[103.2606427419608,17.319746033839476],[103.25794938854389,17.307746586734062],[103.26308630740841,17.295925451705255],[103.26903474337372,17.28410890487618],[103.27858164524854,17.271864150317597],[103.28721002661588,17.262094269345983],[103.29800549553755,17.264350634095592],[103.3129033916997,17.265193355920296],[103.32430081686064,17.259730961264438],[103.33382995774765,17.254326501970247],[103.34870995001219,17.2503624115675],[103.35926018726394,17.246362549132723],[103.36231027066336,17.236900345555373],[103.37410904473448,17.2309652667479],[103.38748182122175,17.22404922936892],[103.40164399770681,17.220861010448694],[103.41690743868116,17.211777838284775],[103.42677991207961,17.214364073532273],[103.440447013042,17.21077450174627],[103.4534141209383,17.21509540369893],[103.46604231836487,17.214555831058725],[103.47326608107146,17.22537806721223],[103.48112294295115,17.216112078379574],[103.4922350447398,17.209525949048533],[103.50413637406874,17.20207925468725],[103.51525742072602,17.194900134961962],[103.52681536758688,17.187850270125566],[103.5364693383274,17.180858381372726],[103.54935612274814,17.171596837460363],[103.56133329764663,17.165331807802282],[103.57150448834031,17.15758185891349],[103.58292421864341,17.158277476523367],[103.59278779485656,17.164011871504485],[103.60117539330787,17.16696384333347],[103.60803348341446,17.158741247003828],[103.61704083848868,17.149760630483506],[103.6265788811348,17.142572572790005],[103.63467213845048,17.131545206137872],[103.63893053377711,17.11917121822201],[103.64478982760745,17.10869229768704],[103.66145345084851,17.109829370574705],[103.67014428773834,17.102079409561906],[103.66766499520152,17.088809177423922],[103.66070433599951,17.07549878892659],[103.66466400366365,17.063164845539188],[103.66925244737367,17.050938029300944],[103.66471312149446,17.038086874282634],[103.6637365104889,17.025677207660998],[103.67023342793215,17.01673229486458],[103.67986507394845,17.023358506652553],[103.6918333579487,17.025396324100747],[103.70269123811731,17.027081865051542],[103.70949582426206,17.01450719222464],[103.7208620832395,17.012705705450824],[103.73101992618041,17.006614536008158],[103.72595880555777,16.990129266686786],[103.73062749532659,16.981492016353354],[103.74272063951213,16.983453982641183],[103.75203124049114,16.971775565806745],[103.76217562364383,16.965028958253495],[103.78707969330937,16.951616045506192],[103.79049098349283,16.90174100085841],[103.82768873892724,16.869760315651735],[103.86683074674983,16.83368613032405],[103.90972733157494,16.80202654411121],[103.92592720463962,16.79156107212911],[103.93750754038071,16.783677308117284],[103.94367894831983,16.771985577598],[103.9556650133912,16.78219689798878],[103.95739953934756,16.796546291027823],[103.9585098350958,16.81127026801661],[103.96295110741735,16.822096979689366],[103.97411228934423,16.81127475968007],[103.97973518960231,16.82258746077147],[103.9922117902037,16.83117123155846],[104.00648532064316,16.83700822238006],[104.0156622146918,16.847277532932104],[104.02701506914231,16.855170089027805],[104.03797996295235,16.84208268331369],[104.04902518487935,16.84224760545088],[104.06440017356971,16.83752986320191],[104.07377767235053,16.82952585161575],[104.10807702878486,16.833177830820176],[104.11263872999866,16.8449632024089],[104.12029049546177,16.852298466991456],[104.12611410993837,16.862701551424742],[104.12489230190538,16.875557129029346],[104.12921317447244,16.88646405495153],[104.16389608776734,16.88841266740532],[104.1758331046318,16.88592455697504],[104.18811794485521,16.880595872901175],[104.20351517175303,16.87512016566449],[104.2139584194656,16.879668405335096],[104.22200707310976,16.889763857477178],[104.24362926287893,16.890165094336023],[104.2508930976118,16.900804523591862],[104.26023048242305,16.90747094006993],[104.27024112926556,16.916866268749107],[104.29521212333212,16.927162277732027],[104.30641783390458,16.928700708654755],[104.31230831458991,16.943134840122784],[104.3174139640112,16.956110743229576],[104.32294327479696,16.967699965551596],[104.3301446974556,16.975878009476887],[104.34106503473163,16.979677107866422],[104.35434872033582,16.98258896481816],[104.35654260230032,16.992474724703797],[104.37248388226561,17.00523219425752],[104.38401068339489,17.012741344072616],[104.39493548840252,17.015385631224994],[104.39951943488461,17.024865662343647],[104.39411057615938,17.031117316789565],[104.38899149939549,17.039059017439918],[104.37814252413423,17.0455871013492],[104.36744067589117,17.053885446419436],[104.36103736214609,17.057069291457438],[104.35494177813266,17.063851578840506],[104.36485880688335,17.068988428040434],[104.36357903217734,17.08176821048954],[104.36400716147288,17.093196896091413],[104.3869492467068,17.112848160484496],[104.4009330033713,17.12765240202523],[104.39993861065241,17.142857940187266],[104.39738352200706,17.154558610761057],[104.39719178780095,17.167079790596596],[104.40172669290942,17.181085782112767],[104.40892817577421,17.193861168164887],[104.41171953675428,17.207697718729975],[104.41783737536878,17.219964721746855],[104.43141092865737,17.230885077940385],[104.42976993818363,17.240819934553837],[104.42613138177201,17.25227977163455],[104.41612068498264,17.264083039340623],[104.40832619586028,17.274058056713514],[104.40722029287905,17.287466600327967],[104.40439766683765,17.299657729298133],[104.41271392026003,17.312878997597526],[104.4215785826399,17.32639896835482],[104.42272909334555,17.338942442967035],[104.41516198321038,17.350825921160705],[104.41286552969618,17.36353438298324],[104.40767510468778,17.374757922841106],[104.41222338886531,17.38647649299247],[104.41114880841745,17.400308600743724],[104.41732018120538,17.412486421657192],[104.41109525279066,17.422778040933146],[104.39791858520668,17.423188214856502],[104.38362272142356,17.420860582486213],[104.3700715139977,17.420664394110823],[104.35701971894721,17.422055640137],[104.34303154404874,17.421600832567943],[104.32759855037081,17.426215952399804],[104.31380660047479,17.428164564550908],[104.30136120563579,17.42222953663972],[104.28711890987702,17.419206280730965],[104.27521308361376,17.415750489346973],[104.263628360116,17.410154313912226],[104.25014396829926,17.41140728307691],[104.23585705228429,17.406694000637362],[104.2223905225669,17.40606970728672],[104.2109663334822,17.4122678561647],[104.20349291099936,17.421449161017865],[104.19117686077647,17.420089130240864],[104.18148723792945,17.420905169683536],[104.17149440750528,17.42389725147169],[104.17288118723654,17.413538768841654],[104.16690146123459,17.412593417703253],[104.15389429832028,17.408807604258833],[104.14836059104205,17.403795605674432],[104.14840066261168,17.39786502024221],[104.15270815642964,17.39003926424182],[104.14191267344545,17.39147958493205],[104.14118140257182,17.38161154342358],[104.12992665501866,17.376590653607813],[104.12615426384947,17.387970285090976],[104.12100401958442,17.393084829778573],[104.11029763681964,17.38851873888512],[104.10836241329037,17.398707807494826],[104.09678663585954,17.39890400119402],[104.09661267189766,17.391229842110565],[104.09823578263031,17.386703871491164],[104.1009201821085,17.379631778428458],[104.09072664872035,17.372006685930504],[104.08940235182898,17.382137758155647],[104.07884768036809,17.38851871516817],[104.07593580150213,17.37562297972058],[104.06889940918805,17.381598179539512],[104.05756432331597,17.381736458333663],[104.05512970542246,17.392375842882565],[104.0503985347994,17.405962704924814],[104.0388495096156,17.41705695445663],[104.03304377610951,17.43066168861618],[104.028450915891,17.44351730902837],[104.01880587082285,17.454705146764525],[104.01415050745273,17.470824847882763],[104.01144385919092,17.484647993898715],[104.02171319374033,17.491198478521202],[104.03018989580961,17.500732035633405],[104.03670470851505,17.513297764056965],[104.0407579957366,17.526117700243738],[104.03870237017529,17.54028421118734],[104.03988843718263,17.556038214453114],[104.04726382267565,17.566543921202243],[104.05442067965565,17.57690685236708],[104.05368942030962,17.588531700176098],[104.04762943506428,17.599630448880536],[104.03887183301202,17.608722507472578],[104.03385084187342,17.620472202766397],[104.03568352122961,17.63264558937504],[104.03492551950559,17.638107963406778],[104.04645676794273,17.63976227127945],[104.05644065506934,17.638848240922634],[104.0673431783026,17.643053157957453],[104.07052698433247,17.650143096815064],[104.07101298340541,17.660541717675606],[104.07833037485216,17.669344003070865],[104.07963693382429,17.673441901590515],[104.0797885468466,17.677736011395137],[104.06971536520693,17.68026874866828],[104.07021925962839,17.690462257981256],[104.07482997325282,17.69648649867581],[104.07773731008325,17.701346983882452],[104.0697019859354,17.710876019814293],[104.06146157203737,17.722063962571635],[104.06550600814384,17.721493203212738],[104.06643792486926,17.74105525976085],[104.0594995558149,17.738406515914498],[104.05010874993285,17.739253787032684],[104.05710503844482,17.74653100013574],[104.0541441756419,17.758048865113906],[104.03877811020496,17.765558011353257],[104.02928027692619,17.759203830690407],[104.02334517942538,17.759020943281126],[104.02004101506326,17.77038720608504],[104.01235353866248,17.784388789333985],[104.01438689883557,17.7932624229662],[104.01827966462025,17.801801615055233],[104.0063872799856,17.807651914128225],[104.00032731494223,17.798305651043446],[103.9994042531359,17.78528954013561],[103.98684748551455,17.782796904116573],[103.98132267338075,17.773142909901665],[103.97127626604268,17.774864147115167],[103.96766442713314,17.780438022740103],[103.95707851937307,17.773348021441592],[103.94566323035627,17.7799296545038],[103.93929114409316,17.791724059801574],[103.93435050607906,17.80341577197577],[103.92330973272874,17.81240530520487],[103.92062982316116,17.82235801346507],[103.92374228661312,17.83521362625476],[103.92256057776194,17.848742512656493],[103.91312957635404,17.8509899351581],[103.90234308188711,17.843364868656543],[103.90245901360174,17.854726642259426],[103.90227617782777,17.86747518705095],[103.90120598281521,17.876384514078786],[103.88638393934137,17.874538410809528],[103.87173576980027,17.86775613364456],[103.86363358324509,17.862258123174662],[103.86746838356873,17.875385651451577],[103.8565346570368,17.879621792388427],[103.84491871787378,17.873468245280645],[103.83464047471675,17.867510864872308],[103.82032229076015,17.86871932444744],[103.8065125303624,17.870052599351446],[103.79548512157919,17.87221079431966],[103.80434986689109,17.859997273710164],[103.80771649140766,17.847703535585183],[103.79676936598591,17.8405689986201],[103.78733832901983,17.85145367923794],[103.7778717014032,17.86049230512524],[103.77041611223541,17.873200751528802],[103.76580986709823,17.885258134048346],[103.78015029803377,17.887211206571163],[103.783766635882,17.89523762080413],[103.77639126645192,17.908240370297943],[103.78338757899404,17.921809366276804],[103.77662760091981,17.926607342782166],[103.76538179429434,17.918028038573063],[103.7576675232304,17.924667627701528],[103.76310760304152,17.93827238504327],[103.76623343242328,17.95077571271993],[103.75876001246661,17.943079301925103],[103.75457734208868,17.930892544552325],[103.7528606055457,17.918175241617636],[103.74703252851711,17.90935068677196],[103.73589367747736,17.918728117022052],[103.72357321692994,17.924302012648045],[103.71829806391106,17.938392783409977],[103.70350730706187,17.941870853248613],[103.69184228225728,17.94975456412368],[103.67878604109048,17.950414501183428],[103.66514564188414,17.94701669913192],[103.66513221394231,17.958360663405564],[103.66531508142491,17.969017909210727],[103.65656184273585,17.96302933502371],[103.64390690247893,17.960286992118547],[103.64045113232584,17.97125636042253],[103.62963782796413,17.96684632550811],[103.62770703394389,17.9760676758929],[103.62437603472932,17.989297830518442],[103.62805924144831,18.00145342219067],[103.6395280484861,18.0060507276044],[103.63466763406058,18.011272341601128],[103.62400590927648,18.009671550556376],[103.61133766579947,18.014875231661943],[103.60962092526279,18.02944315607689],[103.5999891911554,18.03900344305124],[103.59216347465842,18.042370093894345],[103.5851359938411,18.034018227558548],[103.5784517828269,18.04469324315338],[103.56725940019598,18.05292927901339],[103.556303387675,18.059301326106766],[103.54382235443927,18.065013435099004],[103.54952108819963,18.074899207505204],[103.5416017462671,18.082212189686878],[103.53996085057824,18.069169272124963],[103.53076173244061,18.064085944133154],[103.51829400015825,18.070935097879666],[103.50698131101153,18.062074867414623],[103.50190682641166,18.055867795586344],[103.50270947326877,18.041750298606026],[103.50218334506023,18.02659374946241],[103.50335604126276,18.014817342792977],[103.5056079371097,18.00261722929459],[103.50235725035796,17.99324413927392],[103.49477224929885,17.984887823688428],[103.48370483328371,17.992967740587424],[103.47556244246391,18.000102240499277],[103.46835213543865,17.989155142194708],[103.45624568188504,17.987951263804884],[103.44326073860242,17.985034978969473],[103.44402324634105,17.975135810339662],[103.45307076400685,17.97034223349227],[103.4421861271697,17.965673596069475],[103.4314708420083,17.970618711555034],[103.42764946188808,17.97840876988624],[103.41442819717395,17.981757519579208],[103.40565266024831,17.986738352213163],[103.39612360812795,17.981293757693063],[103.3904961717491,17.975247218323823],[103.39080833043816,17.96426444850833],[103.39475467796503,17.952679714953195],[103.40646422956313,17.948242885276226],[103.40873841437572,17.938535455366676],[103.41362107412942,17.928163598724808],[103.40160379534036,17.92513136551358],[103.39866526579289,17.919236461095508],[103.39942336486557,17.90509220518354],[103.41074945374035,17.898216243779345],[103.41425873089129,17.887737390826942],[103.41785275140869,17.876116952254513],[103.40726689915877,17.872607639443338]]]}},{"type":"Feature","properties":{"Province":"Surin","Suit_mean":0.7072,"Suit_max":0.954,"Candidate_km2":0.0},"geometry":{"type":"Polygon","coordinates":[[[103.40354357392168,15.43105804637093],[103.39089754396248,15.424387254391181],[103.37950005124311,15.420655038383966],[103.36973461677694,15.411714503733796],[103.35801609645341,15.407019044226331],[103.34344379588669,15.403050452364658],[103.32975879185109,15.409395759514533],[103.31301933346555,15.410568477469123],[103.29954392990896,15.415362066477316],[103.28423133616587,15.419259313086673],[103.27230776698455,15.421123188459632],[103.26656437727243,15.430407087936478],[103.25718693978075,15.43925395136226],[103.2482464332697,15.444167858079002],[103.23520798735059,15.443713016504532],[103.22630320900582,15.451092812620537],[103.21536944190044,15.4575541066881],[103.20399430469242,15.457513962315103],[103.19215538739383,15.460314260531902],[103.17900108410963,15.463761150138787],[103.16622128609981,15.466869105285056],[103.15223753120932,15.470422991251281],[103.14183886408824,15.47306726000151],[103.12596896028754,15.47698686894912],[103.11603404353961,15.477156237100102],[103.11854012866543,15.464916055639218],[103.11173995126191,15.457567481399584],[103.1146383459819,15.447824293644965],[103.1179559573409,15.438246186794604],[103.10884153676824,15.428975698713046],[103.09458134974416,15.419067532549917],[103.10227329874493,15.410662169914339],[103.11053596454015,15.407219707326982],[103.12187992470993,15.397494473729457],[103.12382409763083,15.402287979290366],[103.13140016339509,15.405703633987155],[103.13463746337213,15.396357388090356],[103.13833400800863,15.40390658455705],[103.14663692209587,15.402118496289223],[103.14675279784086,15.390226109712687],[103.1509309959802,15.379497536089138],[103.15793624135047,15.380478514731516],[103.15172024754783,15.371983938394553],[103.16143663668122,15.365482542279706],[103.16743417516557,15.357732666803305],[103.16153923900063,15.349759789529509],[103.17122436489753,15.35334485980247],[103.18090065345257,15.356261091556908],[103.18914102274302,15.362383432267823],[103.20070792653593,15.358985595991209],[103.19474610237579,15.35493227904903],[103.19603927959062,15.346393172235924],[103.2010869537034,15.334531937475521],[103.20975542414648,15.336654504392552],[103.21563697521229,15.332231073360367],[103.22470686074675,15.328454192109085],[103.22433674187963,15.32057491117334],[103.23114132870816,15.315986562997784],[103.23803503921164,15.318233907004188],[103.24990075934755,15.314938637018598],[103.25624159076278,15.312361318852375],[103.25764618735505,15.306613493949381],[103.26878946599477,15.306555540196735],[103.27784144292413,15.314305419375907],[103.2865590018514,15.314006712869052],[103.28583663343043,15.305775185509265],[103.29053655051979,15.299835637484584],[103.29833108109165,15.297227090165594],[103.3051891862195,15.307032604852667],[103.31355886934276,15.314546217264578],[103.31833453177342,15.320793468385649],[103.32547805390833,15.326692845413465],[103.33123919267426,15.33135257857094],[103.34339030533147,15.334696904742312],[103.35243775558311,15.335651175769403],[103.35619237438755,15.341737792563885],[103.3648385629156,15.338241926459995],[103.37543332841895,15.335771579769103],[103.38302724673302,15.32683994033883],[103.39094655853398,15.328159893008369],[103.40184016075062,15.327602516873739],[103.3942507658395,15.322666293979108],[103.39320292413866,15.313150571013292],[103.40421239086189,15.309061507347288],[103.41513718939528,15.308553171083119],[103.42493386881209,15.311732581846277],[103.43233592619035,15.305115211397467],[103.43436488450591,15.315424648064154],[103.43779834861456,15.324030707026754],[103.44377798399033,15.329600123176935],[103.45170625338096,15.333822954105337],[103.45093488042707,15.341242887737327],[103.46097676070258,15.333359210611093],[103.46791955981352,15.336765962465016],[103.47618673307913,15.329417320184726],[103.47648551503018,15.318274045142132],[103.48780718695379,15.314934170534967],[103.49277463105982,15.310162917742034],[103.5014475808847,15.307826379149509],[103.50704369332581,15.30694346766386],[103.5023349276456,15.29771310514705],[103.50823875720059,15.290181723064528],[103.49743434714217,15.2904047008164],[103.48593883151612,15.290315477381734],[103.47930364414964,15.281999272753389],[103.47053708790223,15.27747768637851],[103.46607354375342,15.26991060560627],[103.46403570606542,15.258798595664961],[103.45872493639871,15.251677405686415],[103.44893714650344,15.258348224918022],[103.44988251855816,15.253866812770864],[103.44495517698375,15.246825890698187],[103.4403534437245,15.236699285799425],[103.43805700415675,15.226528062949026],[103.43953742691728,15.215139495925614],[103.43483747201768,15.207041753630419],[103.43479734742732,15.20225266045046],[103.42387254924803,15.197829303784474],[103.42287375644385,15.186342579149958],[103.43335710339552,15.180822215277768],[103.42823807135342,15.170740187934374],[103.42845208777862,15.160644810314588],[103.43043636418042,15.150393316566088],[103.42983883820472,15.142652320247262],[103.4294197074905,15.133850042471302],[103.43323673104904,15.125685470260981],[103.43509612160085,15.115692599575443],[103.43570698819634,15.104803503923057],[103.44580685831211,15.10150373410374],[103.43814166479503,15.09693763553482],[103.43591211021344,15.085794373775567],[103.43783406474269,15.081928325441915],[103.44583807879722,15.083096563021227],[103.43943927242927,15.07331777821906],[103.43103839028562,15.06680747957805],[103.43725431825058,15.057621723096219],[103.44813456909024,15.049020126089536],[103.45027049441447,15.03921011016185],[103.44528069726496,15.029261894405643],[103.43423551629247,15.025592069554762],[103.42746657464272,15.022439455185024],[103.4220755743,15.013280410235192],[103.41876244844894,15.001526264969758],[103.42207998315813,14.993874418710202],[103.42900948451857,14.983685394547255],[103.42493386881209,14.978802717215235],[103.43154227075676,14.971155356077864],[103.42242334549407,14.967347269548572],[103.42504083013577,14.96191604665813],[103.42003772812294,14.952792761936955],[103.42533958160938,14.941265953755023],[103.42706976136127,14.929614321926302],[103.42241003070737,14.918832232039323],[103.41097243427046,14.913445628433234],[103.40344985519125,14.907862834891839],[103.40205422126027,14.8977362078756],[103.40423469657541,14.888256214446017],[103.39344808976364,14.890035358795648],[103.39103577215482,14.880269924838798],[103.38243858069808,14.869108764457263],[103.37873757490907,14.859338924329851],[103.36923970566363,14.855209735501408],[103.3597551477165,14.843540302531927],[103.34955720099408,14.835513961061018],[103.34755056308819,14.828990262635505],[103.3373392326571,14.827090671230033],[103.32563859108586,14.82649316535854],[103.32073806958925,14.815840329858371],[103.31403153778916,14.807568737384667],[103.30484129469397,14.80532135859634],[103.29273933636573,14.806271145899682],[103.29403696057653,14.796193576242684],[103.29145062225639,14.779788578711152],[103.2817164556203,14.773095456386171],[103.27083624772636,14.753533324440177],[103.27044829019631,14.697825832433873],[103.25535419323077,14.66496220027637],[103.24974023055627,14.655500000196243],[103.24253874881634,14.644949800761234],[103.23426271603223,14.635911155886673],[103.23715217297577,14.625659714470594],[103.23983653884162,14.613223307340231],[103.2344366080871,14.603555979615892],[103.22503683443811,14.597326616961707],[103.21704164454675,14.588323681599942],[103.21572175143564,14.578348649743122],[103.21900808490787,14.566126243416743],[103.22407367994478,14.554193660697317],[103.2258394101574,14.54075842295839],[103.21486562866774,14.53676305068469],[103.21643966662118,14.525539517377627],[103.22264225591324,14.515497654802315],[103.22100131953542,14.504416794534054],[103.22299898789178,14.493665840634147],[103.22960734135583,14.48393614302089],[103.23840519860386,14.473961118240604],[103.24034045268678,14.46032073425723],[103.24214189742291,14.449003479550575],[103.24847379504271,14.439875737565332],[103.24983832656777,14.428643284389418],[103.24453640880932,14.417843330429942],[103.23924792284248,14.406976496779448],[103.22573684287674,14.399685844228477],[103.23263509811295,14.393015000160531],[103.23758915884665,14.384738975701088],[103.23078008325056,14.37570480079051],[103.224885229555,14.36316585205768],[103.2247380268479,14.351928881122772],[103.22727078275668,14.339715409830632],[103.2738059899682,14.345677184376427],[103.41412056577882,14.368868972187665],[103.51502102371903,14.39710846021242],[103.66064196884582,14.416251412619033],[103.7790488816216,14.362858160883235],[103.91480621437809,14.333294264006556],[103.99478018052676,14.35035033932169],[104.06332553506755,14.343514544099682],[104.05325238526159,14.35250858380404],[104.04958251419983,14.365078753793021],[104.05252999138195,14.377029141568434],[104.05192356967358,14.391574733604775],[104.05292689116293,14.405478217215121],[104.05415312369658,14.419234544492666],[104.05400153841182,14.432107944898176],[104.05854978859276,14.447219855395385],[104.05967799227899,14.460240405735856],[104.05343072516388,14.471388164591152],[104.05165158884135,14.484685203913356],[104.04338885083999,14.48988900813727],[104.03653524831027,14.49647956828308],[104.03762766344752,14.507502478832787],[104.03691872650637,14.518458459529937],[104.03336922386455,14.529378812519935],[104.03885845669072,14.541792977510186],[104.04704978882572,14.55583468332997],[104.0498278248531,14.567539818590053],[104.0566323770584,14.576721044311194],[104.05655662735019,14.590053757264961],[104.05903583470737,14.603243857066847],[104.05464367287748,14.641498438926103],[104.05353331722264,14.656405173943279],[104.05007747694587,14.668913031818128],[104.04527950403735,14.679583630572253],[104.03737803361015,14.685897698545517],[104.02800944237275,14.689777122383548],[104.0173343407516,14.698494693767978],[104.01287077704008,14.708398305252409],[104.0065923949363,14.719581793146379],[104.00294483031112,14.731166544083525],[104.00470173543684,14.744695375992345],[104.00955322224378,14.760395905316168],[104.00650763885132,14.77368852118982],[104.00347992326756,14.78495221736802],[104.00185233312116,14.797446560252416],[103.9952395256304,14.805843102320978],[103.9816749187354,14.804888849495486],[103.97351922539946,14.809214158274932],[103.95776518076897,14.814850456132046],[103.94619827877557,14.81632195925614],[103.93506838975115,14.818787822464737],[103.92440222821158,14.826827577040556],[103.91484188210094,14.833346830393632],[103.90605745893293,14.83966090999081],[103.90976742308898,14.851941214770923],[103.916830615718,14.863017697554428],[103.92169105330446,14.87196258084868],[103.92165989780722,14.881282144453548],[103.92751468865579,14.892224814855547],[103.93587550437657,14.902444995258175],[103.9419800042409,14.914083305953252],[103.95196390257182,14.920807619816893],[103.96151531885656,14.934211681510165],[103.96635342901916,14.944093049798871],[103.97141447987907,14.95186527880187],[103.9714413080773,14.963302861170954],[103.9731981679561,14.97168599467427],[103.98406946709478,14.970624658812925],[103.98971464454294,14.980586314061874],[103.99978780613533,14.988340726962203],[104.00451442445083,14.998039262253004],[104.0038990897133,15.010983985107565],[104.00725680649757,15.019416186193629],[104.01477031606176,15.025186239164645],[104.01820384715937,15.036498986891349],[104.02332294709024,15.046567664672565],[104.01487739673718,15.056738882776273],[104.01167130064267,15.061175632910583],[104.01538127043479,15.070486224255696],[104.02243108793611,15.072492889044554],[104.01511370078572,15.080661953422307],[104.00325692333732,15.080144659643759],[103.99785694503517,15.083511255176477],[104.00016675506005,15.09025346396569],[103.99689378279479,15.10041576720241],[103.99521720923393,15.109605966473413],[104.00140199935473,15.117159639409392],[103.99695621633425,15.12265324465034],[103.98970578918252,15.127536022010268],[103.99887812039492,15.133319421366807],[104.00217336840899,15.143784996235604],[103.99484261311491,15.14955504386409],[103.98608939584526,15.15528055265008],[103.98037733557769,15.15816560174316],[103.97201647756619,15.166869701982371],[103.97288605408498,15.178227092055227],[103.97457156590237,15.18712739244795],[103.98183988462822,15.194021212754684],[103.98667356993812,15.199983032979164],[103.9796504499326,15.208575663366172],[103.9746339893811,15.22005341775074],[103.98475617403724,15.222019884233985],[103.99000448080203,15.229711825615079],[103.99195312069878,15.237729313155317],[103.99214935880006,15.246054407207605],[104.00259253091045,15.252118843759218],[103.99082945038612,15.257492032761688],[103.97796496477513,15.26622297218256],[103.97999383629224,15.28019328060478],[103.98428349260702,15.272109006693952],[103.99272009799732,15.262771607640168],[104.00132619110035,15.273941697251027],[103.99897172777425,15.284821905735267],[104.00267728460618,15.293066706666277],[104.01300903235011,15.289784852939073],[104.01702664466502,15.292794781722192],[104.01574688778847,15.303469855269109],[104.0161437714736,15.31430543454388],[104.02846429121404,15.313355677780036],[104.03214299666782,15.32331725929022],[104.02921339993222,15.331687031148068],[104.03939793980531,15.326755289037868],[104.04817347019556,15.332146289700667],[104.0546570507102,15.338736867062504],[104.06181384302326,15.34165759538401],[104.07118248539267,15.347672889589983],[104.0828072839313,15.347935981517987],[104.08789959481342,15.356747134301001],[104.08880037865289,15.363502745295156],[104.08336022839343,15.373990507814465],[104.0839845088522,15.3821461867],[104.07488792268981,15.38340813223949],[104.07198507521146,15.393021998414442],[104.06491290901815,15.400673762696613],[104.05543739696785,15.397641582044946],[104.05020682135667,15.401021546868352],[104.03875587540836,15.403621272887614],[104.02745202204926,15.403737204015865],[104.01854724035847,15.408129414833883],[104.01196109418417,15.403603411474752],[104.00513427865062,15.397302687969091],[103.99610898231644,15.392629519699401],[103.98515296911735,15.402533250484767],[103.9747454662735,15.408280999789095],[103.97804076025204,15.4192504144164],[103.96844472792492,15.421680563324747],[103.96384293821743,15.411964225912586],[103.95234741257481,15.41213811161812],[103.94634098231194,15.420927023789597],[103.94814249438228,15.430126104020324],[103.94154296683723,15.435668765484987],[103.92824599078173,15.433327799369152],[103.91524325525472,15.434999961385554],[103.90244113710195,15.441666264601343],[103.89904774183562,15.452506388564336],[103.89494542560323,15.465344069405267],[103.89304134207121,15.459105844103233],[103.88654445508509,15.457607553203252],[103.87982012196659,15.465785591586037],[103.87114712940061,15.459435808587418],[103.86614852201099,15.447962523026936],[103.86044534183415,15.457063606765468],[103.85241893398955,15.457594214995416],[103.84124890784666,15.457175047158742],[103.83175099516927,15.453937712371815],[103.81944837695076,15.447119799725902],[103.80574995650194,15.442946072281144],[103.7948697532736,15.44129619317571],[103.78505085707059,15.438085634280265],[103.77539686256023,15.435655378735495],[103.76394587726772,15.437488142512008],[103.75344917319924,15.440609511455945],[103.74434814473803,15.44167966351529],[103.7335437967264,15.439904916748024],[103.7242420824728,15.438326415359603],[103.71724576263574,15.441296157076602],[103.71094503159931,15.440605022805816],[103.69914177194451,15.441470054718804],[103.6919626279426,15.445113164165782],[103.68284820853165,15.44588458658617],[103.67356885144737,15.443418723105125],[103.66497620256003,15.449732765761992],[103.65572353673673,15.450294621384423],[103.64594472307199,15.455043620485966],[103.6308729610029,15.456417019222046],[103.62263704583948,15.461125824355774],[103.61609548805359,15.462378851053085],[103.60830545851813,15.466240434097676],[103.59560596957526,15.465473405279221],[103.58825736901606,15.462936228604619],[103.57736378011894,15.461107992892481],[103.56813783823699,15.458494897280028],[103.56105682984683,15.45122661447623],[103.55305275815263,15.443329540603779],[103.54863818564701,15.436988703010801],[103.54074113838385,15.428217601278547],[103.53098465558854,15.425337074938742],[103.52062169241377,15.42725894632386],[103.51374127538823,15.431887486065877],[103.5016393079741,15.436137004395096],[103.49003675661501,15.438486984556807],[103.48374047391144,15.4473783556574],[103.47053708790223,15.448725055275846],[103.45665140528375,15.450522073862501],[103.44157522978604,15.44993348964533],[103.4302357482277,15.444301619635695],[103.42021169901523,15.438344234691844],[103.40419008515225,15.43117848203147],[103.40354357392168,15.43105804637093]]]}},{"type":"Feature","properties":{"Province":"Yasothon","Suit_mean":0.7158,"Suit_max":0.8798,"Candidate_km2":0.0},"geometry":{"type":"Polygon","coordinates":[[[104.12743396522256,15.563752053499163],[104.13325308730612,15.552648900352045],[104.13666434393339,15.546299092695145],[104.140976267985,15.53871860575387],[104.14366068233123,15.529662147342577],[104.14343329279578,15.52151095457527],[104.1413865374558,15.512985125986255],[104.14608193810076,15.506046825522452],[104.15366245950737,15.50219859259462],[104.16106455498019,15.496508807082794],[104.16912210562934,15.488616205678012],[104.17694788147264,15.479943192843749],[104.18484494026242,15.47097152580447],[104.193464395281,15.459529465370027],[104.20243158259669,15.446544532682562],[104.20854947261311,15.435793639238417],[104.21331183622502,15.429921047024498],[104.21991572608167,15.42325021137892],[104.23488499002706,15.400245656225458],[104.24984525806614,15.377308061468732],[104.25840669705956,15.371948281572859],[104.26762372155048,15.368938323520924],[104.2777770335543,15.361906373535176],[104.28581230998454,15.354415069398538],[104.29319212760693,15.349505553135316],[104.30044709796807,15.343294087906349],[104.30952586273123,15.34133203274792],[104.31813193261956,15.342246144049902],[104.32710812658604,15.343022026295758],[104.33872402484779,15.343155816285813],[104.35175349933701,15.34174231973611],[104.3590842829598,15.339173857034227],[104.3642657976334,15.330603486061014],[104.36874268179268,15.325132134973394],[104.37336683195038,15.319825828904102],[104.37787045538272,15.325689506191571],[104.381522469945,15.328975930973774],[104.3876716421726,15.326982649857076],[104.38994576808828,15.318149170535465],[104.38885323484814,15.308548769824474],[104.38790350212258,15.298524727064088],[104.39292885237329,15.293432371546725],[104.40959250583035,15.288803863479892],[104.41734247478551,15.301075325224264],[104.41703924685704,15.310805075756154],[104.41949617486677,15.321462327355665],[104.420463786918,15.330179843885421],[104.42366990209784,15.339173870252617],[104.42371449118119,15.348096540791207],[104.42259976814016,15.3561674420363],[104.41847954066236,15.36542013728181],[104.41509057376709,15.375261357145355],[104.41054681942498,15.38525422486284],[104.4009463247448,15.385940931013021],[104.39078406619493,15.386025603059176],[104.38504963444578,15.39284356864305],[104.38755122788119,15.40097251697572],[104.3937627272672,15.407536301470165],[104.39071719753682,15.417043121776318],[104.390587811654,15.426139727994132],[104.38826909743355,15.43617270682011],[104.3855223152095,15.444622634855797],[104.38114348307121,15.451400520274834],[104.38233408055622,15.459631983384252],[104.38732824858032,15.466017423976082],[104.39176063624264,15.473941251957047],[104.39188540536715,15.483840425718002],[104.39042734490077,15.49525133936772],[104.38850992729306,15.502938792212086],[104.38826021728404,15.511656372350709],[104.38926794007877,15.52091787640036],[104.39108279985486,15.530482705083031],[104.39877477918515,15.532627468982533],[104.40850897439364,15.531499301498508],[104.4187783305574,15.531905110778833],[104.43626241209172,15.53972635728869],[104.4579559502602,15.539383013003443],[104.46702572235118,15.538366383736387],[104.47509670740065,15.537175771495972],[104.48415313063232,15.53725601803879],[104.48839381459864,15.542696154261183],[104.49315607516934,15.549037014603957],[104.49918476373176,15.554976480056524],[104.50796474364499,15.556305350532352],[104.51171933237919,15.565375100570048],[104.51031475000818,15.573218660626754],[104.50773731703501,15.584121214615994],[104.49778909710038,15.586390848440741],[104.49313377018512,15.587470012444053],[104.48769367533453,15.589476540537598],[104.48605277292874,15.583693078187844],[104.47851690362866,15.58516465059927],[104.47042805152563,15.585543672164935],[104.46312850617541,15.589088627798317],[104.46368593046967,15.593529884114176],[104.46844375726438,15.600932026916276],[104.46400249224968,15.607143513423214],[104.46835455216278,15.615709448603612],[104.46787298769887,15.62394990575123],[104.46211183859914,15.622652288399435],[104.45542766487682,15.617912232822299],[104.44725860746485,15.617372676074172],[104.44175161307685,15.618893298182323],[104.44617497724012,15.627334334102075],[104.44919384614724,15.635061988280134],[104.44333454982753,15.640493136169715],[104.44069032027892,15.646896422927822],[104.44785159588122,15.65051717248526],[104.44498439675773,15.657812282080556],[104.43955326102798,15.663809768949179],[104.4461883915353,15.668924357581904],[104.44444489869659,15.67638887560306],[104.44390975551828,15.68334068745941],[104.44135914616629,15.686537826418716],[104.44257208370712,15.694127207390691],[104.43530375714062,15.698350020883028],[104.42597078744674,15.694907521646366],[104.42305009747027,15.703335253530124],[104.42651927818878,15.710786401964155],[104.42952024701242,15.718723622620706],[104.43033629723948,15.725407839076695],[104.4319014350326,15.734254640021634],[104.42535994436668,15.738138509534714],[104.4230366852751,15.745897339413352],[104.43076435456038,15.749527071275553],[104.4347686470364,15.755966012866764],[104.43315888692044,15.764500764620456],[104.4291992288164,15.770689948080099],[104.43535723272564,15.777253784049117],[104.43562478860103,15.791215211733382],[104.44066802317364,15.798082229500103],[104.44098462461679,15.805488765364842],[104.4434281816131,15.810714838910222],[104.44773122126153,15.817162772584467],[104.45066981133887,15.825639458510407],[104.45349234476724,15.832898913004627],[104.46250871394477,15.83893648719123],[104.46128246406505,15.846347584361778],[104.45969942439592,15.855698280915783],[104.45247574324881,15.86124094087634],[104.45680107873352,15.869307455831375],[104.45577095051665,15.876254697758439],[104.45900830467444,15.884637873097851],[104.46179074971862,15.892913965929436],[104.45684114682344,15.897720867577462],[104.46587975390369,15.897894773985843],[104.4721760258823,15.903116364974174],[104.46853740490877,15.909894224976517],[104.47485147137105,15.91788048597631],[104.4816515898209,15.924332738260356],[104.48636485045185,15.930325769543213],[104.49089982295366,15.937005545037326],[104.49790951226775,15.939560621751909],[104.50127611085584,15.946771002382006],[104.50698820698001,15.951288020903181],[104.50505745956397,15.95935451550853],[104.50742963844422,15.965686477909308],[104.50721118880686,15.97712406672072],[104.51534905332099,15.980281094426491],[104.5248558022156,15.98445040811788],[104.52784791190217,15.992476777730838],[104.53241845409639,15.997832105059118],[104.52788355483675,16.009269712895048],[104.53969569889372,16.05563988935302],[104.54816353562158,16.06522695009282],[104.55466490217184,16.072303572482607],[104.55799143610498,16.0791706003163],[104.56014068033218,16.08652810147659],[104.56330668185542,16.094148671589387],[104.57132862516484,16.100007936066785],[104.58042963345666,16.09985633528276],[104.59094415992878,16.100997869840175],[104.60176639882017,16.10287965677408],[104.61243261817835,16.104904090000037],[104.62136862290049,16.108012088567797],[104.62845412082277,16.112190229006764],[104.63631549259449,16.114196822743846],[104.64615676589574,16.11532942167264],[104.6555476453623,16.11603395702788],[104.66390399052777,16.115240300673598],[104.67207306583539,16.113750897216942],[104.68167800936176,16.109661879061047],[104.69064965561708,16.10892617456265],[104.6996838489661,16.107080074836613],[104.7098371938382,16.10438237649806],[104.7199637966666,16.099298974702],[104.72714294607907,16.094746245212924],[104.73682368930535,16.09463031456777],[104.74840395934751,16.094835396121105],[104.76007785412469,16.093475385099584],[104.77369601458354,16.095771798779896],[104.78252502911789,16.09887984779246],[104.79150564232019,16.096231111706953],[104.79996453230648,16.09227591618668],[104.81020262778019,16.090898059641525],[104.81784109744495,16.094269112925254],[104.81705627061305,16.102621007174342],[104.81977633175065,16.11402288232676],[104.81953552820472,16.12233911112125],[104.82306711314028,16.133063248936153],[104.82626427421997,16.14296694129265],[104.82730777401889,16.152148224857214],[104.81941957929205,16.156562764074756],[104.80906556280748,16.15885476322736],[104.79929564002649,16.156295198877984],[104.79022144482128,16.159541458480465],[104.78473672365418,16.16959667557882],[104.77601023491538,16.175397997582454],[104.77013314051985,16.18139990752791],[104.76435864466234,16.194304606940854],[104.75672911492087,16.198839477305405],[104.74416330815968,16.198143858112047],[104.7324448640039,16.19994538029709],[104.72217548911982,16.202968583390387],[104.71509001515766,16.20646007723283],[104.7070859527364,16.207989595762136],[104.69857793773114,16.21329586281648],[104.69281679208144,16.222017848863427],[104.68474582094942,16.224934153614893],[104.67337069542498,16.228024302010688],[104.66583925889287,16.234093147244202],[104.66082716618466,16.21888315594176],[104.65443288966922,16.212551214709343],[104.64577328271753,16.20866731661489],[104.63593203417085,16.208319537956687],[104.61183061851327,16.2222096406535],[104.60903027090441,16.23160495722227],[104.60155688289457,16.23714312204447],[104.59213919233662,16.237566738484762],[104.58390771887966,16.24236924018842],[104.57989453681918,16.249597437813357],[104.57501180090665,16.257155618804738],[104.57016923250687,16.266952287494863],[104.56496994617899,16.274171536138],[104.56101914551147,16.28077097446256],[104.5572913269787,16.292752574162485],[104.55436619514872,16.301171423365062],[104.54863175761334,16.308493212250035],[104.54057866705888,16.307993826465488],[104.5325254750735,16.3102857950717],[104.52395506117634,16.312854266571236],[104.51488529023695,16.31464235268437],[104.51173266371016,16.32271330986813],[104.5076749280841,16.333254597646874],[104.50180230704436,16.33832910564776],[104.49346381320078,16.340576441501685],[104.48518318906633,16.340023559840034],[104.47448583941863,16.33850299152042],[104.46471593595238,16.335774028957506],[104.45369747826209,16.335756200751987],[104.44420406625984,16.33964002246702],[104.43613307503423,16.343243049949823],[104.42665748929481,16.34270787851457],[104.41477846872078,16.341655585089335],[104.40395174625522,16.343889544340417],[104.394957778592,16.345387860762028],[104.38578090055877,16.344415728712562],[104.37764757959513,16.342632119427176],[104.37045944009341,16.33921647490138],[104.3629236114491,16.333370562756922],[104.35455389320236,16.318387958713032],[104.34696890351387,16.308849933402776],[104.34485089061646,16.30093954546745],[104.34489989450728,16.29255643040254],[104.34231363013808,16.284833265140826],[104.33804181809258,16.276374328090455],[104.33284694286081,16.269913066968673],[104.32554739163415,16.265052636437904],[104.32226549131686,16.257458806335244],[104.31937598206528,16.248420231259033],[104.30948574611213,16.23936383270759],[104.2979411413102,16.23130617463721],[104.2873685353371,16.226410132804894],[104.26985320442175,16.221563038563744],[104.2598425845172,16.218941130768517],[104.25454511450724,16.21300603412969],[104.25274810549425,16.204047757046823],[104.25107594466466,16.195343574725662],[104.24712522253562,16.186478846008995],[104.23805091400843,16.17395320474682],[104.23324399568517,16.16723781556076],[104.2274472196736,16.15909550363892],[104.2197507470829,16.15274127688584],[104.21149254937495,16.15953252176979],[104.20494208443115,16.154877176337465],[104.20219975340908,16.146565437960025],[104.19194829543066,16.14398809245666],[104.17812952608158,16.143626856507773],[104.17144980733296,16.137299416288105],[104.16704421273563,16.12835891018492],[104.15874580077968,16.121768422050916],[104.15306934396311,16.112850204695906],[104.14504302352883,16.107713265595116],[104.13764983141155,16.107361025172384],[104.12820540817292,16.110304052815067],[104.11894385038136,16.109541496972366],[104.11654486320785,16.10277261106824],[104.11259414835794,16.094661535838586],[104.10614626711788,16.08603315828068],[104.10304274615892,16.07731115340485],[104.10218653807962,16.068326061828387],[104.1024986754391,16.059581717556817],[104.1060481565933,16.05255425687533],[104.10835355040885,16.04437620946507],[104.11435101246707,16.040412045580826],[104.11905092206665,16.034887220135847],[104.1173609184445,16.02701245887728],[104.11661621356433,16.018705153444984],[104.11394525308788,16.011075685330905],[104.10854525466083,16.004953343485255],[104.10744386721241,15.996886782369952],[104.10904911104626,15.98662643122423],[104.10574496271202,15.980677932654602],[104.09609095854472,15.97445756323028],[104.08614270632138,15.976169852515902],[104.07768378994352,15.979670184279392],[104.06854269019696,15.981409256539614],[104.05954863910954,15.982577518709885],[104.04965834872199,15.982715762922897],[104.04009803077217,15.981199669717402],[104.03254878517187,15.979598887516188],[104.0273583954951,15.976615703165274],[104.0231489858335,15.971848950744572],[104.02094171625751,15.964170356586],[104.01654951336307,15.956398144330738],[104.01984482612785,15.948407457369258],[104.02584673838248,15.953651397958568],[104.03066255628579,15.955216503829194],[104.0326469328416,15.94884000975763],[104.03687859810799,15.941607363354443],[104.03714612098187,15.935721318402978],[104.03684289890235,15.928261207831271],[104.03134931638922,15.921768779242543],[104.02854897209701,15.913140417282964],[104.02018813480304,15.909015743632661],[104.02116474455545,15.904315845920065],[104.01954607032536,15.896944950083466],[104.02033082604177,15.890019952102163],[104.01944793188567,15.884205352495284],[104.0249236842921,15.87811862295038],[104.0326469328416,15.873053141323176],[104.0273450202782,15.86930295425705],[104.03345399630867,15.867318661156709],[104.03604919187588,15.864032301824281],[104.02714439217897,15.863372358356244],[104.02225269907593,15.861374701021589],[104.02994470824794,15.858074998518232],[104.02948090810067,15.850048644404156],[104.02284136546695,15.844884946558494],[104.02140991666302,15.8359667440196],[104.01604563543357,15.840394603383064],[104.01511370078572,15.832903373903179],[104.0180433551939,15.827298298244328],[104.01161780581292,15.825198060953943],[104.01453401259663,15.815945405268993],[104.00901810589255,15.811370319296676],[104.00154909936832,15.809934512211212],[104.00501383241154,15.802487830211504],[104.01404351590608,15.792428111900621],[104.02404970713499,15.79465760924888],[104.0318665367633,15.79456403035149],[104.04034332476843,15.793730125871393],[104.04857035760705,15.798559342540544],[104.05677058715801,15.80561368063731],[104.06664303952738,15.810054906397575],[104.0751331890736,15.813020191276788],[104.08054209523856,15.819749012450341],[104.07174876351247,15.822005295264011],[104.07014350257049,15.829175521355763],[104.07509756871234,15.835400487462083],[104.08377050750231,15.832073925786327],[104.09234534921598,15.826357361523872],[104.10041183498339,15.819815886151428],[104.10744386721241,15.811227687206948],[104.11460069067299,15.80426250862749],[104.12274751543585,15.801546988146411],[104.13184409088548,15.797966317745352],[104.13896970570886,15.792120417667224],[104.14104319820862,15.78392906816832],[104.13922829223529,15.775728785845114],[104.13614709207553,15.768139401335182],[104.13035470961776,15.763582193298449],[104.13305691728733,15.756844466243548],[104.13932642581273,15.750860391741364],[104.14310324617796,15.745304298522388],[104.13532215240811,15.73833024191628],[104.13884932174149,15.73125367709913],[104.1413865374558,15.725278472422838],[104.13144723421988,15.721662176928582],[104.12994447213393,15.714050500401298],[104.1318261848873,15.704329621036774],[104.12390238277442,15.703076664794674],[104.12304622532417,15.695745881721292],[104.13074713107329,15.692704748011593],[104.13614709207553,15.699157035601303],[104.14064631574234,15.708293787851341],[104.14934598259437,15.71078198042843],[104.14632271843348,15.703874779862915],[104.15167814754797,15.695246485102077],[104.15645385945696,15.688352646203947],[104.16485028872921,15.683122183119234],[104.17584197173737,15.669334620747902],[104.17712620046811,15.661058507707507],[104.18715028615536,15.66412634167118],[104.18929959344153,15.656157982383474],[104.18323520186561,15.65271553997242],[104.17552098286855,15.655279516950413],[104.17551202711215,15.646463867891615],[104.1793423934757,15.638415207618241],[104.17514634898569,15.63116919108633],[104.18074698450611,15.627713358440717],[104.19040099628877,15.63020602879952],[104.19061950427391,15.62355305883014],[104.18514369225821,15.618318057589386],[104.18906326294079,15.609765487234249],[104.19185021418666,15.606867088138223],[104.19954660423728,15.610487854644377],[104.20764881435939,15.61255690442609],[104.21448455766867,15.610001852969644],[104.19623342971062,15.602403541337878],[104.18564755501292,15.601877294330077],[104.17440169502733,15.60095425564476],[104.16485028872921,15.597890869425616],[104.1569666638175,15.592196588844233],[104.1464476300412,15.586150042045714],[104.13678029370953,15.580723367847247],[104.12847292780769,15.576348970578747],[104.12743396522256,15.563752053499163]]]}}]}